event_id,service_area,movement_type,scheduled_date,schedule_month,weekday,form,count,is_new,person_name,person_name_key,time_text,transport,place,note,discharge_destination,discharge_reason,followup_exclusion_reason,source_kind,source_file,sheet_name,source_row,source_side,matched_user_id,matched_segment_start,matched_segment_end,match_delta_days,match_status
S_7a5e84b27932e84e,2F,floor_in,2025-04-01,2025-04,火,入所,1,,藤木 千尋,藤木千尋,10:30,,自宅,6,,,,excel_workbook,data/raw/source_excels/アルボース2階入退所予定表.xls,R7.4月,5,left,00103521,2025-04-01,2025-06-25,0,matched_exact
S_ae5cd8c3ad9354fd,2F,floor_out,2025-04-01,2025-04,火,ショート,,,鎌塚 保太朗,鎌塚保太朗,,,書類上,22,書類上,ショート終了,,excel_workbook,data/raw/source_excels/アルボース2階入退所予定表.xls,R7.4月,5,right,00028837,2025-04-01,2025-04-02,1,matched_boundary_only_name_mismatch
S_fabac61fd8e3b407,2F,floor_in,2025-04-02,2025-04,水,ショート,1,,髙橋 とく子,髙橋とく子,AM,迎,自宅,6,,,,excel_workbook,data/raw/source_excels/アルボース2階入退所予定表.xls,R7.4月,13,left,00108449,2025-04-02,2025-04-22,0,matched_exact
S_cc70eb5dfde8da29,2F,floor_out,2025-04-02,2025-04,水,ショート,1,,鈴木 よし子,鈴木よし子,AM,送,自宅,6,自宅,自宅退所,,excel_workbook,data/raw/source_excels/アルボース2階入退所予定表.xls,R7.4月,13,right,00028837,2025-04-01,2025-04-02,0,matched_exact
S_971178c40efd89e9,2F,floor_in,2025-04-02,2025-04,水,ショート,1,,掘田 益男,掘田益男,AM,迎,自宅,8,,,,excel_workbook,data/raw/source_excels/アルボース2階入退所予定表.xls,R7.4月,14,left,,,,,not_matched_name_unknown
S_3139cdc5502c0dd4,2F,floor_in,2025-04-02,2025-04,水,入所,,,鎌塚 保太朗,鎌塚保太朗,,,書類上,15,,,,excel_workbook,data/raw/source_excels/アルボース2階入退所予定表.xls,R7.4月,15,left,,,,,not_matched_name_unknown
S_26c9262e4790637c,2F,floor_in,2025-04-03,2025-04,木,ショート,1,,中野 るみ子,中野るみ子,AM,迎,自宅,13,,,,excel_workbook,data/raw/source_excels/アルボース2階入退所予定表.xls,R7.4月,21,left,00074049,2025-04-03,2025-04-10,0,matched_exact
S_a18bee1a242774c2,2F,floor_out,2025-04-03,2025-04,木,ショート,1,,野村 澤子,野村澤子,AM,送,自宅,1,自宅,自宅退所,,excel_workbook,data/raw/source_excels/アルボース2階入退所予定表.xls,R7.4月,21,right,00115453,2025-04-01,2025-04-03,0,matched_exact
S_cb5563803557589a,2F,floor_in,2025-04-04,2025-04,金,入所,1,,岩澤 秀子,岩澤秀子,10:30,,自宅,1※窓際希望,,,,excel_workbook,data/raw/source_excels/アルボース2階入退所予定表.xls,R7.4月,29,left,00147744,2025-04-04,2025-06-12,0,matched_exact
S_5916b425b4bfa3b6,2F,floor_in,2025-04-04,2025-04,金,ショート,1,,原 貴美子,原貴美子,AM,迎,自宅,17,,,,excel_workbook,data/raw/source_excels/アルボース2階入退所予定表.xls,R7.4月,30,left,00114754,2025-04-04,2025-04-15,0,matched_exact
S_dd756ea6ebc17c15,2F,floor_in,2025-04-04,2025-04,金,ショート,1,,松島 宏尚,松島宏尚,AM,迎,自宅,22,,,,excel_workbook,data/raw/source_excels/アルボース2階入退所予定表.xls,R7.4月,31,left,00145463,2025-04-04,2025-04-09,0,matched_exact
S_262c8d6b7ed6dd5e,2F,floor_out,2025-04-04,2025-04,金,ショート,1,,根岸 一郎,根岸一郎,AM,送,自宅,22,自宅,自宅退所,,excel_workbook,data/raw/source_excels/アルボース2階入退所予定表.xls,R7.4月,31,right,00150658,2025-04-01,2025-04-04,0,matched_exact
S_12b4cdf3794351d9,2F,floor_in,2025-04-09,2025-04,水,ショート,1,,小屋 知紀,小屋知紀,AM,迎,自宅,8,,,,excel_workbook,data/raw/source_excels/アルボース2階入退所予定表.xls,R7.4月,69,left,00154078,2025-04-09,2025-04-11,0,matched_exact
S_f10e8c8d488168f1,2F,floor_out,2025-04-09,2025-04,水,ショート,1,,長谷川 浩子,長谷川浩子,10:00,,自宅,3,自宅,自宅退所,,excel_workbook,data/raw/source_excels/アルボース2階入退所予定表.xls,R7.4月,69,right,00121152,2025-04-01,2025-04-09,0,matched_exact
S_a4a30e9fb313e707,2F,floor_in,2025-04-09,2025-04,水,ショート,1,,細井 明,細井明,10:30,,自宅,22,,,,excel_workbook,data/raw/source_excels/アルボース2階入退所予定表.xls,R7.4月,70,left,00154374,2025-04-09,2025-04-11,0,matched_exact
S_5bd1c2e45d098a40,2F,floor_out,2025-04-09,2025-04,水,ショート,1,,堀田 益男,堀田益男,AM,送,自宅,8,自宅,自宅退所,,excel_workbook,data/raw/source_excels/アルボース2階入退所予定表.xls,R7.4月,70,right,00092183,2025-04-02,2025-04-09,0,matched_exact
S_788e6e624dedb545,2F,floor_out,2025-04-09,2025-04,水,ショート,1,,松島 宏尚,松島宏尚,AM,送,自宅,22,自宅,自宅退所,,excel_workbook,data/raw/source_excels/アルボース2階入退所予定表.xls,R7.4月,71,right,00145463,2025-04-04,2025-04-09,0,matched_exact
S_ebb1a323e37da552,2F,floor_in,2025-04-10,2025-04,木,入所,1,新,関川 浩,関川浩,10:30,,併設病院,13,,,,excel_workbook,data/raw/source_excels/アルボース2階入退所予定表.xls,R7.4月,77,left,,,,,not_matched_name_unknown
S_3cdea78765fc5f62,2F,floor_out,2025-04-10,2025-04,木,ショート,1,,中野 るみ子,中野るみ子,AM,送,自宅,13,自宅,自宅退所,,excel_workbook,data/raw/source_excels/アルボース2階入退所予定表.xls,R7.4月,77,right,00074049,2025-04-03,2025-04-10,0,matched_exact
S_4ce0c8e40bf17090,2F,floor_out,2025-04-10,2025-04,木,ショート,1,,荻原 久子,荻原久子,AM,送,自宅,6,自宅,自宅退所,,excel_workbook,data/raw/source_excels/アルボース2階入退所予定表.xls,R7.4月,78,right,00148879,2025-04-01,2025-04-10,0,matched_exact
S_1a266a2b84c2be9a,2F,floor_in,2025-04-11,2025-04,金,入所,1,新,石原 フサノ,石原フサノ,10:30,,鶴谷病院,6,,,,excel_workbook,data/raw/source_excels/アルボース2階入退所予定表.xls,R7.4月,85,left,00023273,2025-04-11,2025-07-09,0,matched_exact
S_cceda0d958699975,2F,floor_out,2025-04-11,2025-04,金,ショート,1,,小屋 知紀,小屋知紀,AM,送,自宅,8,自宅,自宅退所,,excel_workbook,data/raw/source_excels/アルボース2階入退所予定表.xls,R7.4月,85,right,00154078,2025-04-09,2025-04-11,0,matched_exact
S_4670353591e43ccd,2F,floor_in,2025-04-11,2025-04,金,入所,1,,根岸 一郎,根岸一郎,10:30,,自宅,22,,,,excel_workbook,data/raw/source_excels/アルボース2階入退所予定表.xls,R7.4月,86,left,00150658,2025-04-11,2025-09-19,0,matched_exact
S_639ebd383b81c739,2F,floor_out,2025-04-11,2025-04,金,ショート,1,,細井 明,細井明,AM,送,自宅,22,自宅,自宅退所,,excel_workbook,data/raw/source_excels/アルボース2階入退所予定表.xls,R7.4月,86,right,00154374,2025-04-09,2025-04-11,0,matched_exact
S_49eab9e4daeedbf1,2F,floor_in,2025-04-12,2025-04,土,ショート,1,,磯田 カヅ子,磯田カヅ子,10:30,,自宅,7,,,,excel_workbook,data/raw/source_excels/アルボース2階入退所予定表.xls,R7.4月,93,left,00141394,2025-04-12,2025-04-14,0,matched_exact
S_bbb4be6b178d7c77,2F,floor_out,2025-04-12,2025-04,土,入所,1,,杉浦 好江,杉浦好江,10:00,,自宅,7,自宅,自宅退所,,excel_workbook,data/raw/source_excels/アルボース2階入退所予定表.xls,R7.4月,93,right,00155370,2025-04-01,2025-04-12,0,matched_exact
S_deb085c1504c465f,2F,floor_in,2025-04-12,2025-04,土,ショート,1,,亀山 信子,亀山信子,AM,迎,自宅,3,,,,excel_workbook,data/raw/source_excels/アルボース2階入退所予定表.xls,R7.4月,94,left,00107616,2025-04-12,2025-04-21,0,matched_exact
S_7b3d041cce3715ca,2F,floor_out,2025-04-12,2025-04,土,入所,1,,大塚 勝子,大塚勝子,10:00,,自宅,20,自宅,自宅退所,,excel_workbook,data/raw/source_excels/アルボース2階入退所予定表.xls,R7.4月,94,right,00144692,2025-04-01,2025-04-12,0,matched_exact
S_6d6d118c04a890e8,2F,floor_in,2025-04-12,2025-04,土,ショート,1,,中村 一雄,中村一雄,AM,迎,自宅,22,,,,excel_workbook,data/raw/source_excels/アルボース2階入退所予定表.xls,R7.4月,95,left,00060337,2025-04-12,2025-04-23,0,matched_exact
S_80dc8e9520f7badf,2F,floor_out,2025-04-12,2025-04,土,ショート,1,,中澤 正雄,中澤正雄,AM,送,自宅,22,自宅,自宅退所,,excel_workbook,data/raw/source_excels/アルボース2階入退所予定表.xls,R7.4月,95,right,00069873,2025-04-01,2025-04-12,0,matched_exact
S_bacad72f77ef5284,2F,floor_in,2025-04-12,2025-04,土,ショート,1,,井口 喜恵夫,井口喜恵夫,14:00,,自宅,8,,,,excel_workbook,data/raw/source_excels/アルボース2階入退所予定表.xls,R7.4月,96,left,00121839,2025-04-12,2025-04-17,0,matched_exact
S_6cd5a03d229d5898,2F,floor_out,2025-04-12,2025-04,土,入所,1,,清水 志げ,清水志げ,14:00,,自宅,1,自宅,自宅退所,,excel_workbook,data/raw/source_excels/アルボース2階入退所予定表.xls,R7.4月,96,right,00059692,2025-04-01,2025-04-12,0,matched_exact
S_d5cc5bf62bd4a3f9,2F,floor_out,2025-04-13,2025-04,日,入所,1,,細井 君子,細井君子,10:00,,自宅,5,自宅,自宅退所,,excel_workbook,data/raw/source_excels/アルボース2階入退所予定表.xls,R7.4月,101,right,00002999,2025-04-01,2025-04-13,0,matched_exact
S_ec30f1f482d1efcc,2F,floor_in,2025-04-14,2025-04,月,ショート,1,,坂倉 康子,坂倉康子,AM,迎,自宅,5,,,,excel_workbook,data/raw/source_excels/アルボース2階入退所予定表.xls,R7.4月,109,left,00149052,2025-04-14,2025-04-16,0,matched_exact
S_ef17dc94ea5322ad,2F,floor_out,2025-04-14,2025-04,月,ショート,1,,磯田 カヅ子,磯田カヅ子,10:00,,自宅,7,自宅,自宅退所,,excel_workbook,data/raw/source_excels/アルボース2階入退所予定表.xls,R7.4月,109,right,00141394,2025-04-12,2025-04-14,0,matched_exact
S_d1dd4f204ce64f8d,2F,floor_in,2025-04-14,2025-04,月,入所,1,,長谷川 浩子,長谷川浩子,10:30,,自宅,7,,,,excel_workbook,data/raw/source_excels/アルボース2階入退所予定表.xls,R7.4月,110,left,00121152,2025-04-14,2025-07-10,0,matched_exact
S_e072ad9c597a74af,2F,floor_in,2025-04-15,2025-04,火,入所,1,,荻原 久子,荻原久子,10:30,,自宅,1,,,,excel_workbook,data/raw/source_excels/アルボース2階入退所予定表.xls,R7.4月,117,left,00148879,2025-04-15,2025-09-11,0,matched_exact
S_539930a930d46f37,2F,floor_out,2025-04-15,2025-04,火,ショート,1,,原 貴美子,原貴美子,AM,送,自宅,17,自宅,自宅退所,,excel_workbook,data/raw/source_excels/アルボース2階入退所予定表.xls,R7.4月,117,right,00114754,2025-04-04,2025-04-15,0,matched_exact
S_bb60eda4d4d17696,2F,floor_in,2025-04-15,2025-04,火,ショート,1,,大塚 勝子,大塚勝子,AM,迎,自宅,20,,,,excel_workbook,data/raw/source_excels/アルボース2階入退所予定表.xls,R7.4月,118,left,00144692,2025-04-15,2025-05-10,0,matched_exact
S_83ed5ef2280b6416,2F,floor_in,2025-04-16,2025-04,水,ショート,1,,新井 幸子,新井幸子,10:30,,自宅,12,,,,excel_workbook,data/raw/source_excels/アルボース2階入退所予定表.xls,R7.4月,125,left,00092936,2025-04-16,2025-04-19,0,matched_exact
S_e1977375180a7f8a,2F,floor_out,2025-04-16,2025-04,水,ショート,1,,坂倉 康子,坂倉康子,AM,送,自宅,5,自宅,自宅退所,,excel_workbook,data/raw/source_excels/アルボース2階入退所予定表.xls,R7.4月,125,right,00149052,2025-04-14,2025-04-16,0,matched_exact
S_754f82d19b8f715e,2F,floor_in,2025-04-16,2025-04,水,ショート,1,,小林 眞代,小林眞代,AM,迎,自宅,20,,,,excel_workbook,data/raw/source_excels/アルボース2階入退所予定表.xls,R7.4月,126,left,00052434,2025-04-16,2025-04-18,0,matched_exact
S_6f5bce1cc5a0c430,2F,floor_out,2025-04-16,2025-04,水,入所,1,,安藤 節子,安藤節子,10:00,,自宅,20,自宅,自宅退所,,excel_workbook,data/raw/source_excels/アルボース2階入退所予定表.xls,R7.4月,126,right,00103789,2025-04-01,2025-04-16,0,matched_exact
S_b368e32ca8ef166d,2F,floor_in,2025-04-17,2025-04,木,ショート,1,,中野 るみ子,中野るみ子,AM,迎,自宅,5,,,,excel_workbook,data/raw/source_excels/アルボース2階入退所予定表.xls,R7.4月,133,left,00074049,2025-04-17,2025-04-24,0,matched_exact
S_58fd2b52aa0d49ec,2F,floor_out,2025-04-17,2025-04,木,ショート,1,,井口 喜恵夫,井口喜恵夫,10:00,,自宅,8,自宅,自宅退所,,excel_workbook,data/raw/source_excels/アルボース2階入退所予定表.xls,R7.4月,133,right,00121839,2025-04-12,2025-04-17,0,matched_exact
S_bf63ae10ffdea424,2F,floor_in,2025-04-17,2025-04,木,入所,1,,松島 宏尚,松島宏尚,10:30,,自宅,8,,,,excel_workbook,data/raw/source_excels/アルボース2階入退所予定表.xls,R7.4月,134,left,00145463,2025-04-17,2025-06-10,0,matched_exact
S_4a625ab942514dd3,2F,floor_in,2025-04-18,2025-04,金,ショート,1,,細井 君子,細井君子,AM,迎,自宅,3,,,,excel_workbook,data/raw/source_excels/アルボース2階入退所予定表.xls,R7.4月,141,left,00002999,2025-04-18,2025-05-13,0,matched_exact
S_5f23619eed383e35,2F,floor_out,2025-04-18,2025-04,金,入所,1,,竹内 健次,竹内健次,10:00,,ユニット,0,ユニット,施設内移動,,excel_workbook,data/raw/source_excels/アルボース2階入退所予定表.xls,R7.4月,141,right,00135831,2025-04-01,2025-04-17,-1,matched_within_tolerance
S_f38b24c19a9184ae,2F,floor_in,2025-04-18,2025-04,金,ショート,1,,大和 米秋,大和米秋,AM,迎,自宅,0,,,,excel_workbook,data/raw/source_excels/アルボース2階入退所予定表.xls,R7.4月,142,left,00050154,2025-04-18,2025-04-21,0,matched_exact
S_fae812e6a16e349a,2F,floor_out,2025-04-18,2025-04,金,ショート,1,,坂本 千鶴子,坂本千鶴子,10:00,,自宅,3,自宅,自宅退所,,excel_workbook,data/raw/source_excels/アルボース2階入退所予定表.xls,R7.4月,142,right,00151132,2025-04-01,2025-04-18,0,matched_exact
S_f7df0639174150bd,2F,floor_out,2025-04-18,2025-04,金,ショート,1,,神倉 テツ子,神倉テツ子,AM,送,自宅,20,自宅,自宅退所,,excel_workbook,data/raw/source_excels/アルボース2階入退所予定表.xls,R7.4月,146,right,00014287,2025-04-01,2025-04-18,0,matched_exact
S_e0f0263a8afbcdea,2F,floor_in,2025-04-18,2025-04,金,ショート,1,,鈴木 よし子,鈴木よし子,AM,迎,自宅,20,,,,excel_workbook,data/raw/source_excels/アルボース2階入退所予定表.xls,R7.4月,147,left,00028837,2025-04-18,2025-04-22,0,matched_exact
S_b43c292a1084364c,2F,floor_out,2025-04-18,2025-04,金,ショート,1,,小林 眞代,小林眞代,AM,送,自宅,20,自宅,自宅退所,,excel_workbook,data/raw/source_excels/アルボース2階入退所予定表.xls,R7.4月,147,right,00052434,2025-04-16,2025-04-18,0,matched_exact
S_a01868b87c156a80,2F,floor_in,2025-04-19,2025-04,土,入所,1,,中澤 正雄,中澤正雄,10:30,,自宅,8,,,,excel_workbook,data/raw/source_excels/アルボース2階入退所予定表.xls,R7.4月,149,left,00069873,2025-04-19,2025-11-24,0,matched_exact
S_2cbae3a28dd628a4,2F,floor_out,2025-04-19,2025-04,土,入所,1,,逸見 弘久,逸見弘久,10:00,,自宅,8,自宅,自宅退所,,excel_workbook,data/raw/source_excels/アルボース2階入退所予定表.xls,R7.4月,149,right,00093421,2025-04-01,2025-04-19,0,matched_exact
S_bc4c389a9e8d0be0,2F,floor_in,2025-04-19,2025-04,土,ショート,1,,原 貴美子,原貴美子,AM,迎,自宅,12,,,,excel_workbook,data/raw/source_excels/アルボース2階入退所予定表.xls,R7.4月,150,left,00114754,2025-04-19,2025-04-24,0,matched_exact
S_72e9ac562528eee1,2F,floor_out,2025-04-19,2025-04,土,ショート,1,,新井 幸子,新井幸子,10:00,,自宅,12,自宅,自宅退所,,excel_workbook,data/raw/source_excels/アルボース2階入退所予定表.xls,R7.4月,150,right,00092936,2025-04-16,2025-04-19,0,matched_exact
S_3b56a143d72a766f,2F,floor_in,2025-04-19,2025-04,土,ショート,1,,杉浦 好枝,杉浦好枝,10:30,,自宅,20,,,,excel_workbook,data/raw/source_excels/アルボース2階入退所予定表.xls,R7.4月,151,left,,,,,not_matched_name_unknown
S_26c683165f2e21d2,2F,floor_out,2025-04-21,2025-04,月,ショート,1,,大和 米秋,大和米秋,AM,送,自宅,0,自宅,自宅退所,,excel_workbook,data/raw/source_excels/アルボース2階入退所予定表.xls,R7.4月,165,right,00050154,2025-04-18,2025-04-21,0,matched_exact
S_614cb4f1d0dfbe03,2F,floor_out,2025-04-21,2025-04,月,ショート,1,,亀山 信子,亀山信子,AM,送,自宅,3,自宅,自宅退所,,excel_workbook,data/raw/source_excels/アルボース2階入退所予定表.xls,R7.4月,166,right,00107616,2025-04-12,2025-04-21,0,matched_exact
S_264371c71910a09e,2F,floor_in,2025-04-22,2025-04,火,入所,1,,坂本 千鶴子,坂本千鶴子,10:30,,自宅,3,,,,excel_workbook,data/raw/source_excels/アルボース2階入退所予定表.xls,R7.4月,173,left,00151132,2025-04-22,2025-07-22,0,matched_exact
S_bd2f3d7b6f778c28,2F,floor_out,2025-04-22,2025-04,火,ショート,1,,髙橋 とく子,髙橋とく子,AM,送,自宅,6,自宅,自宅退所,,excel_workbook,data/raw/source_excels/アルボース2階入退所予定表.xls,R7.4月,173,right,00108449,2025-04-02,2025-04-22,0,matched_exact
S_437ed026c01d3711,2F,floor_in,2025-04-22,2025-04,火,ショート,1,,野村 澤子,野村澤子,AM,迎,自宅,6,,,,excel_workbook,data/raw/source_excels/アルボース2階入退所予定表.xls,R7.4月,174,left,00115453,2025-04-22,2025-04-30,0,matched_exact
S_bf0c04b9930ffe0a,2F,floor_out,2025-04-22,2025-04,火,入所,1,,下田 賢,下田賢,10:00,,サ高住「パルクフローラ」,8,サ高住「パルクフローラ」,施設退所,施設退所,excel_workbook,data/raw/source_excels/アルボース2階入退所予定表.xls,R7.4月,174,right,00145768,2025-04-01,2025-04-22,0,matched_exact
S_8160c8f912aab88e,2F,floor_out,2025-04-22,2025-04,火,ショート,1,,鈴木 よし子,鈴木よし子,AM,送,自宅,20,自宅,自宅退所,,excel_workbook,data/raw/source_excels/アルボース2階入退所予定表.xls,R7.4月,175,right,00028837,2025-04-18,2025-04-22,0,matched_exact
S_04bed6b5a1080f55,2F,floor_in,2025-04-23,2025-04,水,ショート,1,,児島 菊江,児島菊江,AM,迎,自宅,20,,,,excel_workbook,data/raw/source_excels/アルボース2階入退所予定表.xls,R7.4月,181,left,00060950,2025-04-23,2025-04-26,0,matched_exact
S_a5e2899b6ffa58fa,2F,floor_out,2025-04-23,2025-04,水,ショート,1,,中村 一雄,中村一雄,AM,送,自宅,22,自宅,自宅退所,,excel_workbook,data/raw/source_excels/アルボース2階入退所予定表.xls,R7.4月,181,right,00060337,2025-04-12,2025-04-23,0,matched_exact
S_ded419a6230dcd57,2F,floor_in,2025-04-24,2025-04,木,入所,1,,神倉 テツ子,神倉テツ子,10:30,,自宅,5,,,,excel_workbook,data/raw/source_excels/アルボース2階入退所予定表.xls,R7.4月,189,left,00014287,2025-04-24,2025-07-09,0,matched_exact
S_b206b4daf0b4bd1b,2F,floor_out,2025-04-24,2025-04,木,ショート,1,,中野 るみ子,中野るみ子,AM,送,自宅,5,自宅,自宅退所,,excel_workbook,data/raw/source_excels/アルボース2階入退所予定表.xls,R7.4月,189,right,00074049,2025-04-17,2025-04-24,0,matched_exact
S_0b14099bf1e40007,2F,floor_in,2025-04-24,2025-04,木,ショート,1,,逸見 弘久,逸見弘久,10:30,,自宅,8,,,,excel_workbook,data/raw/source_excels/アルボース2階入退所予定表.xls,R7.4月,190,left,00093421,2025-04-24,2025-09-18,0,matched_exact
S_085af687a2a04648,2F,floor_out,2025-04-24,2025-04,木,ショート,1,,原 貴美子,原貴美子,AM,送,自宅,12,自宅,自宅退所,,excel_workbook,data/raw/source_excels/アルボース2階入退所予定表.xls,R7.4月,190,right,00114754,2025-04-19,2025-04-24,0,matched_exact
S_79b153ec7178b133,2F,floor_in,2025-04-26,2025-04,土,ショート,1,,磯田 カヅ子,磯田カヅ子,10:30,,自宅,20,,,,excel_workbook,data/raw/source_excels/アルボース2階入退所予定表.xls,R7.4月,205,left,00141394,2025-04-26,2025-04-28,0,matched_exact
S_82f6fe24a3d303a5,2F,floor_out,2025-04-26,2025-04,土,ショート,1,,児島 菊江,児島菊江,AM,送,自宅,20,自宅,自宅退所,,excel_workbook,data/raw/source_excels/アルボース2階入退所予定表.xls,R7.4月,205,right,00060950,2025-04-23,2025-04-26,0,matched_exact
S_16747f01ebfa4ed5,2F,floor_in,2025-04-26,2025-04,土,ショート,1,,佐藤 光男,佐藤光男,AM,迎,自宅,12,,,,excel_workbook,data/raw/source_excels/アルボース2階入退所予定表.xls,R7.4月,206,left,00146136,2025-04-26,2025-04-28,0,matched_exact
S_5f70cc93ab4381e9,2F,floor_in,2025-04-28,2025-04,月,入所,1,,岡田 スミエ,岡田スミエ,10:30,,自宅,20,,,,excel_workbook,data/raw/source_excels/アルボース2階入退所予定表.xls,R7.4月,221,left,00054209,2025-04-28,2025-06-23,0,matched_exact
S_ed8abf462bd58768,2F,floor_out,2025-04-28,2025-04,月,ショート,1,,磯田 カヅ子,磯田カヅ子,10:00,,自宅,20,自宅,自宅退所,,excel_workbook,data/raw/source_excels/アルボース2階入退所予定表.xls,R7.4月,221,right,00141394,2025-04-26,2025-04-28,0,matched_exact
S_4dcb7899e1088944,2F,floor_out,2025-04-28,2025-04,月,ショート,1,,佐藤 光男,佐藤光男,AM,送,自宅,12,自宅,自宅退所,,excel_workbook,data/raw/source_excels/アルボース2階入退所予定表.xls,R7.4月,222,right,00146136,2025-04-26,2025-04-28,0,matched_exact
S_d256756acdffcecc,2F,floor_out,2025-04-29,2025-04,火,入所,1,,鎌塚 保太郎,鎌塚保太郎,08:11,,死去,15,死亡,死亡退所,死亡退所,excel_workbook,data/raw/source_excels/アルボース2階入退所予定表.xls,R7.4月,230,right,00162164,2025-04-01,2025-04-29,0,matched_exact
S_453e828f90c984b5,2F,floor_in,2025-04-30,2025-04,水,入所,1,,髙橋 とく子,髙橋とく子,10:30,,自宅,6,,,,excel_workbook,data/raw/source_excels/アルボース2階入退所予定表.xls,R7.4月,237,left,00108449,2025-04-30,2026-05-31,0,matched_exact
S_e0581130e5a3d9d5,2F,floor_out,2025-04-30,2025-04,水,ショート,1,,野村 澤子,野村澤子,AM,送,自宅,6,自宅,自宅退所,,excel_workbook,data/raw/source_excels/アルボース2階入退所予定表.xls,R7.4月,237,right,00115453,2025-04-22,2025-04-30,0,matched_exact
S_e222f7870119682d,2F,floor_in,2025-04-30,2025-04,水,ショート,1,,新井 幸子,新井幸子,AM,迎,自宅,12緊急ショート,,,,excel_workbook,data/raw/source_excels/アルボース2階入退所予定表.xls,R7.4月,238,left,00092936,2025-04-30,2025-05-31,0,matched_exact
S_dceb9107341ff632,2F,floor_in,2025-05-01,2025-05,木,ショート,1,,中野 るみ子,中野るみ子,AM,迎,自宅,15,,,,excel_workbook,data/raw/source_excels/アルボース2階入退所予定表.xls,R7.5月,5,left,00074049,2025-05-01,2025-05-08,0,matched_exact
S_06f3f98422245b25,2F,floor_in,2025-05-02,2025-05,金,ショート,1,,大和 米秋,大和米秋,AM,迎,自宅,0,,,,excel_workbook,data/raw/source_excels/アルボース2階入退所予定表.xls,R7.5月,13,left,00050154,2025-05-02,2025-05-07,0,matched_exact
S_8e6aa8a303b5cfa3,2F,floor_in,2025-05-02,2025-05,金,ショート,1,,阿久津 ショウ,阿久津ショウ,10:30,,自宅,8,,,,excel_workbook,data/raw/source_excels/アルボース2階入退所予定表.xls,R7.5月,14,left,00055539,2025-05-02,2025-05-07,0,matched_exact
S_09d31a23f6ae7b93,2F,floor_out,2025-05-06,2025-05,火,入所,1,,吉岡 加津代,吉岡加津代,10:00,,自宅,17,自宅,自宅退所,,excel_workbook,data/raw/source_excels/アルボース2階入退所予定表.xls,R7.5月,45,right,00155078,2025-04-01,2025-05-06,0,matched_exact
S_a13dc70f3e947e80,2F,floor_in,2025-05-07,2025-05,水,ショート,1,,堀田 益男,堀田益男,AM,迎,自宅,0,,,,excel_workbook,data/raw/source_excels/アルボース2階入退所予定表.xls,R7.5月,53,left,00092183,2025-05-07,2025-05-13,0,matched_exact
S_ddf8e606ffcbb136,2F,floor_out,2025-05-07,2025-05,水,ショート,1,,大和 米秋,大和米秋,AM,送,自宅,0,自宅,自宅退所,,excel_workbook,data/raw/source_excels/アルボース2階入退所予定表.xls,R7.5月,53,right,00050154,2025-05-02,2025-05-07,0,matched_exact
S_712e94dd07bd3728,2F,floor_out,2025-05-07,2025-05,水,ショート,1,,阿久津 ショウ,阿久津ショウ,10:00,,自宅,8,自宅,自宅退所,,excel_workbook,data/raw/source_excels/アルボース2階入退所予定表.xls,R7.5月,54,right,00055539,2025-05-02,2025-05-07,0,matched_exact
S_424092c6cb468f2f,2F,floor_in,2025-05-08,2025-05,木,ショート,1,,原 貴美子,原貴美子,AM,迎,自宅,15,,,,excel_workbook,data/raw/source_excels/アルボース2階入退所予定表.xls,R7.5月,61,left,00114754,2025-05-08,2025-05-13,0,matched_exact
S_5869ab1754558cc3,2F,floor_out,2025-05-08,2025-05,木,ショート,1,,中野 るみ子,中野るみ子,AM,送,自宅,15,自宅,自宅退所,,excel_workbook,data/raw/source_excels/アルボース2階入退所予定表.xls,R7.5月,61,right,00074049,2025-05-01,2025-05-08,0,matched_exact
S_ca28f9243037b848,2F,floor_in,2025-05-08,2025-05,木,入所,1,新,私市 堯,私市堯,10:30,,石井Hsp,8,,,,excel_workbook,data/raw/source_excels/アルボース2階入退所予定表.xls,R7.5月,62,left,00155895,2025-05-08,2025-07-22,0,matched_exact
S_a6efde2f7da8a65e,2F,floor_out,2025-05-08,2025-05,木,ショート,,,新井 幸子,新井幸子,,,書類上,,書類上,ショート終了,,excel_workbook,data/raw/source_excels/アルボース2階入退所予定表.xls,R7.5月,63,right,00092936,2025-04-16,2025-04-19,-19,not_matched_boundary_mismatch
S_84aa1ace5e7d8315,2F,floor_in,2025-05-09,2025-05,金,ショート,1,,吉岡 加津代,吉岡加津代,10:30,,自宅,17,,,,excel_workbook,data/raw/source_excels/アルボース2階入退所予定表.xls,R7.5月,69,left,00155078,2025-05-09,2025-06-03,0,matched_exact
S_0a104d4510d547fe,2F,floor_out,2025-05-09,2025-05,金,入所,1,,澤田 美愛,澤田美愛,10:00,,自宅,7,自宅,自宅退所,,excel_workbook,data/raw/source_excels/アルボース2階入退所予定表.xls,R7.5月,69,right,00155335,2025-04-01,2025-05-09,0,matched_exact
S_5a728a33a80730c7,2F,floor_in,2025-05-09,2025-05,金,入所,,,新井 幸子,新井幸子,,,書類上,,,,,excel_workbook,data/raw/source_excels/アルボース2階入退所予定表.xls,R7.5月,70,left,00092936,2025-04-30,2025-05-31,-9,not_matched_boundary_mismatch
S_5b42ab32c4e2b83a,2F,floor_out,2025-05-10,2025-05,土,入所,1,,河田 セツ子,河田セツ子,10:00,,自宅,7,自宅,自宅退所,,excel_workbook,data/raw/source_excels/アルボース2階入退所予定表.xls,R7.5月,77,right,00146793,2025-04-01,2025-05-10,0,matched_exact
S_4840584531ea04c8,2F,floor_out,2025-05-10,2025-05,土,ショート,1,,大塚 勝子,大塚勝子,AM,送,自宅,20,自宅,自宅退所,,excel_workbook,data/raw/source_excels/アルボース2階入退所予定表.xls,R7.5月,78,right,00144692,2025-04-15,2025-05-10,0,matched_exact
S_62fbe2bb5a795e28,2F,floor_out,2025-05-10,2025-05,土,入所,1,,井野 忠,井野忠,10:00,,自宅,21,自宅,自宅退所,,excel_workbook,data/raw/source_excels/アルボース2階入退所予定表.xls,R7.5月,79,right,00125158,2025-04-01,2025-05-10,0,matched_exact
S_06ffc2ff89da3a80,2F,floor_in,2025-05-11,2025-05,日,ショート,1,,磯田 カヅ子,磯田カヅ子,10:30,,自宅,20,,,,excel_workbook,data/raw/source_excels/アルボース2階入退所予定表.xls,R7.5月,85,left,00141394,2025-05-11,2025-05-14,0,matched_exact
S_426e766da2e6b67a,2F,floor_in,2025-05-12,2025-05,月,ショート,1,,坂倉 康子,坂倉康子,AM,迎,自宅,7,,,,excel_workbook,data/raw/source_excels/アルボース2階入退所予定表.xls,R7.5月,93,left,00149052,2025-05-12,2025-05-14,0,matched_exact
S_f53d1fab4cf106f8,2F,floor_in,2025-05-12,2025-05,月,ショート,1,,中村 一雄,中村一雄,AM,迎,自宅,21,,,,excel_workbook,data/raw/source_excels/アルボース2階入退所予定表.xls,R7.5月,94,left,00060337,2025-05-12,2025-05-23,0,matched_exact
S_39e0fcac0172c9e9,2F,floor_in,2025-05-13,2025-05,火,ショート,1,,野村 澤子,野村澤子,AM,迎,自宅,7,,,,excel_workbook,data/raw/source_excels/アルボース2階入退所予定表.xls,R7.5月,101,left,00115453,2025-05-13,2025-05-24,0,matched_exact
S_58976a90afae873a,2F,floor_out,2025-05-13,2025-05,火,ショート,1,,堀田 益男,堀田益男,AM,送,自宅,0,自宅,自宅退所,,excel_workbook,data/raw/source_excels/アルボース2階入退所予定表.xls,R7.5月,101,right,00092183,2025-05-07,2025-05-13,0,matched_exact
S_a194b99bb627f9f3,2F,floor_in,2025-05-13,2025-05,火,入所,1,,大塚 勝子,大塚勝子,10:30,,自宅,3,,,,excel_workbook,data/raw/source_excels/アルボース2階入退所予定表.xls,R7.5月,102,left,00144692,2025-05-13,2025-09-06,0,matched_exact
S_975537da6b385368,2F,floor_out,2025-05-13,2025-05,火,ショート,1,,細井 君子,細井君子,AM,送,自宅,3,自宅,自宅退所,,excel_workbook,data/raw/source_excels/アルボース2階入退所予定表.xls,R7.5月,102,right,00002999,2025-04-18,2025-05-13,0,matched_exact
S_eb2060cf14550116,2F,floor_out,2025-05-13,2025-05,火,ショート,1,,原 貴美子,原貴美子,AM,送,自宅,15,自宅,自宅退所,,excel_workbook,data/raw/source_excels/アルボース2階入退所予定表.xls,R7.5月,103,right,00114754,2025-05-08,2025-05-13,0,matched_exact
S_445b5cba5d2af82d,2F,floor_in,2025-05-14,2025-05,水,ショート,1,,井野 忠,井野忠,AM,迎,自宅,0,,,,excel_workbook,data/raw/source_excels/アルボース2階入退所予定表.xls,R7.5月,109,left,00125158,2025-05-14,2025-06-11,0,matched_exact
S_a89cf5f61aa2b542,2F,floor_out,2025-05-14,2025-05,水,ショート,1,,坂倉 康子,坂倉康子,15:30,,自宅,7,自宅,自宅退所,,excel_workbook,data/raw/source_excels/アルボース2階入退所予定表.xls,R7.5月,109,right,00149052,2025-05-12,2025-05-14,0,matched_exact
S_341420b09aa41268,2F,floor_in,2025-05-14,2025-05,水,ショート,1,新,深町 豊子,深町豊子,10:30,,自宅,20,,,,excel_workbook,data/raw/source_excels/アルボース2階入退所予定表.xls,R7.5月,110,left,00138290,2025-05-14,2025-05-16,0,matched_exact
S_ff55b83b6848e004,2F,floor_out,2025-05-14,2025-05,水,ショート,1,,磯田 カヅ子,磯田カヅ子,10:00,,自宅,20,自宅,自宅退所,,excel_workbook,data/raw/source_excels/アルボース2階入退所予定表.xls,R7.5月,110,right,00141394,2025-05-11,2025-05-14,0,matched_exact
S_c8dd29e8e81e4d05,2F,floor_in,2025-05-15,2025-05,木,ショート,1,,亀山 信子,亀山信子,AM,迎,自宅,7,,,,excel_workbook,data/raw/source_excels/アルボース2階入退所予定表.xls,R7.5月,117,left,00107616,2025-05-15,2025-05-20,0,matched_exact
S_e492103ce8aec5c4,2F,floor_out,2025-05-15,2025-05,木,入所,1,,富田 政喜,富田政喜,10:00,,自宅,8,自宅,自宅退所,,excel_workbook,data/raw/source_excels/アルボース2階入退所予定表.xls,R7.5月,117,right,00118090,2025-04-01,2025-05-15,0,matched_exact
S_69923f68fcc3fa6f,2F,floor_out,2025-05-16,2025-05,金,ショート,1,,深町 豊子,深町豊子,10:00,,自宅,20,自宅,自宅退所,,excel_workbook,data/raw/source_excels/アルボース2階入退所予定表.xls,R7.5月,125,right,00138290,2025-05-14,2025-05-16,0,matched_exact
S_ddd3f73bdb083c7f,2F,floor_out,2025-05-16,2025-05,金,入所,1,,小林 明子,小林明子,10:00,,自宅,23,自宅,自宅退所,,excel_workbook,data/raw/source_excels/アルボース2階入退所予定表.xls,R7.5月,126,right,00105798,2025-04-01,2025-05-16,0,matched_exact
S_37a2d0b726028d88,2F,floor_in,2025-05-17,2025-05,土,入所,1,,細井 君子,細井君子,10:30,,自宅,20,,,,excel_workbook,data/raw/source_excels/アルボース2階入退所予定表.xls,R7.5月,133,left,00002999,2025-05-17,2025-09-25,0,matched_exact
S_3327106cf56951be,2F,floor_out,2025-05-17,2025-05,土,ショート,1,,杉浦 好江,杉浦好江,10:00,,自宅,20,自宅,自宅退所,,excel_workbook,data/raw/source_excels/アルボース2階入退所予定表.xls,R7.5月,133,right,00155370,2025-04-19,2025-05-17,0,matched_exact
S_7df1eadfed57a4c9,2F,floor_in,2025-05-17,2025-05,土,ショート,1,,礒田 カヅ子,礒田カヅ子,10:30,,自宅,23,,,,excel_workbook,data/raw/source_excels/アルボース2階入退所予定表.xls,R7.5月,134,left,,,,,not_matched_name_unknown
S_5767a7b469d65c16,2F,floor_in,2025-05-17,2025-05,土,ショート,1,,河田 セツ子,河田セツ子,10:30,,自宅,20,,,,excel_workbook,data/raw/source_excels/アルボース2階入退所予定表.xls,R7.5月,135,left,00146793,2025-05-17,2025-05-24,0,matched_exact
S_aef4905feac5d080,2F,floor_in,2025-05-17,2025-05,土,ショート,1,,松村 君江,松村君江,15:00,,自宅,15,,,,excel_workbook,data/raw/source_excels/アルボース2階入退所予定表.xls,R7.5月,140,left,00055204,2025-05-17,2025-05-24,0,matched_exact
S_d272ae7b2c24c3de,2F,floor_in,2025-05-19,2025-05,月,ショート,1,,富田 政喜,富田政喜,10:30,,自宅,8,,,,excel_workbook,data/raw/source_excels/アルボース2階入退所予定表.xls,R7.5月,149,left,00118090,2025-05-19,2025-06-13,0,matched_exact
S_c4730d048889fadb,2F,floor_out,2025-05-19,2025-05,月,ショート,1,,礒田 カヅ子,礒田カヅ子,10:00,,自宅,23,自宅,自宅退所,,excel_workbook,data/raw/source_excels/アルボース2階入退所予定表.xls,R7.5月,149,right,,,,,not_matched_name_unknown
S_d2288d831992df89,2F,floor_in,2025-05-19,2025-05,月,ショート,1,,原 貴美子,原貴美子,AM,迎,自宅,23,,,,excel_workbook,data/raw/source_excels/アルボース2階入退所予定表.xls,R7.5月,150,left,00114754,2025-05-19,2025-05-23,0,matched_exact
S_a108ae2ec90d634a,2F,floor_in,2025-05-20,2025-05,火,ショート,1,,中野 るみ子,中野るみ子,AM,迎,自宅,7,,,,excel_workbook,data/raw/source_excels/アルボース2階入退所予定表.xls,R7.5月,157,left,00074049,2025-05-20,2025-05-27,0,matched_exact
S_c7e1f59d34d7f40b,2F,floor_out,2025-05-20,2025-05,火,ショート,1,,亀山 信子,亀山信子,AM,送,自宅,7,自宅,自宅退所,,excel_workbook,data/raw/source_excels/アルボース2階入退所予定表.xls,R7.5月,157,right,00107616,2025-05-15,2025-05-20,0,matched_exact
S_7312c70871496d61,2F,floor_out,2025-05-20,2025-05,火,ショート,,,逸見 弘久,逸見弘久,,,書類上,8,書類上,ショート終了,,excel_workbook,data/raw/source_excels/アルボース2階入退所予定表.xls,R7.5月,158,right,00093421,2025-04-01,2025-04-19,-31,not_matched_boundary_mismatch
S_9aa89e424c7a473a,2F,floor_in,2025-05-21,2025-05,水,入所,,,逸見 弘久,逸見弘久,,,書類上,8,,,,excel_workbook,data/raw/source_excels/アルボース2階入退所予定表.xls,R7.5月,165,left,00093421,2025-04-24,2025-09-18,-27,not_matched_boundary_mismatch
S_82fb9235ded8b094,2F,floor_in,2025-05-22,2025-05,木,ショート,1,,児島 菊江,児島菊江,AM,迎,自宅,20,,,,excel_workbook,data/raw/source_excels/アルボース2階入退所予定表.xls,R7.5月,173,left,00060950,2025-05-22,2025-05-26,0,matched_exact
S_bd5f70434af07682,2F,floor_out,2025-05-22,2025-05,木,入所,1,,下田 良子,下田良子,10:00,,自宅,20,自宅,自宅退所,,excel_workbook,data/raw/source_excels/アルボース2階入退所予定表.xls,R7.5月,173,right,00078507,2025-04-01,2025-05-22,0,matched_exact
S_627b803a7f4cbb54,2F,floor_out,2025-05-22,2025-05,木,入所,1,,井上 勇,井上勇,10:00,,自宅,21,自宅,自宅退所,,excel_workbook,data/raw/source_excels/アルボース2階入退所予定表.xls,R7.5月,174,right,00146240,2025-04-01,2025-05-22,0,matched_exact
S_1a429537d3cd9d31,2F,floor_in,2025-05-23,2025-05,金,ショート,1,,小林 眞代,小林眞代,AM,迎,自宅,23,,,,excel_workbook,data/raw/source_excels/アルボース2階入退所予定表.xls,R7.5月,181,left,00052434,2025-05-23,2025-05-28,0,matched_exact
S_327b846d7eb3ce5c,2F,floor_out,2025-05-23,2025-05,金,ショート,1,,原 貴美子,原貴美子,AM,送,自宅,23,自宅,自宅退所,,excel_workbook,data/raw/source_excels/アルボース2階入退所予定表.xls,R7.5月,181,right,00114754,2025-05-19,2025-05-23,0,matched_exact
S_89732ac31cf1612f,2F,floor_out,2025-05-23,2025-05,金,ショート,1,,中村 一雄,中村一雄,AM,送,自宅,21,自宅,自宅退所,,excel_workbook,data/raw/source_excels/アルボース2階入退所予定表.xls,R7.5月,182,right,00060337,2025-05-12,2025-05-23,0,matched_exact
S_534cf0fb34aafd7f,2F,floor_in,2025-05-24,2025-05,土,入所,1,,杉浦 好江,杉浦好江,10:30,,自宅,20,,,,excel_workbook,data/raw/source_excels/アルボース2階入退所予定表.xls,R7.5月,189,left,00155370,2025-05-24,2025-08-16,0,matched_exact
S_0b784f929efd9901,2F,floor_out,2025-05-24,2025-05,土,ショート,1,,野村 澤子,野村澤子,AM,送,自宅,7,自宅,自宅退所,,excel_workbook,data/raw/source_excels/アルボース2階入退所予定表.xls,R7.5月,189,right,00115453,2025-05-13,2025-05-24,0,matched_exact
S_8393600eaa1fb73f,2F,floor_in,2025-05-24,2025-05,土,ショート,1,,細井 明,細井明,10:30,,自宅,21,,,,excel_workbook,data/raw/source_excels/アルボース2階入退所予定表.xls,R7.5月,190,left,00154374,2025-05-24,2025-05-26,0,matched_exact
S_548130bfc86154e3,2F,floor_out,2025-05-24,2025-05,土,ショート,1,,河田 セツ子,河田セツ子,10:00,,自宅,20,自宅,自宅退所,,excel_workbook,data/raw/source_excels/アルボース2階入退所予定表.xls,R7.5月,190,right,00146793,2025-05-17,2025-05-24,0,matched_exact
S_e31c249926c1d303,2F,floor_in,2025-05-24,2025-05,土,ショート,1,,小屋 知紀,小屋知紀,AM,迎,自宅,21,,,,excel_workbook,data/raw/source_excels/アルボース2階入退所予定表.xls,R7.5月,191,left,00154078,2025-05-24,2025-05-27,0,matched_exact
S_58d8e43cb243aee8,2F,floor_out,2025-05-24,2025-05,土,ショート,1,,松村 君江,松村君江,AM,送,自宅,15,自宅,自宅退所,,excel_workbook,data/raw/source_excels/アルボース2階入退所予定表.xls,R7.5月,191,right,00055204,2025-05-17,2025-05-24,0,matched_exact
S_20ad6775197a6213,2F,floor_in,2025-05-26,2025-05,月,ショート,1,新,斉藤 敏彦,斉藤敏彦,10:30,,自宅,21,,,,excel_workbook,data/raw/source_excels/アルボース2階入退所予定表.xls,R7.5月,205,left,,,,,not_matched_name_unknown
S_5da697d995dfb63b,2F,floor_out,2025-05-26,2025-05,月,ショート,1,,児島 菊江,児島菊江,AM,送,自宅,20,自宅,自宅退所,,excel_workbook,data/raw/source_excels/アルボース2階入退所予定表.xls,R7.5月,205,right,00060950,2025-05-22,2025-05-26,0,matched_exact
S_b73fa49d07d5af17,2F,floor_in,2025-05-26,2025-05,月,入所,1,,竹内 健次,竹内健次,,,ユニット,15,,,,excel_workbook,data/raw/source_excels/アルボース2階入退所予定表.xls,R7.5月,206,left,00135831,2025-05-26,2025-06-24,0,matched_exact
S_c6c4df415d3004b2,2F,floor_out,2025-05-26,2025-05,月,ショート,1,,細井 明,細井明,AM,送,自宅,21,自宅,自宅退所,,excel_workbook,data/raw/source_excels/アルボース2階入退所予定表.xls,R7.5月,206,right,00154374,2025-05-24,2025-05-26,0,matched_exact
S_c47ca9d03711e3e4,2F,floor_in,2025-05-27,2025-05,火,ショート,1,,原 貴美子,原貴美子,AM,迎,自宅,16,,,,excel_workbook,data/raw/source_excels/アルボース2階入退所予定表.xls,R7.5月,213,left,00114754,2025-05-27,2025-06-04,0,matched_exact
S_d84dbcead7344152,2F,floor_out,2025-05-27,2025-05,火,ショート,1,,小屋 知紀,小屋知紀,AM,送,自宅,21,自宅,自宅退所,,excel_workbook,data/raw/source_excels/アルボース2階入退所予定表.xls,R7.5月,213,right,00154078,2025-05-24,2025-05-27,0,matched_exact
S_7535bd23e20d3e78,2F,floor_in,2025-05-27,2025-05,火,ショート,1,,グエンティ キムホン,グエンティキムホン,15:00,,自宅,20,,,,excel_workbook,data/raw/source_excels/アルボース2階入退所予定表.xls,R7.5月,214,left,,,,,not_matched_name_unknown
S_7847042702539b37,2F,floor_out,2025-05-27,2025-05,火,ショート,1,,中野 るみ子,中野るみ子,AM,送,自宅,7,自宅,自宅退所,,excel_workbook,data/raw/source_excels/アルボース2階入退所予定表.xls,R7.5月,214,right,00074049,2025-05-20,2025-05-27,0,matched_exact
S_057b7889bf8fa90a,2F,floor_in,2025-05-28,2025-05,水,ショート,1,,下田 良子,下田良子,AM,迎,自宅,7,,,,excel_workbook,data/raw/source_excels/アルボース2階入退所予定表.xls,R7.5月,221,left,00078507,2025-05-28,2025-06-17,0,matched_exact
S_dcdafedcc1b960e2,2F,floor_out,2025-05-28,2025-05,水,入所,1,,小林 節子,小林節子,10:00,,自宅,3,自宅,自宅退所,,excel_workbook,data/raw/source_excels/アルボース2階入退所予定表.xls,R7.5月,221,right,00129630,2025-04-01,2025-05-28,0,matched_exact
S_20b677454109a030,2F,floor_in,2025-05-28,2025-05,水,入所,1,新,糸井 美和子,糸井美和子,10:30,,併設HP,23,,,,excel_workbook,data/raw/source_excels/アルボース2階入退所予定表.xls,R7.5月,222,left,00161935,2025-05-28,2025-07-16,0,matched_exact
S_0492bd55504f0e6e,2F,floor_out,2025-05-28,2025-05,水,ショート,1,,斉藤 敏彦,斉藤敏彦,AM,送,自宅,21,自宅,自宅退所,,excel_workbook,data/raw/source_excels/アルボース2階入退所予定表.xls,R7.5月,222,right,,,,,not_matched_name_unknown
S_4180811acac5fc0b,2F,floor_in,2025-05-28,2025-05,水,ショート,1,,鈴木 よし子,鈴木よし子,AM,迎,自宅,3,,,,excel_workbook,data/raw/source_excels/アルボース2階入退所予定表.xls,R7.5月,223,left,00028837,2025-05-28,2025-06-02,0,matched_exact
S_e7b8698c1a4ef646,2F,floor_out,2025-05-28,2025-05,水,ショート,1,,小林 眞代,小林眞代,AM,送,自宅,23,自宅,自宅退所,,excel_workbook,data/raw/source_excels/アルボース2階入退所予定表.xls,R7.5月,223,right,00052434,2025-05-23,2025-05-28,0,matched_exact
S_31c823a1a0e16f03,2F,floor_out,2025-05-30,2025-05,金,入所,1,,日下 千恵子,日下千恵子,14:00,,自宅,11,自宅,自宅退所,,excel_workbook,data/raw/source_excels/アルボース2階入退所予定表.xls,R7.5月,237,right,00061228,2025-04-01,2025-05-30,0,matched_exact
S_41b66bdc3aab9834,2F,floor_out,2025-05-30,2025-05,金,ショート,1,,グエンティ キムホン,グエンティキムホン,AM,送,自宅,20,自宅,自宅退所,,excel_workbook,data/raw/source_excels/アルボース2階入退所予定表.xls,R7.5月,238,right,,,,,not_matched_name_unknown
S_abfd9046d91fb768,2F,floor_in,2025-05-31,2025-05,土,ショート,1,,河田 セツ子,河田セツ子,10:30,,自宅,20,,,,excel_workbook,data/raw/source_excels/アルボース2階入退所予定表.xls,R7.5月,245,left,00146793,2025-05-31,2025-06-07,0,matched_exact
S_edad78c4c96dc838,2F,floor_out,2025-05-31,2025-05,土,入所,1,,鎌塚 清子,鎌塚清子,10:00,,有料「上泉」,2,有料「上泉」,施設退所,施設退所,excel_workbook,data/raw/source_excels/アルボース2階入退所予定表.xls,R7.5月,245,right,00159533,2025-04-01,2025-05-31,0,matched_exact
S_fa6c4784f40c220e,2F,floor_in,2025-05-31,2025-05,土,入所,1,,山崎 政枝,山崎政枝,10:30,,自宅,2,,,,excel_workbook,data/raw/source_excels/アルボース2階入退所予定表.xls,R7.5月,246,left,00154926,2025-05-31,2025-09-30,0,matched_exact
S_f5c13445fb83352e,2F,floor_out,2025-05-31,2025-05,土,入所,1,,新井 幸子,新井幸子,10:00,,自宅,12,自宅,自宅退所,,excel_workbook,data/raw/source_excels/アルボース2階入退所予定表.xls,R7.5月,246,right,00092936,2025-04-30,2025-05-31,0,matched_exact
S_101002881e983eb3,2F,floor_in,2025-06-02,2025-06,月,ショート,1,,小林 節子,小林節子,AM,迎,自宅,20,,,,excel_workbook,data/raw/source_excels/アルボース2階入退所予定表.xls,R7.6月,13,left,00129630,2025-06-02,2025-06-05,0,matched_exact
S_07a8fe9103e076bc,2F,floor_out,2025-06-02,2025-06,月,ショート,1,,鈴木 よし子,鈴木よし子,AM,送,自宅,20,自宅,自宅退所,,excel_workbook,data/raw/source_excels/アルボース2階入退所予定表.xls,R7.6月,13,right,00028837,2025-05-28,2025-06-02,0,matched_exact
S_2b93100b01996869,2F,floor_in,2025-06-02,2025-06,月,入所,1,新,鴨田 計夫,鴨田計夫,10:30,,併設病院,21,,,,excel_workbook,data/raw/source_excels/アルボース2階入退所予定表.xls,R7.6月,14,left,00095547,2025-06-02,2025-09-01,0,matched_exact
S_9bf17220b5ea5de1,2F,floor_out,2025-06-02,2025-06,月,入所,1,,尾池 あきの,尾池あきの,09:30,,石井病院,6,石井病院,病院退所,,excel_workbook,data/raw/source_excels/アルボース2階入退所予定表.xls,R7.6月,14,right,00106970,2025-04-01,2025-06-02,0,matched_exact
S_9b8ac7d10726a184,2F,floor_in,2025-06-02,2025-06,月,ショート,1,,井口 喜恵夫,井口喜恵夫,10:30,,自宅,12,,,,excel_workbook,data/raw/source_excels/アルボース2階入退所予定表.xls,R7.6月,15,left,00121839,2025-06-02,2025-06-07,0,matched_exact
S_b18c10f560990b7d,2F,floor_out,2025-06-03,2025-06,火,ショート,1,,吉岡 加津代,吉岡加津代,10:00,,自宅,17,自宅,自宅退所,,excel_workbook,data/raw/source_excels/アルボース2階入退所予定表.xls,R7.6月,21,right,00155078,2025-05-09,2025-06-03,0,matched_exact
S_f31d0a6410fd6c16,2F,floor_in,2025-06-04,2025-06,水,入所,1,新,森田 英一,森田英一,10:30,,併設病院,11,,,,excel_workbook,data/raw/source_excels/アルボース2階入退所予定表.xls,R7.6月,29,left,00162558,2025-06-04,2025-07-31,0,matched_exact
S_aa3c2f8e063f5f75,2F,floor_out,2025-06-04,2025-06,水,ショート,1,,原 貴美子,原貴美子,AM,送,自宅,16,自宅,自宅退所,,excel_workbook,data/raw/source_excels/アルボース2階入退所予定表.xls,R7.6月,29,right,00114754,2025-05-27,2025-06-04,0,matched_exact
S_8a967fd0aba59216,2F,floor_in,2025-06-05,2025-06,木,ショート,1,,中野 るみ子,中野るみ子,AM,迎,自宅,20,,,,excel_workbook,data/raw/source_excels/アルボース2階入退所予定表.xls,R7.6月,37,left,00074049,2025-06-05,2025-06-12,0,matched_exact
S_32dead381ee54417,2F,floor_out,2025-06-05,2025-06,木,ショート,1,,小林 節子,小林節子,AM,送,自宅,20,自宅,自宅退所,,excel_workbook,data/raw/source_excels/アルボース2階入退所予定表.xls,R7.6月,37,right,00129630,2025-06-02,2025-06-05,0,matched_exact
S_57b05714b217e0b6,2F,floor_in,2025-06-06,2025-06,金,ショート,1,,深町 豊子,深町豊子,10:30,,自宅,2,,,,excel_workbook,data/raw/source_excels/アルボース2階入退所予定表.xls,R7.6月,45,left,00138290,2025-06-06,2025-06-10,0,matched_exact
S_b40cc197df6bb960,2F,floor_out,2025-06-06,2025-06,金,入所,1,,小暮 よし,小暮よし,10:00,,自宅,2,自宅,自宅退所,,excel_workbook,data/raw/source_excels/アルボース2階入退所予定表.xls,R7.6月,45,right,00020430,2025-04-01,2025-06-06,0,matched_exact
S_f36fb62c9e509414,2F,floor_in,2025-06-06,2025-06,金,ショート,1,新,浅野 セツ,浅野セツ,AM,迎,自宅,6,,,,excel_workbook,data/raw/source_excels/アルボース2階入退所予定表.xls,R7.6月,46,left,00050567,2025-06-06,2025-12-19,0,matched_exact
S_f76404799325f757,2F,floor_in,2025-06-06,2025-06,金,入所,1,,吉岡 加津代,吉岡加津代,10:30,,自宅,17,,,,excel_workbook,data/raw/source_excels/アルボース2階入退所予定表.xls,R7.6月,47,left,00155078,2025-06-06,2025-09-09,0,matched_exact
S_2f20969d9fd5bcc2,2F,floor_in,2025-06-07,2025-06,土,ショート,1,,磯田 カヅ子,磯田カヅ子,10:30,,自宅,20,,,,excel_workbook,data/raw/source_excels/アルボース2階入退所予定表.xls,R7.6月,53,left,00141394,2025-06-07,2025-06-09,0,matched_exact
S_03da00033ee4414f,2F,floor_out,2025-06-07,2025-06,土,ショート,1,,河田 セツ子,河田セツ子,10:00,,自宅,20,自宅,自宅退所,,excel_workbook,data/raw/source_excels/アルボース2階入退所予定表.xls,R7.6月,53,right,00146793,2025-05-31,2025-06-07,0,matched_exact
S_0d15040838ab3a00,2F,floor_in,2025-06-07,2025-06,土,ショート,1,,中村 一雄,中村一雄,AM,迎,自宅,21,,,,excel_workbook,data/raw/source_excels/アルボース2階入退所予定表.xls,R7.6月,54,left,00060337,2025-06-07,2025-06-18,0,matched_exact
S_744f38112c9336ba,2F,floor_out,2025-06-07,2025-06,土,ショート,1,,井口 喜恵夫,井口喜恵夫,10:00,,自宅,12,自宅,自宅退所,,excel_workbook,data/raw/source_excels/アルボース2階入退所予定表.xls,R7.6月,54,right,00121839,2025-06-02,2025-06-07,0,matched_exact
S_c61c934a856dee66,2F,floor_out,2025-06-07,2025-06,土,入所,1,,鈴木 利通,鈴木利通,10:00,,自宅,21,自宅,自宅退所,,excel_workbook,data/raw/source_excels/アルボース2階入退所予定表.xls,R7.6月,55,right,00042165,2025-04-01,2025-06-07,0,matched_exact
S_b47c30c7155faf74,2F,floor_out,2025-06-08,2025-06,日,ショート,1,,浅野 セツ,浅野セツ,,,書類上,6,書類上,ショート終了,,excel_workbook,data/raw/source_excels/アルボース2階入退所予定表.xls,R7.6月,61,right,00050567,2025-06-06,2025-12-19,194,not_matched_boundary_mismatch
S_09dba6b85c49e5f4,2F,floor_in,2025-06-09,2025-06,月,ショート,1,,小暮 よし,小暮よし,10:30,,自宅,20,,,,excel_workbook,data/raw/source_excels/アルボース2階入退所予定表.xls,R7.6月,69,left,00020430,2025-06-09,2025-07-04,0,matched_exact
S_34efad14ea7a0c85,2F,floor_out,2025-06-09,2025-06,月,ショート,1,,磯田 カヅ子,磯田カヅ子,10:00,,自宅,20,自宅,自宅退所,,excel_workbook,data/raw/source_excels/アルボース2階入退所予定表.xls,R7.6月,69,right,00141394,2025-06-07,2025-06-09,0,matched_exact
S_3509526ced36edb6,2F,floor_in,2025-06-09,2025-06,月,入所,1,,浅野 セツ,浅野セツ,,,書類上,6,,,,excel_workbook,data/raw/source_excels/アルボース2階入退所予定表.xls,R7.6月,70,left,00050567,2025-06-06,2025-12-19,-3,not_matched_boundary_mismatch
S_ba4f01952a2dc236,2F,floor_in,2025-06-10,2025-06,火,ショート,1,,児島 菊江,児島菊江,AM,迎,自宅,2,,,,excel_workbook,data/raw/source_excels/アルボース2階入退所予定表.xls,R7.6月,77,left,00060950,2025-06-10,2025-06-13,0,matched_exact
S_ef74ada32bb84ca0,2F,floor_out,2025-06-10,2025-06,火,ショート,1,,深町 豊子,深町豊子,10:00,,自宅,2,自宅,自宅退所,,excel_workbook,data/raw/source_excels/アルボース2階入退所予定表.xls,R7.6月,77,right,00138290,2025-06-06,2025-06-10,0,matched_exact
S_65066f47dfcc908d,2F,floor_out,2025-06-10,2025-06,火,入所,1,,松島 宏尚,松島宏尚,10:00,,自宅,22,自宅,自宅退所,,excel_workbook,data/raw/source_excels/アルボース2階入退所予定表.xls,R7.6月,78,right,00145463,2025-04-17,2025-06-10,0,matched_exact
S_cd23c496d3e8ca81,2F,floor_in,2025-06-11,2025-06,水,ショート,1,,掘田 益男,掘田益男,AM,迎,自宅,0,,,,excel_workbook,data/raw/source_excels/アルボース2階入退所予定表.xls,R7.6月,85,left,,,,,not_matched_name_unknown
S_ad0e0a0bc6d155f4,2F,floor_out,2025-06-11,2025-06,水,ショート,1,,井野 忠,井野忠,AM,送,自宅,0,自宅,自宅退所,,excel_workbook,data/raw/source_excels/アルボース2階入退所予定表.xls,R7.6月,85,right,00125158,2025-05-14,2025-06-11,0,matched_exact
S_c87e5eb96d6896af,2F,floor_in,2025-06-11,2025-06,水,ショート,1,,原 貴美子,原貴美子,AM,迎,自宅,16,,,,excel_workbook,data/raw/source_excels/アルボース2階入退所予定表.xls,R7.6月,86,left,00114754,2025-06-11,2025-06-20,0,matched_exact
S_201e274231d731ff,2F,floor_out,2025-06-12,2025-06,木,入所,1,,岩澤 秀子,岩澤秀子,10:00,,自宅,1,自宅,自宅退所,,excel_workbook,data/raw/source_excels/アルボース2階入退所予定表.xls,R7.6月,93,right,00147744,2025-04-04,2025-06-12,0,matched_exact
S_d5ec0c54ba35f6a5,2F,floor_out,2025-06-12,2025-06,木,ショート,1,,中野 るみ子,中野るみ子,AM,送,自宅,3,自宅,自宅退所,,excel_workbook,data/raw/source_excels/アルボース2階入退所予定表.xls,R7.6月,94,right,00074049,2025-06-05,2025-06-12,0,matched_exact
S_ed4be613cf099a52,2F,floor_in,2025-06-13,2025-06,金,ショート,1,,深町 豊子,深町豊子,10:30,,自宅,2,,,,excel_workbook,data/raw/source_excels/アルボース2階入退所予定表.xls,R7.6月,101,left,00138290,2025-06-13,2025-06-16,0,matched_exact
S_5e9d266e0937596e,2F,floor_out,2025-06-13,2025-06,金,ショート,1,,児島 菊江,児島菊江,AM,送,自宅,2,自宅,自宅退所,,excel_workbook,data/raw/source_excels/アルボース2階入退所予定表.xls,R7.6月,101,right,00060950,2025-06-10,2025-06-13,0,matched_exact
S_93c9f2331364c2c5,2F,floor_in,2025-06-13,2025-06,金,ショート,1,,小屋 知紀,小屋知紀,AM,迎,自宅,8,,,,excel_workbook,data/raw/source_excels/アルボース2階入退所予定表.xls,R7.6月,102,left,00154078,2025-06-13,2025-06-16,0,matched_exact
S_3e0271c09a1c5214,2F,floor_out,2025-06-13,2025-06,金,ショート,1,,富田 政喜,富田政喜,10:00,,自宅,8,自宅,自宅退所,,excel_workbook,data/raw/source_excels/アルボース2階入退所予定表.xls,R7.6月,102,right,00118090,2025-05-19,2025-06-13,0,matched_exact
S_edd907285c8feb71,2F,floor_in,2025-06-13,2025-06,金,ショート,1,,新井 幸子,新井幸子,10:30,,自宅,12,,,,excel_workbook,data/raw/source_excels/アルボース2階入退所予定表.xls,R7.6月,103,left,00092936,2025-06-13,2025-06-22,0,matched_exact
S_65bb2ca4abffcf94,2F,floor_in,2025-06-14,2025-06,土,入所,1,,河田 セツ子,河田セツ子,10:30,,自宅,3,,,,excel_workbook,data/raw/source_excels/アルボース2階入退所予定表.xls,R7.6月,109,left,00146793,2025-06-14,2025-11-01,0,matched_exact
S_bb6bcefe28b3ae50,2F,floor_out,2025-06-14,2025-06,土,入所,1,,矢内 照子,矢内照子,10:00,,自宅,3,自宅,自宅退所,,excel_workbook,data/raw/source_excels/アルボース2階入退所予定表.xls,R7.6月,109,right,00051294,2025-04-01,2025-06-14,0,matched_exact
S_80f45ef2e71c0428,2F,floor_in,2025-06-14,2025-06,土,ショート,1,,野村 澤子,野村澤子,AM,迎,自宅,3,,,,excel_workbook,data/raw/source_excels/アルボース2階入退所予定表.xls,R7.6月,110,left,00115453,2025-06-14,2025-06-26,0,matched_exact
S_2ddae12479b6cc85,2F,floor_in,2025-06-14,2025-06,土,ショート,1,,鈴木 利通,鈴木利通,10:30,,自宅,21,,,,excel_workbook,data/raw/source_excels/アルボース2階入退所予定表.xls,R7.6月,111,left,00042165,2025-06-14,2025-07-05,0,matched_exact
S_bcd593c45792a987,2F,floor_in,2025-06-16,2025-06,月,入所,1,,井野 忠,井野忠,10:30,,自宅,0,,,,excel_workbook,data/raw/source_excels/アルボース2階入退所予定表.xls,R7.6月,125,left,00125158,2025-06-16,2025-09-12,0,matched_exact
S_c2f6e753d1e7ec2e,2F,floor_out,2025-06-16,2025-06,月,ショート,1,,堀田 益男,堀田益男,AM,送,自宅,0,自宅,自宅退所,,excel_workbook,data/raw/source_excels/アルボース2階入退所予定表.xls,R7.6月,125,right,00092183,2025-06-11,2025-06-16,0,matched_exact
S_bf8835609e66c7f9,2F,floor_in,2025-06-16,2025-06,月,ショート,1,,小林 節子,小林節子,AM,迎,自宅,2,,,,excel_workbook,data/raw/source_excels/アルボース2階入退所予定表.xls,R7.6月,126,left,00129630,2025-06-16,2025-06-21,0,matched_exact
S_00f0099746edbe26,2F,floor_out,2025-06-16,2025-06,月,ショート,1,,深町 豊子,深町豊子,10:00,,自宅,2,自宅,自宅退所,,excel_workbook,data/raw/source_excels/アルボース2階入退所予定表.xls,R7.6月,126,right,00138290,2025-06-13,2025-06-16,0,matched_exact
S_4505ca8b35af05a4,2F,floor_in,2025-06-16,2025-06,月,入所,1,,尾池 あきの,尾池あきの,10:30,,石井病院,1,,,,excel_workbook,data/raw/source_excels/アルボース2階入退所予定表.xls,R7.6月,127,left,00106970,2025-06-16,2026-05-31,0,matched_exact
S_4b25838a567c07a8,2F,floor_out,2025-06-16,2025-06,月,ショート,1,,小屋 知紀,小屋知紀,AM,送,自宅,8,自宅,自宅退所,,excel_workbook,data/raw/source_excels/アルボース2階入退所予定表.xls,R7.6月,127,right,00154078,2025-06-13,2025-06-16,0,matched_exact
S_9ec4b903dc22c219,2F,floor_out,2025-06-16,2025-06,月,入所,1,,加藤 紀子,加藤紀子,10:00,,自宅,18,自宅,自宅退所,,excel_workbook,data/raw/source_excels/アルボース2階入退所予定表.xls,R7.6月,131,right,00150575,2025-04-01,2025-06-16,0,matched_exact
S_82d8a95771c8c5f9,2F,floor_in,2025-06-17,2025-06,火,入所,1,,富田 政喜,富田政喜,10:30,,自宅,8,,,,excel_workbook,data/raw/source_excels/アルボース2階入退所予定表.xls,R7.6月,133,left,00118090,2025-06-17,2025-11-15,0,matched_exact
S_0d88964219652ff5,2F,floor_out,2025-06-17,2025-06,火,ショート,1,,下田 良子,下田良子,AM,送,自宅,20,自宅,自宅退所,,excel_workbook,data/raw/source_excels/アルボース2階入退所予定表.xls,R7.6月,133,right,00078507,2025-05-28,2025-06-17,0,matched_exact
S_b4786191f56871bc,2F,floor_in,2025-06-17,2025-06,火,ショート,1,,坂倉 康子,坂倉康子,AM,迎,自宅,20,,,,excel_workbook,data/raw/source_excels/アルボース2階入退所予定表.xls,R7.6月,134,left,00149052,2025-06-17,2025-06-19,0,matched_exact
S_5e803f8ef7fe91fb,2F,floor_in,2025-06-18,2025-06,水,ショート,1,,松島 宏尚,松島宏尚,AM,迎,自宅,21,,,,excel_workbook,data/raw/source_excels/アルボース2階入退所予定表.xls,R7.6月,141,left,00145463,2025-06-18,2025-06-26,0,matched_exact
S_6142e042e42c0f7b,2F,floor_out,2025-06-18,2025-06,水,ショート,1,,中村 一雄,中村一雄,AM,送,自宅,21,自宅,自宅退所,,excel_workbook,data/raw/source_excels/アルボース2階入退所予定表.xls,R7.6月,141,right,00060337,2025-06-07,2025-06-18,0,matched_exact
S_1062454b1f942382,2F,floor_in,2025-06-19,2025-06,木,ショート,1,,亀山 信子,亀山信子,AM,迎,自宅,1,,,,excel_workbook,data/raw/source_excels/アルボース2階入退所予定表.xls,R7.6月,149,left,00107616,2025-06-19,2025-06-23,0,matched_exact
S_80129cfd56a2e95e,2F,floor_out,2025-06-19,2025-06,木,入所,1,,新井 君江,新井君江,10:00,,自宅,1,自宅,自宅退所,,excel_workbook,data/raw/source_excels/アルボース2階入退所予定表.xls,R7.6月,149,right,00124842,2025-04-01,2025-06-19,0,matched_exact
S_1e7fe8b020abfaba,2F,floor_in,2025-06-19,2025-06,木,ショート,1,,中野 るみ子,中野るみ子,AM,迎,自宅,20,,,,excel_workbook,data/raw/source_excels/アルボース2階入退所予定表.xls,R7.6月,150,left,00074049,2025-06-19,2025-06-26,0,matched_exact
S_554b7abb5d0af839,2F,floor_out,2025-06-19,2025-06,木,ショート,1,,坂倉 康子,坂倉康子,AM,送,自宅,20,自宅,自宅退所,,excel_workbook,data/raw/source_excels/アルボース2階入退所予定表.xls,R7.6月,150,right,00149052,2025-06-17,2025-06-19,0,matched_exact
S_7beed819b6550166,2F,floor_in,2025-06-20,2025-06,金,ショート,1,,加藤 紀子,加藤紀子,10:30,,自宅,18,,,,excel_workbook,data/raw/source_excels/アルボース2階入退所予定表.xls,R7.6月,157,left,00150575,2025-06-20,2025-07-18,0,matched_exact
S_be2d1be76f02359a,2F,floor_out,2025-06-20,2025-06,金,ショート,1,,原 貴美子,原貴美子,AM,送,自宅,16,自宅,自宅退所,,excel_workbook,data/raw/source_excels/アルボース2階入退所予定表.xls,R7.6月,157,right,00114754,2025-06-11,2025-06-20,0,matched_exact
S_893a9a525658e60a,2F,floor_in,2025-06-20,2025-06,金,ショート,1,,横澤 英子,横澤英子,AM,迎,自宅,16,,,,excel_workbook,data/raw/source_excels/アルボース2階入退所予定表.xls,R7.6月,158,left,00107995,2025-06-20,2025-06-21,0,matched_exact
S_1494e9897d184ace,2F,floor_in,2025-06-21,2025-06,土,ショート,1,,矢内 照子,矢内照子,10:30,,自宅,16,,,,excel_workbook,data/raw/source_excels/アルボース2階入退所予定表.xls,R7.6月,165,left,00051294,2025-06-21,2025-12-26,0,matched_exact
S_f53b868f93776c4c,2F,floor_out,2025-06-21,2025-06,土,ショート,1,,小林 節子,小林節子,AM,送,自宅,2,自宅,自宅退所,,excel_workbook,data/raw/source_excels/アルボース2階入退所予定表.xls,R7.6月,165,right,00129630,2025-06-16,2025-06-21,0,matched_exact
S_956b5badb833310c,2F,floor_in,2025-06-22,2025-06,日,入所,1,,下田 良子,下田良子,10:30,,自宅,2,,,,excel_workbook,data/raw/source_excels/アルボース2階入退所予定表.xls,R7.6月,173,left,00078507,2025-06-22,2026-03-09,0,matched_exact
S_f201520b174dd521,2F,floor_out,2025-06-22,2025-06,日,ショート,1,,新井 幸子,新井幸子,10:00,,自宅,12,自宅,自宅退所,,excel_workbook,data/raw/source_excels/アルボース2階入退所予定表.xls,R7.6月,173,right,00092936,2025-06-13,2025-06-22,0,matched_exact
S_f75d3a7a9533365f,2F,floor_out,2025-06-22,2025-06,日,ショート,1,,横澤 英子,横澤英子,,,3F,2,3F,施設内移動,,excel_workbook,data/raw/source_excels/アルボース2階入退所予定表.xls,R7.6月,174,right,00107995,2025-06-20,2025-06-21,-1,matched_within_tolerance
S_146fce35e499fd8a,2F,floor_in,2025-06-23,2025-06,月,ショート,1,,新井 君江,新井君江,AM,迎,自宅,20,,,,excel_workbook,data/raw/source_excels/アルボース2階入退所予定表.xls,R7.6月,181,left,00124842,2025-06-23,2025-07-17,0,matched_exact
S_c617396f46c2574f,2F,floor_out,2025-06-23,2025-06,月,入所,1,,岡田 スミエ,岡田スミエ,10:00,,自宅,20,自宅,自宅退所,,excel_workbook,data/raw/source_excels/アルボース2階入退所予定表.xls,R7.6月,181,right,00054209,2025-04-28,2025-06-23,0,matched_exact
S_eee336a3bc0b2989,2F,floor_in,2025-06-23,2025-06,月,ショート,1,再,櫻井 敬祐,櫻井敬祐,AM,迎,自宅,22,,,,excel_workbook,data/raw/source_excels/アルボース2階入退所予定表.xls,R7.6月,182,left,00106457,2025-06-23,2025-06-25,0,matched_exact
S_492fc209939b8d92,2F,floor_out,2025-06-23,2025-06,月,ショート,1,,亀山 信子,亀山信子,AM,送,自宅,1,自宅,自宅退所,,excel_workbook,data/raw/source_excels/アルボース2階入退所予定表.xls,R7.6月,182,right,00107616,2025-06-19,2025-06-23,0,matched_exact
S_fc9d7b79cddcddfc,2F,floor_in,2025-06-23,2025-06,月,ショート,1,,岩澤 秀子,岩澤秀子,10:30,,自宅,1(窓際希望),,,,excel_workbook,data/raw/source_excels/アルボース2階入退所予定表.xls,R7.6月,183,left,00147744,2025-06-23,2025-07-12,0,matched_exact
S_c1f08a3690de7408,2F,floor_in,2025-06-24,2025-06,火,ショート,1,,小林 眞代,小林眞代,AM,迎,自宅,6,,,,excel_workbook,data/raw/source_excels/アルボース2階入退所予定表.xls,R7.6月,189,left,00052434,2025-06-24,2025-06-26,0,matched_exact
S_2a0302cc077a4a1e,2F,floor_out,2025-06-24,2025-06,火,入所,1,,竹内 健次,竹内健次,10:45,,死去,15,死亡,死亡退所,死亡退所,excel_workbook,data/raw/source_excels/アルボース2階入退所予定表.xls,R7.6月,189,right,00135831,2025-05-26,2025-06-24,0,matched_exact
S_47db7a620ad33174,2F,floor_in,2025-06-25,2025-06,水,転床,1,,小賀野 博也,小賀野博也,10:30,,3階,15,,,,excel_workbook,data/raw/source_excels/アルボース2階入退所予定表.xls,R7.6月,197,left,00162971,2025-06-25,2025-11-15,0,matched_exact
S_cf193374091a2bc8,2F,floor_out,2025-06-25,2025-06,水,入所,1,,藤木 千尋,藤木千尋,10:00,,自宅,6,自宅,自宅退所,,excel_workbook,data/raw/source_excels/アルボース2階入退所予定表.xls,R7.6月,197,right,00103521,2025-04-01,2025-06-25,0,matched_exact
S_d2156f453045f8e4,2F,floor_out,2025-06-25,2025-06,水,ショート,1,,櫻井 敬祐,櫻井敬祐,AM,送,自宅,22,自宅,自宅退所,,excel_workbook,data/raw/source_excels/アルボース2階入退所予定表.xls,R7.6月,198,right,00106457,2025-06-23,2025-06-25,0,matched_exact
S_7a6f057f2d52322c,2F,floor_in,2025-06-26,2025-06,木,ショート,1,,原 貴美子,原貴美子,AM,迎,自宅,16,,,,excel_workbook,data/raw/source_excels/アルボース2階入退所予定表.xls,R7.6月,205,left,00114754,2025-06-26,2025-07-07,0,matched_exact
S_dcbcdf982f3d660b,2F,floor_out,2025-06-26,2025-06,木,ショート,1,,松島 宏尚,松島宏尚,AM,送,自宅,21,自宅,自宅退所,,excel_workbook,data/raw/source_excels/アルボース2階入退所予定表.xls,R7.6月,205,right,00145463,2025-06-18,2025-06-26,0,matched_exact
S_b5df90f8cdcecef8,2F,floor_in,2025-06-26,2025-06,木,ショート,1,,細井 明,細井明,10:30,,自宅,21,,,,excel_workbook,data/raw/source_excels/アルボース2階入退所予定表.xls,R7.6月,206,left,00154374,2025-06-26,2025-06-28,0,matched_exact
S_28559edc34879c33,2F,floor_out,2025-06-26,2025-06,木,ショート,1,,野村 澤子,野村澤子,10:00,,特養「あいの詩」,3,特養「あいの詩」,施設退所,施設退所,excel_workbook,data/raw/source_excels/アルボース2階入退所予定表.xls,R7.6月,206,right,00115453,2025-06-14,2025-06-26,0,matched_exact
S_244312935fa235c4,2F,floor_in,2025-06-26,2025-06,木,ショート,1,新,石田 博紀,石田博紀,AM,迎,自宅,21,,,,excel_workbook,data/raw/source_excels/アルボース2階入退所予定表.xls,R7.6月,210,left,00161893,2025-06-26,2025-06-29,0,matched_exact
S_7c79872b99628817,2F,floor_out,2025-06-26,2025-06,木,ショート,1,,中野 るみ子,中野るみ子,AM,送,自宅,7,自宅,自宅退所,,excel_workbook,data/raw/source_excels/アルボース2階入退所予定表.xls,R7.6月,210,right,00074049,2025-06-19,2025-06-26,0,matched_exact
S_c1b149d223a21138,2F,floor_out,2025-06-26,2025-06,木,ショート,1,,小林 眞代,小林眞代,AM,送,自宅,6,自宅,自宅退所,,excel_workbook,data/raw/source_excels/アルボース2階入退所予定表.xls,R7.6月,211,right,00052434,2025-06-24,2025-06-26,0,matched_exact
S_25826630afc64600,2F,floor_in,2025-06-27,2025-06,金,ショート,1,,鈴木 よし子,鈴木よし子,AM,迎,自宅,6,,,,excel_workbook,data/raw/source_excels/アルボース2階入退所予定表.xls,R7.6月,213,left,00028837,2025-06-27,2025-07-02,0,matched_exact
S_5e261433eade3e59,2F,floor_in,2025-06-28,2025-06,土,入所,1,,井口 喜恵夫,井口喜恵夫,10:30,,自宅,12,,,,excel_workbook,data/raw/source_excels/アルボース2階入退所予定表.xls,R7.6月,221,left,00121839,2025-06-28,2025-10-08,0,matched_exact
S_cd8f6e6daee6154b,2F,floor_out,2025-06-28,2025-06,土,ショート,1,,細井 明,細井明,AM,送,自宅,21,自宅,自宅退所,,excel_workbook,data/raw/source_excels/アルボース2階入退所予定表.xls,R7.6月,221,right,00154374,2025-06-26,2025-06-28,0,matched_exact
S_89e3b2b9deb93ae1,2F,floor_out,2025-06-29,2025-06,日,ショート,1,,石田 博紀,石田博紀,10:00,,自宅,21,自宅,自宅退所,,excel_workbook,data/raw/source_excels/アルボース2階入退所予定表.xls,R7.6月,229,right,00161893,2025-06-26,2025-06-29,0,matched_exact
S_eb2f5f567eb4dc4c,2F,floor_in,2025-06-30,2025-06,月,入所,1,,小林 節子,小林節子,10:30,,自宅,3,,,,excel_workbook,data/raw/source_excels/アルボース2階入退所予定表.xls,R7.6月,237,left,00129630,2025-06-30,2025-12-10,0,matched_exact
S_52fd7778e67c509e,2F,floor_in,2025-06-30,2025-06,月,入所,1,,井上 勇,井上勇,10:30,,自宅,22,,,,excel_workbook,data/raw/source_excels/アルボース2階入退所予定表.xls,R7.6月,238,left,00146240,2025-06-30,2025-09-15,0,matched_exact
S_a6ea561b07c84a83,2F,floor_in,2025-07-01,2025-07,火,入所,1,新,五十嵐 英男,五十嵐英男,10:30,,市民病院,15,,,,excel_workbook,data/raw/source_excels/アルボース2階入退所予定表.xls,R7.7月,5,left,00057874,2025-07-01,2025-07-02,0,matched_exact
S_101eb25293ad3e3f,2F,floor_out,2025-07-01,2025-07,火,入所,1,,横澤 勝彦,横澤勝彦,,,ユニット,13,ユニット,施設内移動,,excel_workbook,data/raw/source_excels/アルボース2階入退所予定表.xls,R7.7月,5,right,00134007,2025-04-01,2025-06-30,-1,matched_within_tolerance
S_3af76b8f01bb13c0,2F,floor_in,2025-07-02,2025-07,水,ショート,1,,中野 るみ子,中野るみ子,AM,迎,自宅,20,,,,excel_workbook,data/raw/source_excels/アルボース2階入退所予定表.xls,R7.7月,13,left,00074049,2025-07-02,2025-07-10,0,matched_exact
S_5c6fb8fcb6209005,2F,floor_out,2025-07-02,2025-07,水,ショート,1,,鈴木 よし子,鈴木よし子,AM,送,自宅,20,自宅,自宅退所,,excel_workbook,data/raw/source_excels/アルボース2階入退所予定表.xls,R7.7月,13,right,00028837,2025-06-27,2025-07-02,0,matched_exact
S_35d4f49ba7db5235,2F,floor_in,2025-07-02,2025-07,水,ショート,1,,新井 幸子,新井幸子,10:30,,自宅,13,,,,excel_workbook,data/raw/source_excels/アルボース2階入退所予定表.xls,R7.7月,14,left,00092936,2025-07-02,2025-07-07,0,matched_exact
S_e7c816d5d0889431,2F,floor_out,2025-07-02,2025-07,水,入所,1,,五十嵐 英男,五十嵐英男,09:18,,死去,15,死亡,死亡退所,死亡退所,excel_workbook,data/raw/source_excels/アルボース2階入退所予定表.xls,R7.7月,14,right,00057874,2025-07-01,2025-07-02,0,matched_exact
S_423cec92428991fd,2F,floor_in,2025-07-04,2025-07,金,ショート,1,,藤木 千尋,藤木千尋,10:30,,自宅,20,,,,excel_workbook,data/raw/source_excels/アルボース2階入退所予定表.xls,R7.7月,29,left,00103521,2025-07-04,2025-07-07,0,matched_exact
S_e72cf2a37223dd39,2F,floor_out,2025-07-04,2025-07,金,ショート,1,,小暮 よし,小暮よし,10:00,,自宅,20,自宅,自宅退所,,excel_workbook,data/raw/source_excels/アルボース2階入退所予定表.xls,R7.7月,29,right,00020430,2025-06-09,2025-07-04,0,matched_exact
S_a996afd31dfeae42,2F,floor_in,2025-07-05,2025-07,土,ショート,1,,松島 宏尚,松島宏尚,AM,迎,自宅,21,,,,excel_workbook,data/raw/source_excels/アルボース2階入退所予定表.xls,R7.7月,37,left,00145463,2025-07-05,2025-07-12,0,matched_exact
S_4801982593011f7e,2F,floor_out,2025-07-05,2025-07,土,ショート,1,,鈴木 利通,鈴木利通,10:00,,自宅,21,自宅,自宅退所,,excel_workbook,data/raw/source_excels/アルボース2階入退所予定表.xls,R7.7月,37,right,00042165,2025-06-14,2025-07-05,0,matched_exact
S_93c726fec8c62670,2F,floor_in,2025-07-07,2025-07,月,入所,1,,小暮 よし,小暮よし,10:30,,自宅,20,,,,excel_workbook,data/raw/source_excels/アルボース2階入退所予定表.xls,R7.7月,53,left,00020430,2025-07-07,2026-05-31,0,matched_exact
S_5486f4452e7f27e3,2F,floor_out,2025-07-07,2025-07,月,ショート,1,,原 貴美子,原貴美子,AM,送,自宅,16,自宅,自宅退所,,excel_workbook,data/raw/source_excels/アルボース2階入退所予定表.xls,R7.7月,53,right,00114754,2025-06-26,2025-07-07,0,matched_exact
S_4bc8fb1433189d2c,2F,floor_out,2025-07-07,2025-07,月,ショート,1,,新井 幸子,新井幸子,10:00,,自宅,13,自宅,自宅退所,,excel_workbook,data/raw/source_excels/アルボース2階入退所予定表.xls,R7.7月,54,right,00092936,2025-07-02,2025-07-07,0,matched_exact
S_c39b9868b7364ef4,2F,floor_out,2025-07-07,2025-07,月,ショート,1,,藤木 千尋,藤木千尋,10:00,,自宅,20,自宅,自宅退所,,excel_workbook,data/raw/source_excels/アルボース2階入退所予定表.xls,R7.7月,55,right,00103521,2025-07-04,2025-07-07,0,matched_exact
S_5b20c79a409a3175,2F,floor_in,2025-07-08,2025-07,火,入所,1,新,小保方 明,小保方明,10:30,,併設病院,13,,,,excel_workbook,data/raw/source_excels/アルボース2階入退所予定表.xls,R7.7月,61,left,00161371,2025-07-08,2025-09-23,0,matched_exact
S_22fa71433c4b3249,2F,floor_out,2025-07-08,2025-07,火,入所,1,,赤石 清,赤石清,10:00,,住宅型有料「ナーシングホームあい想」,22,住宅型有料「ナーシングホームあい想」,施設退所,施設退所,excel_workbook,data/raw/source_excels/アルボース2階入退所予定表.xls,R7.7月,61,right,00160221,2025-04-01,2025-07-08,0,matched_exact
S_b50aeb841bfa01bd,2F,floor_in,2025-07-09,2025-07,水,入所,1,新,田村 美枝子,田村美枝子,10:30,,石井病院,6,,,,excel_workbook,data/raw/source_excels/アルボース2階入退所予定表.xls,R7.7月,69,left,00154234,2025-07-09,2025-08-20,0,matched_exact
S_f5e1397b31b40af3,2F,floor_out,2025-07-09,2025-07,水,入所,1,,石原 フサノ,石原フサノ,10:00,,住宅型有料「東ライフライン」,6,住宅型有料「東ライフライン」,施設退所,施設退所,excel_workbook,data/raw/source_excels/アルボース2階入退所予定表.xls,R7.7月,69,right,00023273,2025-04-11,2025-07-09,0,matched_exact
S_720f72217f8ecd45,2F,floor_out,2025-07-09,2025-07,水,入所,1,,神倉 テツ子,神倉テツ子,08:57,,死去,15,死亡,死亡退所,死亡退所,excel_workbook,data/raw/source_excels/アルボース2階入退所予定表.xls,R7.7月,70,right,00014287,2025-04-24,2025-07-09,0,matched_exact
S_3e903344fd62c952,2F,floor_in,2025-07-10,2025-07,木,ショート,1,,児島 菊江,児島菊江,AM,迎,自宅,7(窓側),,,,excel_workbook,data/raw/source_excels/アルボース2階入退所予定表.xls,R7.7月,77,left,00060950,2025-07-10,2025-07-14,0,matched_exact
S_34da44ae32fffc90,2F,floor_out,2025-07-10,2025-07,木,入所,1,,長谷川 浩子,長谷川浩子,10:00,,自宅,7(廊下側),自宅,自宅退所,,excel_workbook,data/raw/source_excels/アルボース2階入退所予定表.xls,R7.7月,77,right,00121152,2025-04-14,2025-07-10,0,matched_exact
S_1df63136d38d6b57,2F,floor_in,2025-07-10,2025-07,木,ショート,1,,亀山 信子,亀山信子,AM,迎,自宅,6,,,,excel_workbook,data/raw/source_excels/アルボース2階入退所予定表.xls,R7.7月,78,left,00107616,2025-07-10,2025-07-19,0,matched_exact
S_bef423a18a302cff,2F,floor_out,2025-07-10,2025-07,木,入所,1,,藤井 幸枝,藤井幸枝,10:00,,自宅,7(窓側),自宅,自宅退所,,excel_workbook,data/raw/source_excels/アルボース2階入退所予定表.xls,R7.7月,78,right,00042757,2025-04-01,2025-07-10,0,matched_exact
S_878f343402856c2f,2F,floor_out,2025-07-10,2025-07,木,ショート,1,,中野 るみ子,中野るみ子,AM,送,自宅,6,自宅,自宅退所,,excel_workbook,data/raw/source_excels/アルボース2階入退所予定表.xls,R7.7月,79,right,00074049,2025-07-02,2025-07-10,0,matched_exact
S_14677ba4cf75aa0c,2F,floor_in,2025-07-12,2025-07,土,ショート,1,,中村 一雄,中村一雄,AM,迎,自宅,21,,,,excel_workbook,data/raw/source_excels/アルボース2階入退所予定表.xls,R7.7月,93,left,00060337,2025-07-12,2025-07-23,0,matched_exact
S_2c237ce56e4c7ff2,2F,floor_out,2025-07-12,2025-07,土,ショート,1,,岩澤 秀子,岩澤秀子,10:00,,自宅,1,自宅,自宅退所,,excel_workbook,data/raw/source_excels/アルボース2階入退所予定表.xls,R7.7月,93,right,00147744,2025-06-23,2025-07-12,0,matched_exact
S_31ffaca360e3c44a,2F,floor_in,2025-07-12,2025-07,土,ショート,1,,石田 博紀,石田博紀,AM,迎,自宅,13,,,,excel_workbook,data/raw/source_excels/アルボース2階入退所予定表.xls,R7.7月,94,left,00161893,2025-07-12,2025-07-14,0,matched_exact
S_8956f8def6b5f4b8,2F,floor_out,2025-07-12,2025-07,土,ショート,1,,松島 宏尚,松島宏尚,AM,送,自宅,21,自宅,自宅退所,,excel_workbook,data/raw/source_excels/アルボース2階入退所予定表.xls,R7.7月,94,right,00145463,2025-07-05,2025-07-12,0,matched_exact
S_7383a8f17b1979b0,2F,floor_in,2025-07-14,2025-07,月,ショート,1,,坂倉 康子,坂倉康子,AM,迎,自宅,7(窓側),,,,excel_workbook,data/raw/source_excels/アルボース2階入退所予定表.xls,R7.7月,109,left,00149052,2025-07-14,2025-07-16,0,matched_exact
S_bc52a60de4a53ba0,2F,floor_out,2025-07-14,2025-07,月,ショート,1,,児島 菊江,児島菊江,AM,送,自宅,7(窓側),自宅,自宅退所,,excel_workbook,data/raw/source_excels/アルボース2階入退所予定表.xls,R7.7月,109,right,00060950,2025-07-10,2025-07-14,0,matched_exact
S_d2e74f2b5b0ecea0,2F,floor_in,2025-07-14,2025-07,月,入所,1,新,河合 善枝,河合善枝,10:30,,ショート「熊谷南ケアセンターそよ風」,15,,,,excel_workbook,data/raw/source_excels/アルボース2階入退所予定表.xls,R7.7月,110,left,00030604,2025-07-14,2025-11-02,0,matched_exact
S_810042f19c7796ea,2F,floor_out,2025-07-14,2025-07,月,ショート,,,矢内 照子,矢内照子,,,書類上,7,書類上,ショート終了,,excel_workbook,data/raw/source_excels/アルボース2階入退所予定表.xls,R7.7月,110,right,00051294,2025-04-01,2025-06-14,-30,not_matched_boundary_mismatch
S_8c72eb5ec78aec4b,2F,floor_in,2025-07-14,2025-07,月,ショート,1,,藤井 幸枝,藤井幸枝,AM,迎,自宅,7(廊下側),,,,excel_workbook,data/raw/source_excels/アルボース2階入退所予定表.xls,R7.7月,111,left,00042757,2025-07-14,2025-08-07,0,matched_exact
S_70d2ea699ff58837,2F,floor_out,2025-07-14,2025-07,月,ショート,1,,石田 博紀,石田博紀,AM,送,自宅,13,自宅,自宅退所,,excel_workbook,data/raw/source_excels/アルボース2階入退所予定表.xls,R7.7月,111,right,00161893,2025-07-12,2025-07-14,0,matched_exact
S_24b761a4a16af5b7,2F,floor_in,2025-07-15,2025-07,火,入所,,,矢内 照子,矢内照子,10:30,,書類上,7,,,,excel_workbook,data/raw/source_excels/アルボース2階入退所予定表.xls,R7.7月,117,left,00051294,2025-06-21,2025-12-26,-24,not_matched_boundary_mismatch
S_d71a5c56dcce6b31,2F,floor_in,2025-07-15,2025-07,火,転床,1,,吉野 勝三,吉野勝三,,,3階,22,,,,excel_workbook,data/raw/source_excels/アルボース2階入退所予定表.xls,R7.7月,118,left,00109276,2025-07-15,2025-10-25,0,matched_exact
S_fc505586dc06a922,2F,floor_in,2025-07-16,2025-07,水,ショート,1,新,渋澤 美知子,渋澤美知子,10:30,,自宅,1,,,,excel_workbook,data/raw/source_excels/アルボース2階入退所予定表.xls,R7.7月,125,left,00161225,2025-07-16,2025-07-21,0,matched_exact
S_77d1b7b40e3cf144,2F,floor_out,2025-07-16,2025-07,水,ショート,1,,坂倉 康子,坂倉康子,AM,送,自宅,7(窓側),自宅,自宅退所,,excel_workbook,data/raw/source_excels/アルボース2階入退所予定表.xls,R7.7月,125,right,00149052,2025-07-14,2025-07-16,0,matched_exact
S_b552077d508c146f,2F,floor_in,2025-07-16,2025-07,水,入所,1,,横澤 勝彦,横澤勝彦,10:30,,ユニット,23,,,,excel_workbook,data/raw/source_excels/アルボース2階入退所予定表.xls,R7.7月,126,left,00134007,2025-07-16,2026-05-31,0,matched_exact
S_f7bb7c578c7369bb,2F,floor_out,2025-07-16,2025-07,水,入所,1,,糸井 美和子,糸井美和子,10:00,,自宅,23,自宅,自宅退所,,excel_workbook,data/raw/source_excels/アルボース2階入退所予定表.xls,R7.7月,126,right,00161935,2025-05-28,2025-07-16,0,matched_exact
S_dbbe4ed73ce5fd11,2F,floor_in,2025-07-16,2025-07,水,ショート,1,,原 貴美子,原貴美子,AM,迎,自宅,13,,,,excel_workbook,data/raw/source_excels/アルボース2階入退所予定表.xls,R7.7月,127,left,00114754,2025-07-16,2025-07-25,0,matched_exact
S_142fa70ddeb45a38,2F,floor_in,2025-07-17,2025-07,木,ショート,1,,長谷川 浩子,長谷川浩子,10:30,,自宅,20,,,,excel_workbook,data/raw/source_excels/アルボース2階入退所予定表.xls,R7.7月,133,left,00121152,2025-07-17,2025-08-15,0,matched_exact
S_911b4ff967298178,2F,floor_out,2025-07-17,2025-07,木,ショート,1,,新井 君江,新井君江,AM,送,自宅,20,自宅,自宅退所,,excel_workbook,data/raw/source_excels/アルボース2階入退所予定表.xls,R7.7月,133,right,00124842,2025-06-23,2025-07-17,0,matched_exact
S_c8a184b7b5db0a13,2F,floor_in,2025-07-17,2025-07,木,ショート,1,,小林 眞代,小林眞代,AM,迎,自宅,7(窓側),,,,excel_workbook,data/raw/source_excels/アルボース2階入退所予定表.xls,R7.7月,134,left,00052434,2025-07-17,2025-07-19,0,matched_exact
S_bb20946b6fef5305,2F,floor_in,2025-07-18,2025-07,金,ショート,1,,磯田 カヅ子,磯田カヅ子,10:30,,自宅,18,,,,excel_workbook,data/raw/source_excels/アルボース2階入退所予定表.xls,R7.7月,141,left,00141394,2025-07-18,2025-07-21,0,matched_exact
S_975765409327e87e,2F,floor_out,2025-07-18,2025-07,金,ショート,1,,加藤 紀子,加藤紀子,10:00,,自宅,18,自宅,自宅退所,,excel_workbook,data/raw/source_excels/アルボース2階入退所予定表.xls,R7.7月,141,right,00150575,2025-06-20,2025-07-18,0,matched_exact
S_6a5cd8e16595f35e,2F,floor_in,2025-07-19,2025-07,土,入所,1,,岩澤 秀子,岩澤秀子,10:30,,自宅,7(窓側),,,,excel_workbook,data/raw/source_excels/アルボース2階入退所予定表.xls,R7.7月,149,left,00147744,2025-07-19,2025-10-02,0,matched_exact
S_aaa66c7ccfefb78e,2F,floor_out,2025-07-19,2025-07,土,ショート,1,,小林 眞代,小林眞代,AM,送,自宅,7(窓側),自宅,自宅退所,,excel_workbook,data/raw/source_excels/アルボース2階入退所予定表.xls,R7.7月,149,right,00052434,2025-07-17,2025-07-19,0,matched_exact
S_dda22ce6d8b0ea21,2F,floor_in,2025-07-19,2025-07,土,ショート,1,,藤木 千尋,藤木千尋,10:30,,自宅,6,,,,excel_workbook,data/raw/source_excels/アルボース2階入退所予定表.xls,R7.7月,150,left,00103521,2025-07-19,2025-07-23,0,matched_exact
S_6a0b32d79a77cf43,2F,floor_out,2025-07-19,2025-07,土,ショート,1,,亀山 信子,亀山信子,AM,送,自宅,6,自宅,自宅退所,,excel_workbook,data/raw/source_excels/アルボース2階入退所予定表.xls,R7.7月,150,right,00107616,2025-07-10,2025-07-19,0,matched_exact
S_45694aa123d58ed2,2F,floor_in,2025-07-21,2025-07,月,入所,1,,新井 君江,新井君江,10:30,,自宅,1,,,,excel_workbook,data/raw/source_excels/アルボース2階入退所予定表.xls,R7.7月,165,left,00124842,2025-07-21,2025-11-13,0,matched_exact
S_3d826329e6d26746,2F,floor_out,2025-07-21,2025-07,月,ショート,1,,磯田 カヅ子,磯田カヅ子,10:00,,自宅,18,自宅,自宅退所,,excel_workbook,data/raw/source_excels/アルボース2階入退所予定表.xls,R7.7月,165,right,00141394,2025-07-18,2025-07-21,0,matched_exact
S_cf1abad239004567,2F,floor_out,2025-07-21,2025-07,月,ショート,1,,渋澤 美知子,渋澤美知子,10:00,,自宅,1,自宅,自宅退所,,excel_workbook,data/raw/source_excels/アルボース2階入退所予定表.xls,R7.7月,166,right,00161225,2025-07-16,2025-07-21,0,matched_exact
S_f49fa7bb52fcdb41,2F,floor_in,2025-07-22,2025-07,火,ショート,1,,中野 るみ子,中野るみ子,AM,迎,自宅,3,,,,excel_workbook,data/raw/source_excels/アルボース2階入退所予定表.xls,R7.7月,173,left,00074049,2025-07-22,2025-07-29,0,matched_exact
S_ec91992bae4538c7,2F,floor_out,2025-07-22,2025-07,火,入所,1,,坂本 千鶴子,坂本千鶴子,10:00,,自宅,3,自宅,自宅退所,,excel_workbook,data/raw/source_excels/アルボース2階入退所予定表.xls,R7.7月,173,right,00151132,2025-04-22,2025-07-22,0,matched_exact
S_63971735f96c04f8,2F,floor_in,2025-07-22,2025-07,火,ショート,1,新,鶴田 聡,鶴田聡,AM,迎,自宅,22,,,,excel_workbook,data/raw/source_excels/アルボース2階入退所予定表.xls,R7.7月,174,left,00089032,2025-07-22,2025-07-26,0,matched_exact
S_06fc601a3f7603f0,2F,floor_out,2025-07-22,2025-07,火,入所,1,,私市 堯,私市堯,10:00,,特養「いずみ」,8,特養「いずみ」,施設退所,施設退所,excel_workbook,data/raw/source_excels/アルボース2階入退所予定表.xls,R7.7月,174,right,00155895,2025-05-08,2025-07-22,0,matched_exact
S_89da8d54663aa473,2F,floor_in,2025-07-23,2025-07,水,入所,1,,加藤 紀子,加藤紀子,10:30,,自宅,18,,,,excel_workbook,data/raw/source_excels/アルボース2階入退所予定表.xls,R7.7月,181,left,00150575,2025-07-23,2025-11-07,0,matched_exact
S_b201ba96be09b9e5,2F,floor_out,2025-07-23,2025-07,水,ショート,1,,藤木 千尋,藤木千尋,10:00,,自宅,6,自宅,自宅退所,,excel_workbook,data/raw/source_excels/アルボース2階入退所予定表.xls,R7.7月,181,right,00103521,2025-07-19,2025-07-23,0,matched_exact
S_0c7230b477cef99e,2F,floor_in,2025-07-23,2025-07,水,入所,1,,松島 宏尚,松島宏尚,10:30,,自宅,21,,,,excel_workbook,data/raw/source_excels/アルボース2階入退所予定表.xls,R7.7月,182,left,00145463,2025-07-23,2025-09-10,0,matched_exact
S_bd5a5c5ed70eb76b,2F,floor_out,2025-07-23,2025-07,水,ショート,1,,中村 一雄,中村一雄,AM,送,自宅,21,自宅,自宅退所,,excel_workbook,data/raw/source_excels/アルボース2階入退所予定表.xls,R7.7月,182,right,00060337,2025-07-12,2025-07-23,0,matched_exact
S_5960880407741f0f,2F,floor_in,2025-07-25,2025-07,金,ショート,1,,鈴木 よし子,鈴木よし子,AM,迎,自宅,13,,,,excel_workbook,data/raw/source_excels/アルボース2階入退所予定表.xls,R7.7月,197,left,00028837,2025-07-25,2025-07-29,0,matched_exact
S_aa1af2394b7c15bb,2F,floor_out,2025-07-25,2025-07,金,ショート,1,,原 貴美子,原貴美子,AM,送,自宅,13,自宅,自宅退所,,excel_workbook,data/raw/source_excels/アルボース2階入退所予定表.xls,R7.7月,197,right,00114754,2025-07-16,2025-07-25,0,matched_exact
S_1ad323fb501ad07a,2F,floor_in,2025-07-26,2025-07,土,ショート,1,,坂本 千鶴子,坂本千鶴子,10:30,,自宅,6,,,,excel_workbook,data/raw/source_excels/アルボース2階入退所予定表.xls,R7.7月,205,left,00151132,2025-07-26,2025-08-18,0,matched_exact
S_48dcf6c3c8899b79,2F,floor_out,2025-07-26,2025-07,土,ショート,1,,鶴田 聡,鶴田聡,AM,送,自宅,22,自宅,自宅退所,,excel_workbook,data/raw/source_excels/アルボース2階入退所予定表.xls,R7.7月,205,right,00089032,2025-07-22,2025-07-26,0,matched_exact
S_4603a22a6431383f,2F,floor_in,2025-07-26,2025-07,土,ショート,1,,細井 明,細井明,10:30,,自宅,22,,,,excel_workbook,data/raw/source_excels/アルボース2階入退所予定表.xls,R7.7月,206,left,00154374,2025-07-26,2025-07-28,0,matched_exact
S_00a1abf803f4ef32,2F,floor_in,2025-07-28,2025-07,月,ショート,1,,堀田 益男,堀田益男,AM,迎,自宅,22,,,,excel_workbook,data/raw/source_excels/アルボース2階入退所予定表.xls,R7.7月,221,left,00092183,2025-07-28,2025-08-01,0,matched_exact
S_37ec1bfe1d81fb10,2F,floor_out,2025-07-28,2025-07,月,ショート,1,,細井 明,細井明,AM,送,自宅,22,自宅,自宅退所,,excel_workbook,data/raw/source_excels/アルボース2階入退所予定表.xls,R7.7月,221,right,00154374,2025-07-26,2025-07-28,0,matched_exact
S_ab87dab931236c1b,2F,floor_out,2025-07-29,2025-07,火,ショート,1,,中野 るみ子,中野るみ子,AM,送,自宅,3,自宅,自宅退所,,excel_workbook,data/raw/source_excels/アルボース2階入退所予定表.xls,R7.7月,229,right,00074049,2025-07-22,2025-07-29,0,matched_exact
S_aff9a032f75ebfe1,2F,floor_out,2025-07-29,2025-07,火,ショート,1,,鈴木 よし子,鈴木よし子,AM,送,自宅,13,自宅,自宅退所,,excel_workbook,data/raw/source_excels/アルボース2階入退所予定表.xls,R7.7月,230,right,00028837,2025-07-25,2025-07-29,0,matched_exact
S_1eef0f7c33360402,2F,floor_in,2025-07-30,2025-07,水,ショート,1,,渋澤 美知子,渋澤美知子,10:30,,自宅,1,,,,excel_workbook,data/raw/source_excels/アルボース2階入退所予定表.xls,R7.7月,237,left,00161225,2025-07-30,2025-08-03,0,matched_exact
S_b13e8c3185ad9967,2F,floor_in,2025-07-30,2025-07,水,入所,1,,岡田 スミエ,岡田スミエ,10:30,,自宅,3,,,,excel_workbook,data/raw/source_excels/アルボース2階入退所予定表.xls,R7.7月,238,left,00054209,2025-07-30,2025-11-05,0,matched_exact
S_fa8eaf3e7e30956f,2F,floor_out,2025-07-31,2025-07,木,入所,1,,森田 英一,森田英一,10:00,,自宅,11,自宅,自宅退所,,excel_workbook,data/raw/source_excels/アルボース2階入退所予定表.xls,R7.7月,245,right,00162558,2025-06-04,2025-07-31,0,matched_exact
S_ee99ea3cf33b27b5,2F,floor_in,2025-08-01,2025-08,金,ショート,1,,原 貴美子,原貴美子,AM,迎,自宅,11,,,,excel_workbook,data/raw/source_excels/アルボース2階入退所予定表.xls,R7.8月,5,left,00114754,2025-08-01,2025-08-09,0,matched_exact
S_4f7fb90d59c921e3,2F,floor_out,2025-08-01,2025-08,金,ショート,1,,掘田 益男,掘田益男,AM,送,自宅,22,自宅,自宅退所,,excel_workbook,data/raw/source_excels/アルボース2階入退所予定表.xls,R7.8月,5,right,,,,,not_matched_name_unknown
S_2b008814b8d9b01b,2F,floor_out,2025-08-01,2025-08,金,入所,1,,市村 祐子,市村祐子,,,ユニット,2,ユニット,施設内移動,,excel_workbook,data/raw/source_excels/アルボース2階入退所予定表.xls,R7.8月,6,right,00048877,2025-04-01,2025-07-31,-1,matched_within_tolerance
S_687f61534a424543,2F,floor_in,2025-08-02,2025-08,土,入所,1,,藤木 千尋,藤木千尋,10:30,,自宅,2,,,,excel_workbook,data/raw/source_excels/アルボース2階入退所予定表.xls,R7.8月,13,left,00103521,2025-08-02,2025-11-03,0,matched_exact
S_51678325f0c1dff2,2F,floor_out,2025-08-03,2025-08,日,ショート,1,,渋澤 美知子,渋澤美知子,10:00,,自宅,1,自宅,自宅退所,,excel_workbook,data/raw/source_excels/アルボース2階入退所予定表.xls,R7.8月,21,right,00161225,2025-07-30,2025-08-03,0,matched_exact
S_962c58c8f39e2244,2F,floor_in,2025-08-05,2025-08,火,ショート,1,新,吉田 雅志,吉田雅志,10:30,,自宅,22,,,,excel_workbook,data/raw/source_excels/アルボース2階入退所予定表.xls,R7.8月,37,left,00081906,2025-08-05,2025-08-08,0,matched_exact
S_8b3ebc52f07d2035,2F,floor_in,2025-08-05,2025-08,火,ショート,1,,新井 幸子,新井幸子,10:30,,自宅,13,,,,excel_workbook,data/raw/source_excels/アルボース2階入退所予定表.xls,R7.8月,38,left,00092936,2025-08-05,2025-08-09,0,matched_exact
S_9bc80c7cf7d8f055,2F,floor_in,2025-08-06,2025-08,水,入所,1,新,亀田 コウ,亀田コウ,10:30,,石井病院,1,,,,excel_workbook,data/raw/source_excels/アルボース2階入退所予定表.xls,R7.8月,45,left,00028032,2025-08-06,2026-01-10,0,matched_exact
S_523fb26f6239c5ca,2F,floor_in,2025-08-07,2025-08,木,ショート,1,,中野 るみ子,中野るみ子,AM,迎,自宅,7,,,,excel_workbook,data/raw/source_excels/アルボース2階入退所予定表.xls,R7.8月,53,left,00074049,2025-08-07,2025-08-19,0,matched_exact
S_a0da41c4f9fb1090,2F,floor_out,2025-08-07,2025-08,木,ショート,1,,藤井 幸枝,藤井幸枝,AM,送,自宅,7,自宅,自宅退所,,excel_workbook,data/raw/source_excels/アルボース2階入退所予定表.xls,R7.8月,53,right,00042757,2025-07-14,2025-08-07,0,matched_exact
S_58e76d368705cd86,2F,floor_in,2025-08-08,2025-08,金,ショート,1,,磯田 カヅ子,磯田カヅ子,10:30,,自宅,18,,,,excel_workbook,data/raw/source_excels/アルボース2階入退所予定表.xls,R7.8月,61,left,00141394,2025-08-08,2025-08-11,0,matched_exact
S_de9834b5b6ff2cf5,2F,floor_out,2025-08-08,2025-08,金,ショート,1,,吉田 雅志,吉田雅志,AM,送,自宅,22,自宅,自宅退所,,excel_workbook,data/raw/source_excels/アルボース2階入退所予定表.xls,R7.8月,61,right,00081906,2025-08-05,2025-08-08,0,matched_exact
S_77d343e1b74bb54b,2F,floor_in,2025-08-08,2025-08,金,ショート,1,新,高橋 洋,高橋洋,10:30,,自宅,22,,,,excel_workbook,data/raw/source_excels/アルボース2階入退所予定表.xls,R7.8月,62,left,,,,,not_matched_name_unknown
S_53a5398d9ef51994,2F,floor_out,2025-08-08,2025-08,金,入所,1,,島崎 波枝,島崎波枝,14:00,,アミーキ,18,アミーキ,,,excel_workbook,data/raw/source_excels/アルボース2階入退所予定表.xls,R7.8月,62,right,00145557,2025-04-01,2025-08-08,0,matched_exact
S_3d93c4f081e2dcdc,2F,floor_in,2025-08-09,2025-08,土,ショート,1,,鈴木 よし子,鈴木よし子,AM,迎,自宅,11,,,,excel_workbook,data/raw/source_excels/アルボース2階入退所予定表.xls,R7.8月,69,left,00028837,2025-08-09,2025-08-12,0,matched_exact
S_00f496e1b858354c,2F,floor_out,2025-08-09,2025-08,土,ショート,1,,原 貴美子,原貴美子,AM,送,自宅,11,自宅,自宅退所,,excel_workbook,data/raw/source_excels/アルボース2階入退所予定表.xls,R7.8月,69,right,00114754,2025-08-01,2025-08-09,0,matched_exact
S_e32e39f1c455edab,2F,floor_in,2025-08-09,2025-08,土,ショート,1,,阿久津 ショウ,阿久津ショウ,10:30,,自宅,22,,,,excel_workbook,data/raw/source_excels/アルボース2階入退所予定表.xls,R7.8月,70,left,00055539,2025-08-09,2025-08-14,0,matched_exact
S_ec2ffd95e0fe13e5,2F,floor_out,2025-08-09,2025-08,土,ショート,1,,新井 幸子,新井幸子,10:00,,自宅,13,自宅,自宅退所,,excel_workbook,data/raw/source_excels/アルボース2階入退所予定表.xls,R7.8月,70,right,00092936,2025-08-05,2025-08-09,0,matched_exact
S_b74c6d3b566a5f27,2F,floor_in,2025-08-10,2025-08,日,,,,23,23,,,,,,,,excel_workbook,data/raw/source_excels/アルボース2階入退所予定表.xls,R7.8月,77,left,,,,,not_matched_name_unknown
S_ddc0377364ac5447,2F,floor_out,2025-08-10,2025-08,日,ショート,1,,高橋 洋,高橋洋,10:00,,自宅,23,自宅,自宅退所,,excel_workbook,data/raw/source_excels/アルボース2階入退所予定表.xls,R7.8月,77,right,,,,,not_matched_name_unknown
S_59f6513169fc5c68,2F,floor_in,2025-08-11,2025-08,月,入所,1,,藤井 幸枝,藤井幸枝,10:30,,自宅,2,,,,excel_workbook,data/raw/source_excels/アルボース2階入退所予定表.xls,R7.8月,85,left,00042757,2025-08-11,2026-05-31,0,matched_exact
S_80e4db1bb8333035,2F,floor_out,2025-08-11,2025-08,月,ショート,1,,磯田 カヅ子,磯田カヅ子,10:00,,自宅,18,自宅,自宅退所,,excel_workbook,data/raw/source_excels/アルボース2階入退所予定表.xls,R7.8月,85,right,00141394,2025-08-08,2025-08-11,0,matched_exact
S_605675dd53806cbb,2F,floor_out,2025-08-12,2025-08,火,ショート,1,,鈴木 よし子,鈴木よし子,10:00,,自宅,11,自宅,自宅退所,,excel_workbook,data/raw/source_excels/アルボース2階入退所予定表.xls,R7.8月,93,right,00028837,2025-08-09,2025-08-12,0,matched_exact
S_047d9521319d9d37,2F,floor_in,2025-08-14,2025-08,木,ショート,1,,細井 明,細井明,10:30,,自宅,22,,,,excel_workbook,data/raw/source_excels/アルボース2階入退所予定表.xls,R7.8月,109,left,00154374,2025-08-14,2025-08-16,0,matched_exact
S_6e8fb4afa6d86ca5,2F,floor_out,2025-08-14,2025-08,木,ショート,1,,阿久津 ショウ,阿久津ショウ,10:00,,自宅,22,自宅,自宅退所,,excel_workbook,data/raw/source_excels/アルボース2階入退所予定表.xls,R7.8月,109,right,00055539,2025-08-09,2025-08-14,0,matched_exact
S_da4285779238ca1e,2F,floor_in,2025-08-14,2025-08,木,ショート,1,,原 貴美子,原貴美子,AM,迎,自宅,11,,,,excel_workbook,data/raw/source_excels/アルボース2階入退所予定表.xls,R7.8月,110,left,00114754,2025-08-14,2025-08-22,0,matched_exact
S_bcc371316a210633,2F,floor_in,2025-08-15,2025-08,金,入所,1,新,肥後 喜代,肥後喜代,10:30,,石井HP,18,,,,excel_workbook,data/raw/source_excels/アルボース2階入退所予定表.xls,R7.8月,117,left,00041772,2025-08-15,2025-10-11,0,matched_exact
S_b5b27f558952cbde,2F,floor_out,2025-08-15,2025-08,金,入所,1,,萩原 多美枝,萩原多美枝,10:00,,自宅,5,自宅,自宅退所,,excel_workbook,data/raw/source_excels/アルボース2階入退所予定表.xls,R7.8月,117,right,00133246,2025-04-01,2025-08-15,0,matched_exact
S_d0579c9096fdf3ca,2F,floor_in,2025-08-15,2025-08,金,ショート,1,,亀山 信子,亀山信子,AM,迎,自宅,20,,,,excel_workbook,data/raw/source_excels/アルボース2階入退所予定表.xls,R7.8月,118,left,00107616,2025-08-15,2025-08-18,0,matched_exact
S_41b09e077b9b1b1e,2F,floor_out,2025-08-15,2025-08,金,ショート,1,,長谷川 浩子,長谷川浩子,10:00,,自宅,20,自宅,自宅退所,,excel_workbook,data/raw/source_excels/アルボース2階入退所予定表.xls,R7.8月,118,right,00121152,2025-07-17,2025-08-15,0,matched_exact
S_f8e0c82c3b114d18,2F,floor_in,2025-08-16,2025-08,土,ショート,1,,中村 一雄,中村一雄,AM,迎,自宅,22,,,,excel_workbook,data/raw/source_excels/アルボース2階入退所予定表.xls,R7.8月,125,left,00060337,2025-08-16,2025-08-27,0,matched_exact
S_9a961a4a304398d6,2F,floor_out,2025-08-16,2025-08,土,ショート,1,,細井 明,細井明,AM,送,自宅,22,自宅,自宅退所,,excel_workbook,data/raw/source_excels/アルボース2階入退所予定表.xls,R7.8月,125,right,00154374,2025-08-14,2025-08-16,0,matched_exact
S_bd8662a79c9cacff,2F,floor_in,2025-08-16,2025-08,土,入所,1,,市村 祐子,市村祐子,,,ユニット,20,,,,excel_workbook,data/raw/source_excels/アルボース2階入退所予定表.xls,R7.8月,126,left,00048877,2025-08-16,2026-05-31,0,matched_exact
S_5c81a35399e56e9a,2F,floor_out,2025-08-16,2025-08,土,入所,1,,杉浦 好江,杉浦好江,10:00,,自宅,20,自宅,自宅退所,,excel_workbook,data/raw/source_excels/アルボース2階入退所予定表.xls,R7.8月,126,right,00155370,2025-05-24,2025-08-16,0,matched_exact
S_708094575dcea711,2F,floor_in,2025-08-18,2025-08,月,ショート,1,,小林 眞代,小林眞代,AM,迎,自宅,6,,,,excel_workbook,data/raw/source_excels/アルボース2階入退所予定表.xls,R7.8月,141,left,00052434,2025-08-18,2025-08-20,0,matched_exact
S_ff4587838299ce13,2F,floor_out,2025-08-18,2025-08,月,ショート,1,,坂本 千鶴子,坂本千鶴子,10:00,,自宅,6,自宅,自宅退所,,excel_workbook,data/raw/source_excels/アルボース2階入退所予定表.xls,R7.8月,141,right,00151132,2025-07-26,2025-08-18,0,matched_exact
S_882992b9a2c4b246,2F,floor_in,2025-08-18,2025-08,月,ショート,1,,児島 菊江,児島菊江,AM,迎,自宅,20,,,,excel_workbook,data/raw/source_excels/アルボース2階入退所予定表.xls,R7.8月,142,left,00060950,2025-08-18,2025-08-20,0,matched_exact
S_c64ed6ba70bb3b51,2F,floor_out,2025-08-18,2025-08,月,ショート,1,,亀山 信子,亀山信子,AM,送,自宅,20,自宅,自宅退所,,excel_workbook,data/raw/source_excels/アルボース2階入退所予定表.xls,R7.8月,142,right,00107616,2025-08-15,2025-08-18,0,matched_exact
S_18bc7c6f393c3431,2F,floor_in,2025-08-19,2025-08,火,ショート,1,,坂倉 康子,坂倉康子,AM,迎,自宅,7,,,,excel_workbook,data/raw/source_excels/アルボース2階入退所予定表.xls,R7.8月,149,left,00149052,2025-08-19,2025-08-21,0,matched_exact
S_a1633ca06ef84aa2,2F,floor_out,2025-08-19,2025-08,火,入所,1,,関川 浩,関川浩,10:00,,自宅,0,自宅,自宅退所,,excel_workbook,data/raw/source_excels/アルボース2階入退所予定表.xls,R7.8月,149,right,,,,,not_matched_name_unknown
S_9b48c6f19a348b90,2F,floor_in,2025-08-19,2025-08,火,ショート,1,新,小林 喜久江,小林喜久江,10:30,,自宅,13,,,,excel_workbook,data/raw/source_excels/アルボース2階入退所予定表.xls,R7.8月,150,left,00062378,2025-08-19,2025-08-23,0,matched_exact
S_8f81cfb181d8a933,2F,floor_out,2025-08-19,2025-08,火,ショート,1,,中野 るみ子,中野るみ子,AM,送,自宅,7,自宅,自宅退所,,excel_workbook,data/raw/source_excels/アルボース2階入退所予定表.xls,R7.8月,150,right,00074049,2025-08-07,2025-08-19,0,matched_exact
S_c89e5ea21a70365d,2F,floor_in,2025-08-20,2025-08,水,入所,1,再,島 菊枝,島菊枝,10:30,,自宅,6,,,,excel_workbook,data/raw/source_excels/アルボース2階入退所予定表.xls,R7.8月,157,left,00112713,2025-08-20,2025-11-23,0,matched_exact
S_59e25ff8b35169dc,2F,floor_out,2025-08-20,2025-08,水,ショート,1,,小林 眞代,小林眞代,AM,送,自宅,6,自宅,自宅退所,,excel_workbook,data/raw/source_excels/アルボース2階入退所予定表.xls,R7.8月,157,right,00052434,2025-08-18,2025-08-20,0,matched_exact
S_001b9f8f5a49fcaf,2F,floor_in,2025-08-20,2025-08,水,入所,1,新,片柳 恵子,片柳恵子,10:30,,自宅,20,,,,excel_workbook,data/raw/source_excels/アルボース2階入退所予定表.xls,R7.8月,158,left,,,,,not_matched_name_unknown
S_d92e9ba61de887b3,2F,floor_out,2025-08-20,2025-08,水,入所,1,,田村 美枝子,田村美枝子,10:00,,自宅,6,自宅,自宅退所,,excel_workbook,data/raw/source_excels/アルボース2階入退所予定表.xls,R7.8月,158,right,00154234,2025-07-09,2025-08-20,0,matched_exact
S_3900c2516227d4d3,2F,floor_in,2025-08-20,2025-08,水,ショート,1,新,村上 一惠,村上一惠,16:50,,自宅,23,,,,excel_workbook,data/raw/source_excels/アルボース2階入退所予定表.xls,R7.8月,159,left,00106591,2025-08-20,2025-08-21,0,matched_exact
S_55907a3a99a58c64,2F,floor_out,2025-08-20,2025-08,水,ショート,1,,児島 菊江,児島菊江,AM,送,自宅,20,自宅,自宅退所,,excel_workbook,data/raw/source_excels/アルボース2階入退所予定表.xls,R7.8月,159,right,00060950,2025-08-18,2025-08-20,0,matched_exact
S_697e947efc0dbc4f,2F,floor_out,2025-08-21,2025-08,木,ショート,1,,坂倉 康子,坂倉康子,AM,送,自宅,7,自宅,自宅退所,,excel_workbook,data/raw/source_excels/アルボース2階入退所予定表.xls,R7.8月,165,right,00149052,2025-08-19,2025-08-21,0,matched_exact
S_9a5544f834834a71,2F,floor_out,2025-08-21,2025-08,木,ショート,1,,村上 一惠,村上一惠,09:00,,市民HP,23,市民HP,病院退所,,excel_workbook,data/raw/source_excels/アルボース2階入退所予定表.xls,R7.8月,166,right,00106591,2025-08-20,2025-08-21,0,matched_exact
S_051fb840374284c4,2F,floor_in,2025-08-22,2025-08,金,入所,1,,坂本 千鶴子,坂本千鶴子,10:30,,自宅,6,,,,excel_workbook,data/raw/source_excels/アルボース2階入退所予定表.xls,R7.8月,173,left,00151132,2025-08-22,2025-12-06,0,matched_exact
S_47d7caf88f884702,2F,floor_out,2025-08-22,2025-08,金,ショート,1,,原 貴美子,原貴美子,AM,送,自宅,11,自宅,自宅退所,,excel_workbook,data/raw/source_excels/アルボース2階入退所予定表.xls,R7.8月,173,right,00114754,2025-08-14,2025-08-22,0,matched_exact
S_76ff63592efc2afd,2F,floor_in,2025-08-22,2025-08,金,ショート,1,,磯田 カヅ子,磯田カヅ子,10:30,,自宅,11,,,,excel_workbook,data/raw/source_excels/アルボース2階入退所予定表.xls,R7.8月,174,left,00141394,2025-08-22,2025-08-24,0,matched_exact
S_5ab0d2a5d97af0b2,2F,floor_in,2025-08-22,2025-08,金,入所,1,,長谷川 浩子,長谷川浩子,10:30,,自宅,7,,,,excel_workbook,data/raw/source_excels/アルボース2階入退所予定表.xls,R7.8月,175,left,00121152,2025-08-22,2025-09-25,0,matched_exact
S_a03be6b0de3a02d2,2F,floor_in,2025-08-23,2025-08,土,ショート,1,,杉浦 好江,杉浦好江,10:30,,自宅,5,,,,excel_workbook,data/raw/source_excels/アルボース2階入退所予定表.xls,R7.8月,181,left,00155370,2025-08-23,2025-09-13,0,matched_exact
S_4522105c421fd25b,2F,floor_out,2025-08-23,2025-08,土,ショート,1,,小林 喜久江,小林喜久江,10:00,,自宅,13,自宅,自宅退所,,excel_workbook,data/raw/source_excels/アルボース2階入退所予定表.xls,R7.8月,181,right,00062378,2025-08-19,2025-08-23,0,matched_exact
S_6c2030aee6d84902,2F,floor_out,2025-08-24,2025-08,日,ショート,1,,磯田 カヅ子,磯田カヅ子,10:00,,自宅,11,自宅,自宅退所,,excel_workbook,data/raw/source_excels/アルボース2階入退所予定表.xls,R7.8月,189,right,00141394,2025-08-22,2025-08-24,0,matched_exact
S_4d1fe75fcec96d8d,2F,floor_in,2025-08-25,2025-08,月,入所,1,新,関谷 康子,関谷康子,10:30,,併設病院,23,,,,excel_workbook,data/raw/source_excels/アルボース2階入退所予定表.xls,R7.8月,197,left,00146225,2025-08-25,2025-12-12,0,matched_exact
S_60113ae19ef0a0bd,2F,floor_in,2025-08-27,2025-08,水,ショート,1,,掘田 益男,掘田益男,AM,迎,自宅,22,,,,excel_workbook,data/raw/source_excels/アルボース2階入退所予定表.xls,R7.8月,213,left,00092183,2025-08-27,2025-09-02,0,matched_boundary_only_name_mismatch
S_022fd7878dc8cb0b,2F,floor_out,2025-08-27,2025-08,水,ショート,1,,中村 一雄,中村一雄,AM,送,自宅,22,自宅,自宅退所,,excel_workbook,data/raw/source_excels/アルボース2階入退所予定表.xls,R7.8月,213,right,00060337,2025-08-16,2025-08-27,0,matched_exact
S_057e6e4420af148c,2F,floor_in,2025-08-29,2025-08,金,ショート,1,,中野 るみ子,中野るみ子,AM,迎,自宅,13,,,,excel_workbook,data/raw/source_excels/アルボース2階入退所予定表.xls,R7.8月,229,left,00074049,2025-08-29,2025-09-04,0,matched_exact
S_6249caa4c27ed878,2F,floor_out,2025-08-29,2025-08,金,入所,1,,根岸 美津子,根岸美津子,11:30,,住宅型有料「はなわホーム」,13,住宅型有料「はなわホーム」,施設退所,施設退所,excel_workbook,data/raw/source_excels/アルボース2階入退所予定表.xls,R7.8月,229,right,00161856,2025-04-01,2025-08-29,0,matched_exact
S_c208d641118427f9,2F,floor_in,2025-08-30,2025-08,土,ショート,1,,石田 博紀,石田博紀,AM,迎,自宅,,,,,excel_workbook,data/raw/source_excels/アルボース2階入退所予定表.xls,R7.8月,237,left,00161893,2025-08-30,2025-09-01,0,matched_exact
S_b21b1ae3b060c6af,2F,floor_out,2025-09-01,2025-09,月,ショート,1,,石田 博紀,石田博紀,AM,送,自宅,,自宅,自宅退所,,excel_workbook,data/raw/source_excels/アルボース2階入退所予定表.xls,R7.9月,5,right,00161893,2025-08-30,2025-09-01,0,matched_exact
S_5242d8b49b2e3947,2F,floor_out,2025-09-01,2025-09,月,入所,1,,鴨田 計夫,鴨田計夫,10:00,,特養「ゆたか」,21,特養「ゆたか」,施設退所,施設退所,excel_workbook,data/raw/source_excels/アルボース2階入退所予定表.xls,R7.9月,6,right,00095547,2025-06-02,2025-09-01,0,matched_exact
S_311d3280688878d3,2F,floor_out,2025-09-02,2025-09,火,ショート,1,,堀田 益男,堀田益男,AM,送,自宅,22,自宅,自宅退所,,excel_workbook,data/raw/source_excels/アルボース2階入退所予定表.xls,R7.9月,13,right,00092183,2025-08-27,2025-09-02,0,matched_exact
S_a92527242cd2d014,2F,floor_in,2025-09-02,2025-09,火,入所,1,新,鈴木 弘美,鈴木弘美,10:30,,併設病院,16,,,,excel_workbook,data/raw/source_excels/アルボース2階入退所予定表.xls,R7.9月,14,left,00149589,2025-09-02,2026-02-20,0,matched_exact
S_8317eda385307117,2F,floor_in,2025-09-02,2025-09,火,ショート,1,,後藤 俊治,後藤俊治,10:30,,自宅,11,,,,excel_workbook,data/raw/source_excels/アルボース2階入退所予定表.xls,R7.9月,15,left,00104287,2025-09-02,2025-09-05,0,matched_exact
S_0ee0254652b7942a,2F,floor_in,2025-09-04,2025-09,木,ショート,1,新,松江 光子,松江光子,AM,迎,自宅,13,,,,excel_workbook,data/raw/source_excels/アルボース2階入退所予定表.xls,R7.9月,29,left,00143482,2025-09-04,2025-09-09,0,matched_exact
S_45c5cdc479c83c3a,2F,floor_out,2025-09-04,2025-09,木,ショート,1,,中野 るみ子,中野るみ子,AM,送,自宅,13,自宅,自宅退所,,excel_workbook,data/raw/source_excels/アルボース2階入退所予定表.xls,R7.9月,29,right,00074049,2025-08-29,2025-09-04,0,matched_exact
S_9194d624dd406e3c,2F,floor_in,2025-09-05,2025-09,金,ショート,1,,原 貴美子,原貴美子,AM,迎,自宅,11,,,,excel_workbook,data/raw/source_excels/アルボース2階入退所予定表.xls,R7.9月,37,left,00114754,2025-09-05,2025-09-16,0,matched_exact
S_f4acecbe76ec403f,2F,floor_out,2025-09-05,2025-09,金,ショート,1,,後藤 俊治,後藤俊治,10:00,,自宅,11,自宅,自宅退所,,excel_workbook,data/raw/source_excels/アルボース2階入退所予定表.xls,R7.9月,37,right,00104287,2025-09-02,2025-09-05,0,matched_exact
S_ef6d58b6ca425f4f,2F,floor_in,2025-09-06,2025-09,土,ショート,1,,鈴木 よし子,鈴木よし子,AM,迎,自宅,3,,,,excel_workbook,data/raw/source_excels/アルボース2階入退所予定表.xls,R7.9月,45,left,00028837,2025-09-06,2025-09-08,0,matched_exact
S_0ab41f26d83ea216,2F,floor_out,2025-09-06,2025-09,土,入所,1,,大塚 勝子,大塚勝子,10:00,,自宅,3,自宅,自宅退所,,excel_workbook,data/raw/source_excels/アルボース2階入退所予定表.xls,R7.9月,45,right,00144692,2025-05-13,2025-09-06,0,matched_exact
S_72509cb908c09c90,2F,floor_out,2025-09-08,2025-09,月,ショート,1,,鈴木 よし子,鈴木よし子,AM,送,自宅,3,自宅,自宅退所,,excel_workbook,data/raw/source_excels/アルボース2階入退所予定表.xls,R7.9月,61,right,00028837,2025-09-06,2025-09-08,0,matched_exact
S_124661b625ea377c,2F,floor_in,2025-09-09,2025-09,火,ショート,1,,坂倉 康子,坂倉康子,AM,迎,自宅,3,,,,excel_workbook,data/raw/source_excels/アルボース2階入退所予定表.xls,R7.9月,69,left,00149052,2025-09-09,2025-09-11,0,matched_exact
S_a771e8a20c03b110,2F,floor_out,2025-09-09,2025-09,火,入所,1,,吉岡 加津代,吉岡加津代,10:00,,自宅,17,自宅,自宅退所,,excel_workbook,data/raw/source_excels/アルボース2階入退所予定表.xls,R7.9月,69,right,00155078,2025-06-06,2025-09-09,0,matched_exact
S_711b0aaa9dec443c,2F,floor_in,2025-09-09,2025-09,火,ショート,1,,大塚 勝子,大塚勝子,AM,迎,自宅,13,,,,excel_workbook,data/raw/source_excels/アルボース2階入退所予定表.xls,R7.9月,70,left,00144692,2025-09-09,2025-10-04,0,matched_exact
S_41ea8cfe206868b6,2F,floor_out,2025-09-09,2025-09,火,ショート,1,,松江 光子,松江光子,AM,送,自宅,13,自宅,自宅退所,,excel_workbook,data/raw/source_excels/アルボース2階入退所予定表.xls,R7.9月,70,right,00143482,2025-09-04,2025-09-09,0,matched_exact
S_d2f2a55ccbfac8d4,2F,floor_in,2025-09-09,2025-09,火,ショート,1,,木暮 禮子,木暮禮子,AM,迎,自宅,12,,,,excel_workbook,data/raw/source_excels/アルボース2階入退所予定表.xls,R7.9月,71,left,00142443,2025-09-09,2025-09-12,0,matched_exact
S_cc6e518bed885488,2F,floor_in,2025-09-10,2025-09,水,ショート,1,,亀山 信子,亀山信子,AM,迎,自宅,17,,,,excel_workbook,data/raw/source_excels/アルボース2階入退所予定表.xls,R7.9月,77,left,00107616,2025-09-10,2025-09-16,0,matched_exact
S_5bb20b417eb7dff7,2F,floor_out,2025-09-10,2025-09,水,入所,1,,松島 宏尚,松島宏尚,10:00,,自宅,21,自宅,自宅退所,,excel_workbook,data/raw/source_excels/アルボース2階入退所予定表.xls,R7.9月,77,right,00145463,2025-07-23,2025-09-10,0,matched_exact
S_23f2738e9b4819f5,2F,floor_in,2025-09-11,2025-09,木,ショート,1,,児島 菊江,児島菊江,AM,迎,自宅,3,,,,excel_workbook,data/raw/source_excels/アルボース2階入退所予定表.xls,R7.9月,85,left,00060950,2025-09-11,2025-09-13,0,matched_exact
S_7eaa66c1fe0131ab,2F,floor_out,2025-09-11,2025-09,木,ショート,1,,坂倉 康子,坂倉康子,AM,送,自宅,3,自宅,自宅退所,,excel_workbook,data/raw/source_excels/アルボース2階入退所予定表.xls,R7.9月,85,right,00149052,2025-09-09,2025-09-11,0,matched_exact
S_3630d318988b27e6,2F,floor_out,2025-09-11,2025-09,木,入所,1,,荻原 久子,荻原久子,10:00,,自宅,1,自宅,自宅退所,,excel_workbook,data/raw/source_excels/アルボース2階入退所予定表.xls,R7.9月,86,right,00148879,2025-04-15,2025-09-11,0,matched_exact
S_8fe91f1d5793ce20,2F,floor_in,2025-09-12,2025-09,金,ショート,1,,吉岡 加津代,吉岡加津代,10:30,,自宅,17,,,,excel_workbook,data/raw/source_excels/アルボース2階入退所予定表.xls,R7.9月,93,left,00155078,2025-09-12,2025-10-07,0,matched_exact
S_2bd150f154637958,2F,floor_out,2025-09-12,2025-09,金,ショート,1,,木暮 禮子,木暮禮子,08:30,,自宅,12,自宅,自宅退所,,excel_workbook,data/raw/source_excels/アルボース2階入退所予定表.xls,R7.9月,93,right,00142443,2025-09-09,2025-09-12,0,matched_exact
S_e6be497dc9ff2dcd,2F,floor_in,2025-09-12,2025-09,金,転床,1,,小林 壮吉,小林壮吉,,,3階,22,,,,excel_workbook,data/raw/source_excels/アルボース2階入退所予定表.xls,R7.9月,94,left,,,,,not_matched_name_unknown
S_096cfef7bcae1829,2F,floor_out,2025-09-12,2025-09,金,入所,1,,井野 忠,井野忠,10:00,,自宅,0,自宅,自宅退所,,excel_workbook,data/raw/source_excels/アルボース2階入退所予定表.xls,R7.9月,94,right,00125158,2025-06-16,2025-09-12,0,matched_exact
S_1608a63918b8f02f,2F,floor_in,2025-09-13,2025-09,土,ショート,1,,渋澤 美知子,渋澤美知子,10:30,,自宅,3,,,,excel_workbook,data/raw/source_excels/アルボース2階入退所予定表.xls,R7.9月,101,left,00161225,2025-09-13,2025-09-15,0,matched_exact
S_bcd4522b333a818b,2F,floor_out,2025-09-13,2025-09,土,ショート,1,,児島 菊江,児島菊江,AM,送,自宅,3,自宅,自宅退所,,excel_workbook,data/raw/source_excels/アルボース2階入退所予定表.xls,R7.9月,101,right,00060950,2025-09-11,2025-09-13,0,matched_exact
S_f7239a1b5abe1b12,2F,floor_in,2025-09-13,2025-09,土,ショート,1,,小林 眞代,小林眞代,AM,迎,自宅,5,,,,excel_workbook,data/raw/source_excels/アルボース2階入退所予定表.xls,R7.9月,102,left,00052434,2025-09-13,2025-09-16,0,matched_exact
S_b3bb2581b1825468,2F,floor_out,2025-09-13,2025-09,土,ショート,1,,杉浦 好江,杉浦好江,10:00,,自宅,5,自宅,自宅退所,,excel_workbook,data/raw/source_excels/アルボース2階入退所予定表.xls,R7.9月,102,right,00155370,2025-08-23,2025-09-13,0,matched_exact
S_3e984543a241411f,2F,floor_in,2025-09-15,2025-09,月,ショート,1,,細井 明,細井明,10:30,,自宅,21,,,,excel_workbook,data/raw/source_excels/アルボース2階入退所予定表.xls,R7.9月,117,left,00154374,2025-09-15,2025-09-17,0,matched_exact
S_2b4862f3304b9779,2F,floor_out,2025-09-15,2025-09,月,入所,1,,井上 勇,井上勇,10:00,,自宅,21,自宅,自宅退所,,excel_workbook,data/raw/source_excels/アルボース2階入退所予定表.xls,R7.9月,117,right,00146240,2025-06-30,2025-09-15,0,matched_exact
S_bc803246612eab70,2F,floor_out,2025-09-15,2025-09,月,ショート,1,,渋澤 美知子,渋澤美知子,15:00,,自宅,3,自宅,自宅退所,,excel_workbook,data/raw/source_excels/アルボース2階入退所予定表.xls,R7.9月,118,right,00161225,2025-09-13,2025-09-15,0,matched_exact
S_841b1c45d2a3b908,2F,floor_in,2025-09-16,2025-09,火,入所,1,,萩原 多美枝,萩原多美枝,10:30,,自宅,1,,,,excel_workbook,data/raw/source_excels/アルボース2階入退所予定表.xls,R7.9月,125,left,00133246,2025-09-16,2026-02-05,0,matched_exact
S_65051247b71dd673,2F,floor_out,2025-09-16,2025-09,火,ショート,1,,亀山 信子,亀山信子,AM,送,自宅,1,自宅,自宅退所,,excel_workbook,data/raw/source_excels/アルボース2階入退所予定表.xls,R7.9月,125,right,00107616,2025-09-10,2025-09-16,0,matched_exact
S_a6753ef439a8eee6,2F,floor_in,2025-09-16,2025-09,火,ショート,1,,中野 るみ子,中野るみ子,AM,迎,自宅,5,,,,excel_workbook,data/raw/source_excels/アルボース2階入退所予定表.xls,R7.9月,126,left,00074049,2025-09-16,2025-09-25,0,matched_exact
S_64ad48792688fb82,2F,floor_out,2025-09-16,2025-09,火,ショート,1,,小林 眞代,小林眞代,AM,送,自宅,5,自宅,自宅退所,,excel_workbook,data/raw/source_excels/アルボース2階入退所予定表.xls,R7.9月,126,right,00052434,2025-09-13,2025-09-16,0,matched_exact
S_c8243c4557c18454,2F,floor_in,2025-09-16,2025-09,火,ショート,1,,新井 幸子,新井幸子,10:30,,自宅,11,,,,excel_workbook,data/raw/source_excels/アルボース2階入退所予定表.xls,R7.9月,127,left,00092936,2025-09-16,2025-09-20,0,matched_exact
S_d1e0882c8fddceb0,2F,floor_out,2025-09-16,2025-09,火,ショート,1,,原 貴美子,原貴美子,AM,送,自宅,11,自宅,自宅退所,,excel_workbook,data/raw/source_excels/アルボース2階入退所予定表.xls,R7.9月,127,right,00114754,2025-09-05,2025-09-16,0,matched_exact
S_ca4bf9617259acaf,2F,floor_in,2025-09-17,2025-09,水,ショート,1,,荻原 久子,荻原久子,AM,迎,自宅,13,,,,excel_workbook,data/raw/source_excels/アルボース2階入退所予定表.xls,R7.9月,133,left,00148879,2025-09-17,2025-10-10,0,matched_exact
S_6d75d87eb20b1cc5,2F,floor_out,2025-09-17,2025-09,水,ショート,1,,細井 明,細井明,AM,送,自宅,21,自宅,自宅退所,,excel_workbook,data/raw/source_excels/アルボース2階入退所予定表.xls,R7.9月,133,right,00154374,2025-09-15,2025-09-17,0,matched_exact
S_e24b87257bca1e28,2F,floor_in,2025-09-17,2025-09,水,ショート,1,,関川 浩,関川浩,AM,迎,自宅,0,,,,excel_workbook,data/raw/source_excels/アルボース2階入退所予定表.xls,R7.9月,134,left,,,,,not_matched_name_unknown
S_d223e2c0f2ce43f7,2F,floor_in,2025-09-17,2025-09,水,ショート,1,,井野 忠,井野忠,AM,迎,自宅,21,,,,excel_workbook,data/raw/source_excels/アルボース2階入退所予定表.xls,R7.9月,135,left,00125158,2025-09-17,2025-10-08,0,matched_exact
S_d9fa76717e6abd70,2F,floor_in,2025-09-18,2025-09,木,入所,1,,鈴木 利通,鈴木利通,10:30,,併設HP,21,,,,excel_workbook,data/raw/source_excels/アルボース2階入退所予定表.xls,R7.9月,141,left,00042165,2025-09-18,2026-01-17,0,matched_exact
S_a997178e79dd5877,2F,floor_out,2025-09-18,2025-09,木,入所,1,,逸見 弘久,逸見弘久,10:00,,特養ルピナス,8,特養ルピナス,施設退所,施設退所,excel_workbook,data/raw/source_excels/アルボース2階入退所予定表.xls,R7.9月,141,right,00093421,2025-04-24,2025-09-18,0,matched_exact
S_79c2427da0915814,2F,floor_in,2025-09-19,2025-09,金,入所,1,新,久保田 益夫,久保田益夫,10:30,,サ高住「花見月」,8,,,,excel_workbook,data/raw/source_excels/アルボース2階入退所予定表.xls,R7.9月,149,left,00120484,2025-09-19,2026-02-13,0,matched_exact
S_1982f5c72962a68d,2F,floor_out,2025-09-19,2025-09,金,入所,1,,根岸 一郎,根岸一郎,10:00,,自宅,8,自宅,自宅退所,,excel_workbook,data/raw/source_excels/アルボース2階入退所予定表.xls,R7.9月,149,right,00150658,2025-04-11,2025-09-19,0,matched_exact
S_d94785603d3a058b,2F,floor_in,2025-09-20,2025-09,土,入所,1,,杉浦 好江,杉浦好江,10:30,,自宅,5,,,,excel_workbook,data/raw/source_excels/アルボース2階入退所予定表.xls,R7.9月,157,left,00155370,2025-09-20,2026-01-17,0,matched_exact
S_6f73ab3fdd520376,2F,floor_out,2025-09-20,2025-09,土,ショート,1,,新井 幸子,新井幸子,10:00,,自宅,11,自宅,自宅退所,,excel_workbook,data/raw/source_excels/アルボース2階入退所予定表.xls,R7.9月,157,right,00092936,2025-09-16,2025-09-20,0,matched_exact
S_754802ce3f520eb3,2F,floor_in,2025-09-22,2025-09,月,ショート,1,,松島 宏尚,松島宏尚,AM,迎,自宅,0,,,,excel_workbook,data/raw/source_excels/アルボース2階入退所予定表.xls,R7.9月,173,left,00145463,2025-09-22,2025-09-26,0,matched_exact
S_c015a650345dcc91,2F,floor_out,2025-09-22,2025-09,月,ショート,1,,関川 浩,関川浩,AM,送,自宅,0,自宅,自宅退所,,excel_workbook,data/raw/source_excels/アルボース2階入退所予定表.xls,R7.9月,173,right,,,,,not_matched_name_unknown
S_1ba7d29b39e474b7,2F,floor_out,2025-09-23,2025-09,火,入所,1,,小保方 明,小保方明,10:00,,サ高住「くれよん」,21,サ高住「くれよん」,施設退所,施設退所,excel_workbook,data/raw/source_excels/アルボース2階入退所予定表.xls,R7.9月,181,right,00161371,2025-07-08,2025-09-23,0,matched_exact
S_dd44b59cda477a03,2F,floor_out,2025-09-25,2025-09,木,入所,1,,長谷川 浩子,長谷川浩子,10:00,,自宅,7,自宅,自宅退所,,excel_workbook,data/raw/source_excels/アルボース2階入退所予定表.xls,R7.9月,197,right,00121152,2025-08-22,2025-09-25,0,matched_exact
S_7292ef0cc0e68475,2F,floor_out,2025-09-25,2025-09,木,ショート,1,,中野 るみ子,中野るみ子,AM,送,自宅,11,自宅,自宅退所,,excel_workbook,data/raw/source_excels/アルボース2階入退所予定表.xls,R7.9月,198,right,00074049,2025-09-16,2025-09-25,0,matched_exact
S_aa6700c0912df9ce,2F,floor_out,2025-09-25,2025-09,木,入所,1,,細井 君子,細井君子,10:00,,特養アミーキ,20,特養アミーキ,施設退所,施設退所,excel_workbook,data/raw/source_excels/アルボース2階入退所予定表.xls,R7.9月,199,right,00002999,2025-05-17,2025-09-25,0,matched_exact
S_57b745983c28d46f,2F,floor_in,2025-09-26,2025-09,金,ショート,1,,根岸 一郎,根岸一郎,AM,迎,自宅,0,,,,excel_workbook,data/raw/source_excels/アルボース2階入退所予定表.xls,R7.9月,205,left,00150658,2025-09-26,2025-10-17,0,matched_exact
S_eeb3f9ea80b44970,2F,floor_out,2025-09-26,2025-09,金,ショート,1,,松島 宏尚,松島宏尚,AM,送,自宅,0,自宅,自宅退所,,excel_workbook,data/raw/source_excels/アルボース2階入退所予定表.xls,R7.9月,205,right,00145463,2025-09-22,2025-09-26,0,matched_exact
S_7e33e87780e10bf6,2F,floor_in,2025-09-26,2025-09,金,ショート,1,,原 貴美子,原貴美子,AM,迎,自宅,11,,,,excel_workbook,data/raw/source_excels/アルボース2階入退所予定表.xls,R7.9月,206,left,00114754,2025-09-26,2025-10-02,0,matched_exact
S_0130ce25ccd8a454,2F,floor_out,2025-09-26,2025-09,金,入所,1,,片柳 恵子,片柳恵子,10:00,,自宅,20,自宅,自宅退所,,excel_workbook,data/raw/source_excels/アルボース2階入退所予定表.xls,R7.9月,206,right,,,,,not_matched_name_unknown
S_e25b5cd6c67433d8,2F,floor_in,2025-09-26,2025-09,金,入所,1,新,小林 千秋,小林千秋,10:30,,自宅,13,,,,excel_workbook,data/raw/source_excels/アルボース2階入退所予定表.xls,R7.9月,207,left,00098319,2025-09-26,2025-11-10,0,matched_exact
S_4b4b12a63cc1cb71,2F,floor_out,2025-09-26,2025-09,金,入所,1,,長野 富美子,長野富美子,09:04,,死去,1,死亡,死亡退所,死亡退所,excel_workbook,data/raw/source_excels/アルボース2階入退所予定表.xls,R7.9月,207,right,00159813,2025-04-01,2025-09-26,0,matched_exact
S_be78909b524f9957,2F,floor_in,2025-09-26,2025-09,金,入所,1,,木暮 禮子,木暮禮子,14:00,,石井Hsp,23,,,,excel_workbook,data/raw/source_excels/アルボース2階入退所予定表.xls,R7.9月,212,left,00142443,2025-09-26,2026-04-24,0,matched_exact
S_3a5d3fa80375d801,2F,floor_in,2025-09-27,2025-09,土,入所,1,,渋澤 美知子,渋澤美知子,10:30,,自宅,1,,,,excel_workbook,data/raw/source_excels/アルボース2階入退所予定表.xls,R7.9月,213,left,00161225,2025-09-27,2025-12-20,0,matched_exact
S_5020db4e178fbe27,2F,floor_in,2025-09-27,2025-09,土,ショート,1,,石田 博紀,石田博紀,AM,迎,自宅,21,,,,excel_workbook,data/raw/source_excels/アルボース2階入退所予定表.xls,R7.9月,214,left,00161893,2025-09-27,2025-09-29,0,matched_exact
S_c505f76b50147881,2F,floor_in,2025-09-29,2025-09,月,ショート,1,,堀田益男,堀田益男,AM,迎,自宅,22,,,,excel_workbook,data/raw/source_excels/アルボース2階入退所予定表.xls,R7.9月,229,left,00092183,2025-09-29,2025-10-03,0,matched_exact
S_aace1c5ee31a8487,2F,floor_out,2025-09-29,2025-09,月,ショート,1,,石田 博紀,石田博紀,AM,送,自宅,21,自宅,自宅退所,,excel_workbook,data/raw/source_excels/アルボース2階入退所予定表.xls,R7.9月,229,right,00161893,2025-09-27,2025-09-29,0,matched_exact
S_51e30789290aeaf3,2F,floor_in,2025-09-29,2025-09,月,入所,1,,小林 喜久江,小林喜久江,10:30,,自宅,20,,,,excel_workbook,data/raw/source_excels/アルボース2階入退所予定表.xls,R7.9月,230,left,00062378,2025-09-29,2025-10-29,0,matched_exact
S_c38ac5889b764340,2F,floor_out,2025-09-30,2025-09,火,入所,1,,山崎 政枝,山崎政枝,10:00,,自宅,2,自宅,自宅退所,,excel_workbook,data/raw/source_excels/アルボース2階入退所予定表.xls,R7.9月,237,right,00154926,2025-05-31,2025-09-30,0,matched_exact
S_bbe8a12bc60243b3,2F,floor_in,2025-10-01,2025-10,水,ショート,1,,長谷川 浩子,長谷川浩子,10:30,,自宅,2,,,,excel_workbook,data/raw/source_excels/アルボース2階入退所予定表.xls,R7.10月,5,left,00121152,2025-10-01,2026-04-09,0,matched_exact
S_5164e80f98e2bb19,2F,floor_in,2025-10-02,2025-10,木,ショート,1,,亀山 信子,亀山信子,AM,迎,自宅,7,,,,excel_workbook,data/raw/source_excels/アルボース2階入退所予定表.xls,R7.10月,13,left,00107616,2025-10-02,2025-10-06,0,matched_exact
S_9520003e265229a8,2F,floor_out,2025-10-02,2025-10,木,入所,1,,岩澤 秀子,岩澤秀子,10:00,,自宅,7,自宅,自宅退所,,excel_workbook,data/raw/source_excels/アルボース2階入退所予定表.xls,R7.10月,13,right,00147744,2025-07-19,2025-10-02,0,matched_exact
S_7ffef83054fa66db,2F,floor_in,2025-10-02,2025-10,木,ショート,1,,中野 るみ子,中野るみ子,AM,迎,自宅,11,,,,excel_workbook,data/raw/source_excels/アルボース2階入退所予定表.xls,R7.10月,14,left,00074049,2025-10-02,2025-10-09,0,matched_exact
S_3c96aac57f4626e2,2F,floor_out,2025-10-02,2025-10,木,ショート,1,,原 貴美子,原貴美子,AM,送,自宅,11,自宅,自宅退所,,excel_workbook,data/raw/source_excels/アルボース2階入退所予定表.xls,R7.10月,14,right,00114754,2025-09-26,2025-10-02,0,matched_exact
S_1204786be88b8ac5,2F,floor_in,2025-10-03,2025-10,金,ショート,1,,松島 宏尚,松島宏尚,AM,迎,自宅,21,,,,excel_workbook,data/raw/source_excels/アルボース2階入退所予定表.xls,R7.10月,21,left,00145463,2025-10-03,2025-10-15,0,matched_exact
S_cdad38b47a8441b8,2F,floor_out,2025-10-03,2025-10,金,ショート,1,,堀田 益男,堀田益男,AM,送,自宅,21,自宅,自宅退所,,excel_workbook,data/raw/source_excels/アルボース2階入退所予定表.xls,R7.10月,21,right,00092183,2025-09-29,2025-10-03,0,matched_exact
S_f09657090678257e,2F,floor_out,2025-10-04,2025-10,土,ショート,1,,大塚 勝子,大塚勝子,AM,送,自宅,3,自宅,自宅退所,,excel_workbook,data/raw/source_excels/アルボース2階入退所予定表.xls,R7.10月,29,right,00144692,2025-09-09,2025-10-04,0,matched_exact
S_c91d101a2b62abc5,2F,floor_in,2025-10-06,2025-10,月,ショート,1,,坂倉 康子,坂倉康子,AM,迎,自宅,7,,,,excel_workbook,data/raw/source_excels/アルボース2階入退所予定表.xls,R7.10月,45,left,00149052,2025-10-06,2025-10-08,0,matched_exact
S_1f2b717892e18107,2F,floor_out,2025-10-06,2025-10,月,ショート,1,,亀山 信子,亀山信子,AM,送,自宅,7,自宅,自宅退所,,excel_workbook,data/raw/source_excels/アルボース2階入退所予定表.xls,R7.10月,45,right,00107616,2025-10-02,2025-10-06,0,matched_exact
S_50baa7396bf8ecf2,2F,floor_in,2025-10-07,2025-10,火,入所,1,,大塚 勝子,大塚勝子,10:30,,自宅,3,,,,excel_workbook,data/raw/source_excels/アルボース2階入退所予定表.xls,R7.10月,53,left,00144692,2025-10-07,2026-05-31,0,matched_exact
S_b5d315d6705b441c,2F,floor_out,2025-10-07,2025-10,火,ショート,1,,吉岡 加津代,吉岡加津代,10:00,,自宅,17,自宅,自宅退所,,excel_workbook,data/raw/source_excels/アルボース2階入退所予定表.xls,R7.10月,53,right,00155078,2025-09-12,2025-10-07,0,matched_exact
S_67efbc5c4fb31114,2F,floor_in,2025-10-07,2025-10,火,ショート,1,新,等々力 克美,等々力克美,AM,迎,自宅,8,,,,excel_workbook,data/raw/source_excels/アルボース2階入退所予定表.xls,R7.10月,54,left,00135729,2025-10-07,2025-10-27,0,matched_exact
S_5f4a6e025ef4a40c,2F,floor_in,2025-10-07,2025-10,火,ショート,1,,鈴木 よし子,鈴木よし子,AM,迎,自宅,17,,,,excel_workbook,data/raw/source_excels/アルボース2階入退所予定表.xls,R7.10月,55,left,00028837,2025-10-07,2025-10-09,0,matched_exact
S_ef0dceb382df4e66,2F,floor_out,2025-10-08,2025-10,水,ショート,1,,井野 忠,井野忠,AM,送,自宅,21,自宅,自宅退所,,excel_workbook,data/raw/source_excels/アルボース2階入退所予定表.xls,R7.10月,61,right,00125158,2025-09-17,2025-10-08,0,matched_exact
S_da9753b4167df9e2,2F,floor_out,2025-10-08,2025-10,水,入所,1,,井口 喜恵夫,井口喜恵夫,10:00,,自宅,12,自宅,自宅退所,,excel_workbook,data/raw/source_excels/アルボース2階入退所予定表.xls,R7.10月,62,right,00121839,2025-06-28,2025-10-08,0,matched_exact
S_8ec470aedc86c997,2F,floor_out,2025-10-08,2025-10,水,ショート,1,,坂倉 康子,坂倉康子,AM,送,自宅,7,自宅,自宅退所,,excel_workbook,data/raw/source_excels/アルボース2階入退所予定表.xls,R7.10月,63,right,00149052,2025-10-06,2025-10-08,0,matched_exact
S_001722437a3dc07e,2F,floor_in,2025-10-09,2025-10,木,ショート,1,,岩澤 秀子,岩澤秀子,10:30,,自宅,7 窓側希望,,,,excel_workbook,data/raw/source_excels/アルボース2階入退所予定表.xls,R7.10月,69,left,00147744,2025-10-09,2025-10-23,0,matched_exact
S_aa27d170c5e10d52,2F,floor_out,2025-10-09,2025-10,木,ショート,1,,中野 るみ子,中野るみ子,AM,送,自宅,11,自宅,自宅退所,,excel_workbook,data/raw/source_excels/アルボース2階入退所予定表.xls,R7.10月,69,right,00074049,2025-10-02,2025-10-09,0,matched_exact
S_23c927d2147608f1,2F,floor_in,2025-10-09,2025-10,木,ショート,1,,斉藤 文子,斉藤文子,,,3階,11,,,,excel_workbook,data/raw/source_excels/アルボース2階入退所予定表.xls,R7.10月,70,left,,,,,not_matched_name_unknown
S_1a536098ce9696bc,2F,floor_out,2025-10-09,2025-10,木,ショート,1,,鈴木 よし子,鈴木よし子,AM,送,自宅,17,自宅,自宅退所,,excel_workbook,data/raw/source_excels/アルボース2階入退所予定表.xls,R7.10月,70,right,00028837,2025-10-07,2025-10-09,0,matched_exact
S_caa6b168ee227e9a,2F,floor_in,2025-10-09,2025-10,木,ショート,1,,吉田 雅志,吉田雅志,AM,迎,自宅,21,,,,excel_workbook,data/raw/source_excels/アルボース2階入退所予定表.xls,R7.10月,71,left,00081906,2025-10-09,2025-10-11,0,matched_exact
S_3462add76a3d19a5,2F,floor_in,2025-10-10,2025-10,金,入所,1,,吉岡 加津代,吉岡加津代,10:30,,自宅,17,,,,excel_workbook,data/raw/source_excels/アルボース2階入退所予定表.xls,R7.10月,77,left,00155078,2025-10-10,2026-01-09,0,matched_exact
S_6211c596f8ebaaca,2F,floor_out,2025-10-10,2025-10,金,ショート,1,,斉藤 文子,斉藤文子,,,3階,11,3階,ショート終了,,excel_workbook,data/raw/source_excels/アルボース2階入退所予定表.xls,R7.10月,77,right,,,,,not_matched_name_unknown
S_6712213e1c781289,2F,floor_in,2025-10-10,2025-10,金,ショート,1,,磯田 カヅ子,磯田カヅ子,10:30,,自宅,7,,,,excel_workbook,data/raw/source_excels/アルボース2階入退所予定表.xls,R7.10月,78,left,00141394,2025-10-10,2025-10-13,0,matched_exact
S_7fe400eeb0dfc5f3,2F,floor_out,2025-10-10,2025-10,金,ショート,1,,荻原 久子,荻原久子,AM,送,自宅,7,自宅,自宅退所,,excel_workbook,data/raw/source_excels/アルボース2階入退所予定表.xls,R7.10月,78,right,00148879,2025-09-17,2025-10-10,0,matched_exact
S_6690206d1e33b9d6,2F,floor_in,2025-10-11,2025-10,土,ショート,1,,原 貴美子,原貴美子,AM,迎,自宅,11,,,,excel_workbook,data/raw/source_excels/アルボース2階入退所予定表.xls,R7.10月,85,left,00114754,2025-10-11,2025-10-14,0,matched_exact
S_f01fee4e3c930760,2F,floor_out,2025-10-11,2025-10,土,入所,1,,肥後 喜代,肥後喜代,10:00,,自宅,18,自宅,自宅退所,,excel_workbook,data/raw/source_excels/アルボース2階入退所予定表.xls,R7.10月,85,right,00041772,2025-08-15,2025-10-11,0,matched_exact
S_b9849ff5ed57b0fc,2F,floor_in,2025-10-11,2025-10,土,ショート,1,,細井 明,細井明,AM,迎,自宅,21,,,,excel_workbook,data/raw/source_excels/アルボース2階入退所予定表.xls,R7.10月,86,left,00154374,2025-10-11,2025-10-13,0,matched_exact
S_5f5d3e7254b6f24f,2F,floor_out,2025-10-11,2025-10,土,ショート,1,,吉田 雅志,吉田雅志,AM,送,自宅,21,自宅,自宅退所,,excel_workbook,data/raw/source_excels/アルボース2階入退所予定表.xls,R7.10月,86,right,00081906,2025-10-09,2025-10-11,0,matched_exact
S_cdbbd9a42000996a,2F,floor_in,2025-10-13,2025-10,月,ショート,1,,松江 光子,松江光子,10:30,,自宅,12,,,,excel_workbook,data/raw/source_excels/アルボース2階入退所予定表.xls,R7.10月,101,left,00143482,2025-10-13,2025-10-16,0,matched_exact
S_4582296a22081afe,2F,floor_out,2025-10-13,2025-10,月,ショート,1,,磯田 カヅ子,磯田カヅ子,10:00,,自宅,7,自宅,自宅退所,,excel_workbook,data/raw/source_excels/アルボース2階入退所予定表.xls,R7.10月,101,right,00141394,2025-10-10,2025-10-13,0,matched_exact
S_1128ecedb4591eb3,2F,floor_in,2025-10-13,2025-10,月,入所,1,,井野 忠,井野忠,10:30,,自宅,21,,,,excel_workbook,data/raw/source_excels/アルボース2階入退所予定表.xls,R7.10月,102,left,00125158,2025-10-13,2026-01-16,0,matched_exact
S_8f616d23f7d60c0c,2F,floor_out,2025-10-13,2025-10,月,ショート,1,,細井 明,細井明,10:00,,自宅,21,自宅,自宅退所,,excel_workbook,data/raw/source_excels/アルボース2階入退所予定表.xls,R7.10月,102,right,00154374,2025-10-11,2025-10-13,0,matched_exact
S_a45d073590ffae98,2F,floor_in,2025-10-13,2025-10,月,ショート,1,,山岸 君代,山岸君代,10:30,,自宅,18,,,,excel_workbook,data/raw/source_excels/アルボース2階入退所予定表.xls,R7.10月,103,left,00137071,2025-10-13,2025-10-20,0,matched_exact
S_0c0f7e2e49362a6d,2F,floor_in,2025-10-14,2025-10,火,ショート,1,,新井 幸子,新井幸子,10:30,,自宅,11,,,,excel_workbook,data/raw/source_excels/アルボース2階入退所予定表.xls,R7.10月,109,left,00092936,2025-10-14,2025-10-14,0,matched_exact
S_62e13abad003ac69,2F,floor_out,2025-10-14,2025-10,火,ショート,1,,原 貴美子,原貴美子,AM,送,自宅,11,自宅,自宅退所,,excel_workbook,data/raw/source_excels/アルボース2階入退所予定表.xls,R7.10月,109,right,00114754,2025-10-11,2025-10-14,0,matched_exact
S_582c58575935ce31,2F,floor_in,2025-10-14,2025-10,火,ショート,1,,関川 浩,関川浩,AM,迎,自宅,22,,,,excel_workbook,data/raw/source_excels/アルボース2階入退所予定表.xls,R7.10月,110,left,,,,,not_matched_name_unknown
S_228e5db1c71ec2c3,2F,floor_out,2025-10-14,2025-10,火,入所,1,,横堀 誓一,横堀誓一,10:00,,自宅,22,自宅,自宅退所,,excel_workbook,data/raw/source_excels/アルボース2階入退所予定表.xls,R7.10月,110,right,00159362,2025-04-01,2025-10-14,0,matched_exact
S_74715640925d27d7,2F,floor_out,2025-10-14,2025-10,火,ショート,1,,新井 幸子,新井幸子,18:00,,自宅,11,自宅,自宅退所,,excel_workbook,data/raw/source_excels/アルボース2階入退所予定表.xls,R7.10月,111,right,00092936,2025-10-14,2025-10-14,0,matched_exact
S_47cfb13473f3725c,2F,floor_in,2025-10-15,2025-10,水,入所,1,,荻原 久子,荻原久子,10:30,,自宅,7,,,,excel_workbook,data/raw/source_excels/アルボース2階入退所予定表.xls,R7.10月,117,left,00148879,2025-10-15,2026-05-31,0,matched_exact
S_70dbb3d50442662e,2F,floor_out,2025-10-15,2025-10,水,ショート,1,,松島 宏尚,松島宏尚,AM,送,自宅,21,自宅,自宅退所,,excel_workbook,data/raw/source_excels/アルボース2階入退所予定表.xls,R7.10月,117,right,00145463,2025-10-03,2025-10-15,0,matched_exact
S_d4007285ce44c181,2F,floor_out,2025-10-16,2025-10,木,ショート,1,,松江 光子,松江光子,AM,送,自宅,12,自宅,自宅退所,,excel_workbook,data/raw/source_excels/アルボース2階入退所予定表.xls,R7.10月,125,right,00143482,2025-10-13,2025-10-16,0,matched_exact
S_9ff9bc6a4fe9a4b2,2F,floor_in,2025-10-17,2025-10,金,ショート,1,,石田 博紀,石田博紀,AM,迎,自宅,0,,,,excel_workbook,data/raw/source_excels/アルボース2階入退所予定表.xls,R7.10月,133,left,00161893,2025-10-17,2025-10-19,0,matched_exact
S_da22ae050a407622,2F,floor_out,2025-10-17,2025-10,金,ショート,1,,根岸 一郎,根岸一郎,AM,送,自宅,0,自宅,自宅退所,,excel_workbook,data/raw/source_excels/アルボース2階入退所予定表.xls,R7.10月,133,right,00150658,2025-09-26,2025-10-17,0,matched_exact
S_b5ff89fb4af8051d,2F,floor_in,2025-10-18,2025-10,土,ショート,1,,横堀 誓一,横堀誓一,AM,迎,自宅,22,,,,excel_workbook,data/raw/source_excels/アルボース2階入退所予定表.xls,R7.10月,141,left,00159362,2025-10-18,2025-11-11,0,matched_exact
S_45d0cabf4e76e343,2F,floor_in,2025-10-18,2025-10,土,ショート,1,,原 貴美子,原貴美子,AM,迎,自宅,12,,,,excel_workbook,data/raw/source_excels/アルボース2階入退所予定表.xls,R7.10月,142,left,00114754,2025-10-18,2025-10-27,0,matched_exact
S_0dc04d97e0fff9b4,2F,floor_out,2025-10-19,2025-10,日,ショート,1,,石田 博紀,石田博紀,10:00,,自宅,11,自宅,自宅退所,,excel_workbook,data/raw/source_excels/アルボース2階入退所予定表.xls,R7.10月,149,right,00161893,2025-10-17,2025-10-19,0,matched_exact
S_607056ab35b0f442,2F,floor_out,2025-10-20,2025-10,月,ショート,1,,長谷川 浩子,長谷川浩子,,,書類上,2,書類上,ショート終了,,excel_workbook,data/raw/source_excels/アルボース2階入退所予定表.xls,R7.10月,157,right,00121152,2025-08-22,2025-09-25,-25,not_matched_boundary_mismatch
S_62b9b84ef7f95a81,2F,floor_in,2025-10-21,2025-10,火,ショート,1,,中野 るみ子,中野るみ子,AM,迎,自宅,2,,,,excel_workbook,data/raw/source_excels/アルボース2階入退所予定表.xls,R7.10月,165,left,00074049,2025-10-21,2025-10-30,0,matched_exact
S_0c3262ba52aacc74,2F,floor_out,2025-10-21,2025-10,火,ショート,1,,関川 浩,関川浩,AM,送,自宅,22,自宅,自宅退所,,excel_workbook,data/raw/source_excels/アルボース2階入退所予定表.xls,R7.10月,165,right,,,,,not_matched_name_unknown
S_2fedc95d3beaad4f,2F,floor_out,2025-10-21,2025-10,火,ショート,1,,山岸 君代,山岸君代,AM,,3階,18,3階,ショート終了,,excel_workbook,data/raw/source_excels/アルボース2階入退所予定表.xls,R7.10月,166,right,00137071,2025-10-13,2025-10-20,-1,matched_within_tolerance
S_3c3b1048beed31ba,2F,floor_in,2025-10-21,2025-10,火,入所,1,,長谷川 浩子,長谷川浩子,,,書類上,18,,,,excel_workbook,data/raw/source_excels/アルボース2階入退所予定表.xls,R7.10月,167,left,00121152,2025-10-01,2026-04-09,-20,not_matched_boundary_mismatch
S_bc7e733525e2e422,2F,floor_in,2025-10-23,2025-10,木,入所,1,,松島 宏尚,松島宏尚,10:30,,自宅,22,,,,excel_workbook,data/raw/source_excels/アルボース2階入退所予定表.xls,R7.10月,181,left,00145463,2025-10-23,2025-12-10,0,matched_exact
S_d982dd86b95b659a,2F,floor_out,2025-10-23,2025-10,木,ショート,1,,岩澤 秀子,岩澤秀子,10:00,,自宅,7,自宅,自宅退所,,excel_workbook,data/raw/source_excels/アルボース2階入退所予定表.xls,R7.10月,181,right,00147744,2025-10-09,2025-10-23,0,matched_exact
S_0a873107717ab9bf,2F,floor_in,2025-10-24,2025-10,金,入所,1,,根岸 一郎,根岸一郎,10:30,,自宅,11,,,,excel_workbook,data/raw/source_excels/アルボース2階入退所予定表.xls,R7.10月,189,left,00150658,2025-10-24,2026-05-31,0,matched_exact
S_c093ae6341eb8915,2F,floor_in,2025-10-24,2025-10,金,ショート,1,,磯田 カヅ子,磯田カヅ子,10:30,,自宅,7,,,,excel_workbook,data/raw/source_excels/アルボース2階入退所予定表.xls,R7.10月,190,left,00141394,2025-10-24,2025-10-27,0,matched_exact
S_5c16cfe41f41b82d,2F,floor_out,2025-10-25,2025-10,土,入所,1,,吉野 勝三,吉野勝三,12:30~13:00,,自宅,21,自宅,自宅退所,,excel_workbook,data/raw/source_excels/アルボース2階入退所予定表.xls,R7.10月,197,right,00109276,2025-07-15,2025-10-25,0,matched_exact
S_d95c68ac385ca45c,2F,floor_in,2025-10-27,2025-10,月,入所,1,新,松崎 綾子,松崎綾子,10:30,,自宅,18,,,,excel_workbook,data/raw/source_excels/アルボース2階入退所予定表.xls,R7.10月,213,left,00122949,2025-10-27,2025-11-29,0,matched_exact
S_c7e72666c239fd59,2F,floor_out,2025-10-27,2025-10,月,ショート,1,,等々力 克美,等々力克美,AM,送,自宅,8,自宅,自宅退所,,excel_workbook,data/raw/source_excels/アルボース2階入退所予定表.xls,R7.10月,213,right,00135729,2025-10-07,2025-10-27,0,matched_exact
S_5e078a3a067a0a75,2F,floor_in,2025-10-27,2025-10,月,入所,1,,井上 勇,井上勇,10:30,,自宅,8,,,,excel_workbook,data/raw/source_excels/アルボース2階入退所予定表.xls,R7.10月,214,left,00146240,2025-10-27,2026-02-05,0,matched_exact
S_ef0e0f80e9b3df01,2F,floor_out,2025-10-27,2025-10,月,ショート,1,,原 貴美子,原貴美子,AM,送,自宅,12,自宅,自宅退所,,excel_workbook,data/raw/source_excels/アルボース2階入退所予定表.xls,R7.10月,214,right,00114754,2025-10-18,2025-10-27,0,matched_exact
S_e8e5141245ded996,2F,floor_out,2025-10-27,2025-10,月,ショート,1,,磯田 カヅ子,磯田カヅ子,10:00,,自宅,7,自宅,自宅退所,,excel_workbook,data/raw/source_excels/アルボース2階入退所予定表.xls,R7.10月,215,right,00141394,2025-10-24,2025-10-27,0,matched_exact
S_1ef5b9d86f9a4c2f,2F,floor_in,2025-10-29,2025-10,水,ショート,1,,松江 光子,松江光子,AM,迎,自宅,11,,,,excel_workbook,data/raw/source_excels/アルボース2階入退所予定表.xls,R7.10月,229,left,00143482,2025-10-29,2025-11-03,0,matched_exact
S_523b26b8743e8b09,2F,floor_out,2025-10-29,2025-10,水,入所,1,,小林 喜久恵,小林喜久恵,10:00,,自宅,20,自宅,自宅退所,,excel_workbook,data/raw/source_excels/アルボース2階入退所予定表.xls,R7.10月,229,right,,,,,not_matched_name_unknown
S_e719faeabac2a417,2F,floor_in,2025-10-30,2025-10,木,入所,1,新,井上 さく,井上さく,10:30,,併設Hsp,20,,,,excel_workbook,data/raw/source_excels/アルボース2階入退所予定表.xls,R7.10月,237,left,00114125,2025-10-30,2025-12-15,0,matched_exact
S_ce0e65a0be5e065f,2F,floor_out,2025-10-30,2025-10,木,ショート,1,,中野 るみ子,中野るみ子,AM,送,自宅,5,自宅,自宅退所,,excel_workbook,data/raw/source_excels/アルボース2階入退所予定表.xls,R7.10月,237,right,00074049,2025-10-21,2025-10-30,0,matched_exact
S_cdc6921783272996,2F,floor_in,2025-10-31,2025-10,金,ショート,1,,堀田 益男,堀田益男,AM,迎,自宅,0,,,,excel_workbook,data/raw/source_excels/アルボース2階入退所予定表.xls,R7.10月,245,left,00092183,2025-10-31,2025-11-04,0,matched_exact
S_1fa961adf90307df,2F,floor_in,2025-11-01,2025-11,土,入所,1,,鯉登 和子,鯉登和子,,,書類上,3,,,,excel_workbook,data/raw/source_excels/アルボース2階入退所予定表.xls,R7.11月,5,left,00082806,2025-11-01,2026-01-15,0,matched_exact
S_4f49ecda700cdf1d,2F,floor_out,2025-11-01,2025-11,土,入所,1,,河田 セツ子,河田セツ子,10:00,,自宅,3,自宅,自宅退所,,excel_workbook,data/raw/source_excels/アルボース2階入退所予定表.xls,R7.11月,5,right,00146793,2025-06-14,2025-11-01,0,matched_exact
S_d59f6ac4e1472a1a,2F,floor_out,2025-11-02,2025-11,日,入所,1,,河合 善枝,河合善枝,16:00,,自宅,15,自宅,自宅退所,,excel_workbook,data/raw/source_excels/アルボース2階入退所予定表.xls,R7.11月,13,right,00030604,2025-07-14,2025-11-02,0,matched_exact
S_5c278de3c70f5da0,2F,floor_out,2025-11-03,2025-11,月,入所,1,,藤木 千尋,藤木千尋,10:00,,自宅,5,自宅,自宅退所,,excel_workbook,data/raw/source_excels/アルボース2階入退所予定表.xls,R7.11月,21,right,00103521,2025-08-02,2025-11-03,0,matched_exact
S_46dd58959490869a,2F,floor_out,2025-11-03,2025-11,月,ショート,1,,松江 光子,松江光子,10:00,,自宅,11,自宅,自宅退所,,excel_workbook,data/raw/source_excels/アルボース2階入退所予定表.xls,R7.11月,22,right,00143482,2025-10-29,2025-11-03,0,matched_exact
S_f94148dc1dee1737,2F,floor_in,2025-11-04,2025-11,火,ショート,1,,原 貴美子,原貴美子,AM,迎,自宅,15,,,,excel_workbook,data/raw/source_excels/アルボース2階入退所予定表.xls,R7.11月,29,left,00114754,2025-11-04,2025-11-08,0,matched_exact
S_8b8bd96475d0bac7,2F,floor_out,2025-11-04,2025-11,火,ショート,1,,堀田 益男,堀田益男,AM,送,自宅,0,自宅,自宅退所,,excel_workbook,data/raw/source_excels/アルボース2階入退所予定表.xls,R7.11月,29,right,00092183,2025-10-31,2025-11-04,0,matched_exact
S_703927bb8dbd3e63,2F,floor_in,2025-11-04,2025-11,火,ショート,1,,岩澤 秀子,岩澤秀子,14:00,,併設病院,5 窓側希望,,,,excel_workbook,data/raw/source_excels/アルボース2階入退所予定表.xls,R7.11月,30,left,00147744,2025-11-04,2026-02-12,0,matched_exact
S_8280169a8412b680,2F,floor_in,2025-11-05,2025-11,水,ショート,1,,児島 菊江,児島菊江,AM,迎,自宅,3,,,,excel_workbook,data/raw/source_excels/アルボース2階入退所予定表.xls,R7.11月,37,left,00060950,2025-11-05,2025-11-08,0,matched_exact
S_529389287b89bab8,2F,floor_out,2025-11-05,2025-11,水,入所,1,,岡田 スミエ,岡田スミエ,10:00,,自宅,3,自宅,自宅退所,,excel_workbook,data/raw/source_excels/アルボース2階入退所予定表.xls,R7.11月,37,right,00054209,2025-07-30,2025-11-05,0,matched_exact
S_69c0c05c68fe9c35,2F,floor_in,2025-11-05,2025-11,水,入所,1,新,町田 紀己子,町田紀己子,10:30,,併設病院,23,,,,excel_workbook,data/raw/source_excels/アルボース2階入退所予定表.xls,R7.11月,38,left,,,,,not_matched_name_unknown
S_b9480ceba9dedbd2,2F,floor_in,2025-11-06,2025-11,木,ショート,1,,中野 るみ子,中野るみ子,AM,迎,自宅,7,,,,excel_workbook,data/raw/source_excels/アルボース2階入退所予定表.xls,R7.11月,45,left,00074049,2025-11-06,2025-11-13,0,matched_exact
S_b775abe0a37d19e5,2F,floor_out,2025-11-07,2025-11,金,入所,1,,加藤 紀子,加藤紀子,10:00,,自宅,18,自宅,自宅退所,,excel_workbook,data/raw/source_excels/アルボース2階入退所予定表.xls,R7.11月,53,right,00150575,2025-07-23,2025-11-07,0,matched_exact
S_83cca9cb68340827,2F,floor_in,2025-11-08,2025-11,土,ショート,1,,河田 セツ子,河田セツ子,10:30,,自宅,3,,,,excel_workbook,data/raw/source_excels/アルボース2階入退所予定表.xls,R7.11月,61,left,00146793,2025-11-08,2025-11-15,0,matched_exact
S_c3ec2d48aa1f96d7,2F,floor_out,2025-11-08,2025-11,土,ショート,1,,児島 菊江,児島菊江,AM,送,自宅,3,自宅,自宅退所,,excel_workbook,data/raw/source_excels/アルボース2階入退所予定表.xls,R7.11月,61,right,00060950,2025-11-05,2025-11-08,0,matched_exact
S_f500432ac0391b69,2F,floor_in,2025-11-08,2025-11,土,ショート,1,,磯田 カヅ子,磯田カヅ子,10:30,,自宅,3,,,,excel_workbook,data/raw/source_excels/アルボース2階入退所予定表.xls,R7.11月,62,left,00141394,2025-11-08,2025-11-10,0,matched_exact
S_9e63f8310959be86,2F,floor_out,2025-11-08,2025-11,土,ショート,1,,原 貴美子,原貴美子,AM,送,自宅,15,自宅,自宅退所,,excel_workbook,data/raw/source_excels/アルボース2階入退所予定表.xls,R7.11月,62,right,00114754,2025-11-04,2025-11-08,0,matched_exact
S_79cdff0fe7cc6385,2F,floor_in,2025-11-08,2025-11,土,ショート,1,,松江 光子,松江光子,AM,迎,自宅,15,,,,excel_workbook,data/raw/source_excels/アルボース2階入退所予定表.xls,R7.11月,63,left,00143482,2025-11-08,2025-11-12,0,matched_exact
S_d9f7a82ba69fcf61,2F,floor_in,2025-11-09,2025-11,日,ショート,1,,藤木 千尋,藤木千尋,10:30,,自宅,20,,,,excel_workbook,data/raw/source_excels/アルボース2階入退所予定表.xls,R7.11月,69,left,00103521,2025-11-09,2025-11-23,0,matched_exact
S_91f73f6372643d24,2F,floor_out,2025-11-10,2025-11,月,ショート,1,,磯田 カヅ子,磯田カヅ子,10:00,,自宅,3,自宅,自宅退所,,excel_workbook,data/raw/source_excels/アルボース2階入退所予定表.xls,R7.11月,77,right,00141394,2025-11-08,2025-11-10,0,matched_exact
S_4d6283ca53cea186,2F,floor_out,2025-11-10,2025-11,月,入所,1,,小林 千秋,小林千秋,10:00,,自宅,13,自宅,自宅退所,,excel_workbook,data/raw/source_excels/アルボース2階入退所予定表.xls,R7.11月,78,right,00098319,2025-09-26,2025-11-10,0,matched_exact
S_eac42992b9a07142,2F,floor_in,2025-11-11,2025-11,火,ショート,1,,新井 幸子,新井幸子,10:30,,自宅,13,,,,excel_workbook,data/raw/source_excels/アルボース2階入退所予定表.xls,R7.11月,85,left,00092936,2025-11-11,2025-11-15,0,matched_exact
S_bddad6e709467efc,2F,floor_in,2025-11-11,2025-11,火,ショート,1,,関川 浩,関川浩,AM,迎,自宅,8,,,,excel_workbook,data/raw/source_excels/アルボース2階入退所予定表.xls,R7.11月,86,left,,,,,not_matched_name_unknown
S_24d4db44cf127d13,2F,floor_out,2025-11-11,2025-11,火,ショート,1,,横堀 誓一,横堀誓一,AM,送,自宅,8,自宅,自宅退所,,excel_workbook,data/raw/source_excels/アルボース2階入退所予定表.xls,R7.11月,86,right,00159362,2025-10-18,2025-11-11,0,matched_exact
S_e9929842ebc3f08e,2F,floor_in,2025-11-11,2025-11,火,ショート,1,,原 貴美子,原貴美子,AM,迎,自宅,15,,,,excel_workbook,data/raw/source_excels/アルボース2階入退所予定表.xls,R7.11月,87,left,00114754,2025-11-11,2025-11-14,0,matched_exact
S_0b855d715d711214,2F,floor_in,2025-11-12,2025-11,水,ショート,1,,加藤 紀子,加藤紀子,10:30,,自宅,18,,,,excel_workbook,data/raw/source_excels/アルボース2階入退所予定表.xls,R7.11月,93,left,00150575,2025-11-12,2025-12-05,0,matched_exact
S_d62a104ce83cb566,2F,floor_out,2025-11-12,2025-11,水,入所,1,,大谷内 時,大谷内時,10:00,,サ高住「うしいけ」,10,サ高住「うしいけ」,施設退所,施設退所,excel_workbook,data/raw/source_excels/アルボース2階入退所予定表.xls,R7.11月,93,right,00155411,2025-04-01,2025-11-12,0,matched_exact
S_1b282a6ebc14b096,2F,floor_in,2025-11-12,2025-11,水,転床,1,,矢内 辰男,矢内辰男,,,3階,0,,,,excel_workbook,data/raw/source_excels/アルボース2階入退所予定表.xls,R7.11月,94,left,00045762,2025-11-12,2025-12-19,0,matched_exact
S_8315b8c5d0831809,2F,floor_out,2025-11-12,2025-11,水,ショート,1,,松江 光子,松江光子,AM,送,自宅,18,自宅,自宅退所,,excel_workbook,data/raw/source_excels/アルボース2階入退所予定表.xls,R7.11月,94,right,00143482,2025-11-08,2025-11-12,0,matched_exact
S_92c7e81b252c8d4a,2F,floor_out,2025-11-13,2025-11,木,入所,1,,新井 君江,新井君江,10:00,,自宅,2,自宅,自宅退所,,excel_workbook,data/raw/source_excels/アルボース2階入退所予定表.xls,R7.11月,101,right,00124842,2025-07-21,2025-11-13,0,matched_exact
S_ebe03c760138bc79,2F,floor_out,2025-11-13,2025-11,木,ショート,1,,中野 るみ子,中野るみ子,AM,送,自宅,7,自宅,自宅退所,,excel_workbook,data/raw/source_excels/アルボース2階入退所予定表.xls,R7.11月,102,right,00074049,2025-11-06,2025-11-13,0,matched_exact
S_da6771895ddd7ae1,2F,floor_out,2025-11-13,2025-11,木,ショート,,,岩澤 秀子,岩澤秀子,,,,書類上,,ショート終了,,excel_workbook,data/raw/source_excels/アルボース2階入退所予定表.xls,R7.11月,103,right,00147744,2025-10-09,2025-10-23,-21,not_matched_boundary_mismatch
S_9222a6cf4a2909d6,2F,floor_in,2025-11-14,2025-11,金,ショート,1,,井口 喜恵夫,井口喜恵夫,10:30,,自宅,15,,,,excel_workbook,data/raw/source_excels/アルボース2階入退所予定表.xls,R7.11月,109,left,00121839,2025-11-14,2025-11-17,0,matched_exact
S_cf3237b2b2fbf407,2F,floor_out,2025-11-14,2025-11,金,ショート,1,,原 貴美子,原貴美子,AM,送,自宅,15,自宅,自宅退所,,excel_workbook,data/raw/source_excels/アルボース2階入退所予定表.xls,R7.11月,109,right,00114754,2025-11-11,2025-11-14,0,matched_exact
S_225144a2de13351c,2F,floor_in,2025-11-14,2025-11,金,入所,,,岩澤 秀子,岩澤秀子,,,,書類上,,,,excel_workbook,data/raw/source_excels/アルボース2階入退所予定表.xls,R7.11月,110,left,00147744,2025-11-04,2026-02-12,-10,not_matched_boundary_mismatch
S_ea30420728633449,2F,floor_in,2025-11-15,2025-11,土,ショート,1,,松江 光子,松江光子,AM,迎,自宅,10,,,,excel_workbook,data/raw/source_excels/アルボース2階入退所予定表.xls,R7.11月,117,left,00143482,2025-11-15,2025-11-22,0,matched_exact
S_b7d06802f48bd52d,2F,floor_out,2025-11-15,2025-11,土,ショート,1,,新井 幸子,新井幸子,10:00,,自宅,13,自宅,自宅退所,,excel_workbook,data/raw/source_excels/アルボース2階入退所予定表.xls,R7.11月,117,right,00092936,2025-11-11,2025-11-15,0,matched_exact
S_a9987a51fdb18e33,2F,floor_in,2025-11-15,2025-11,土,入所,1,,横堀 誓一,横堀誓一,10:30,,自宅,8,,,,excel_workbook,data/raw/source_excels/アルボース2階入退所予定表.xls,R7.11月,118,left,00159362,2025-11-15,2025-12-09,0,matched_exact
S_6e097e2db42ba7fb,2F,floor_out,2025-11-15,2025-11,土,ショート,1,,河田 セツ子,河田セツ子,10:00,,自宅,3,自宅,自宅退所,,excel_workbook,data/raw/source_excels/アルボース2階入退所予定表.xls,R7.11月,118,right,00146793,2025-11-08,2025-11-15,0,matched_exact
S_589bf3374833c202,2F,floor_out,2025-11-15,2025-11,土,入所,1,,富田 政喜,富田政喜,14:00,,自宅,8,自宅,自宅退所,,excel_workbook,data/raw/source_excels/アルボース2階入退所予定表.xls,R7.11月,119,right,00118090,2025-06-17,2025-11-15,0,matched_exact
S_be12d9b68de66264,2F,floor_out,2025-11-15,2025-11,土,ショート,1,,関川 浩,関川浩,AM,送,自宅,22,自宅,自宅退所,,excel_workbook,data/raw/source_excels/アルボース2階入退所予定表.xls,R7.11月,120,right,,,,,not_matched_name_unknown
S_183864047233c932,2F,floor_out,2025-11-15,2025-11,土,入所,1,,小賀野 博也,小賀野博也,14:06,,死去,23,死亡,死亡退所,死亡退所,excel_workbook,data/raw/source_excels/アルボース2階入退所予定表.xls,R7.11月,121,right,00162971,2025-06-25,2025-11-15,0,matched_exact
S_2240900374be0384,2F,floor_in,2025-11-16,2025-11,日,ショート,1,,塩谷 武夫,塩谷武夫,10:30,,自宅,22,,,,excel_workbook,data/raw/source_excels/アルボース2階入退所予定表.xls,R7.11月,125,left,00162769,2025-11-16,2025-11-18,0,matched_exact
S_928ceb034555c0f4,2F,floor_in,2025-11-17,2025-11,月,ショート,1,,新井 君江,新井君江,AM,迎,自宅,5,,,,excel_workbook,data/raw/source_excels/アルボース2階入退所予定表.xls,R7.11月,133,left,00124842,2025-11-17,2025-12-11,0,matched_exact
S_d82e1961d102e6ed,2F,floor_out,2025-11-17,2025-11,月,ショート,1,,井口 喜恵夫,井口喜恵夫,10:00,,自宅,15,自宅,自宅退所,,excel_workbook,data/raw/source_excels/アルボース2階入退所予定表.xls,R7.11月,133,right,00121839,2025-11-14,2025-11-17,0,matched_exact
S_944b44f5caaa457e,2F,floor_in,2025-11-17,2025-11,月,ショート,1,,坂倉 康子,坂倉康子,AM,迎,自宅,3,,,,excel_workbook,data/raw/source_excels/アルボース2階入退所予定表.xls,R7.11月,134,left,00149052,2025-11-17,2025-11-19,0,matched_exact
S_52cf2a62ae95374c,2F,floor_in,2025-11-17,2025-11,月,ショート,1,,小林 眞代,小林眞代,AM,迎,自宅,7,,,,excel_workbook,data/raw/source_excels/アルボース2階入退所予定表.xls,R7.11月,135,left,00052434,2025-11-17,2025-11-19,0,matched_exact
S_e8c5e53d6cd2bb37,2F,floor_in,2025-11-18,2025-11,火,ショート,1,,田村 美枝子,田村美枝子,10:30,,自宅,5,,,,excel_workbook,data/raw/source_excels/アルボース2階入退所予定表.xls,R7.11月,141,left,00154234,2025-11-18,2025-11-20,0,matched_exact
S_a05accb3412c1c2c,2F,floor_out,2025-11-18,2025-11,火,ショート,1,,塩谷 武夫,塩谷武夫,AM,送,自宅,22,自宅,自宅退所,,excel_workbook,data/raw/source_excels/アルボース2階入退所予定表.xls,R7.11月,141,right,00162769,2025-11-16,2025-11-18,0,matched_exact
S_617b4c013748ad36,2F,floor_in,2025-11-18,2025-11,火,ショート,1,,亀山 信子,亀山信子,AM,迎,自宅,3,,,,excel_workbook,data/raw/source_excels/アルボース2階入退所予定表.xls,R7.11月,142,left,00107616,2025-11-18,2025-11-22,0,matched_exact
S_3d432fa59b3b2a3b,2F,floor_in,2025-11-19,2025-11,水,ショート,1,,富田 政喜,富田政喜,10:30,,自宅,8,,,,excel_workbook,data/raw/source_excels/アルボース2階入退所予定表.xls,R7.11月,149,left,00118090,2025-11-19,2025-12-13,0,matched_exact
S_70187e7ae3438f4c,2F,floor_out,2025-11-19,2025-11,水,ショート,1,,坂倉 康子,坂倉康子,AM,送,自宅,3,自宅,自宅退所,,excel_workbook,data/raw/source_excels/アルボース2階入退所予定表.xls,R7.11月,149,right,00149052,2025-11-17,2025-11-19,0,matched_exact
S_e07c34c136ecee9c,2F,floor_out,2025-11-19,2025-11,水,ショート,1,,小林 眞代,小林眞代,AM,送,自宅,7,自宅,自宅退所,,excel_workbook,data/raw/source_excels/アルボース2階入退所予定表.xls,R7.11月,150,right,00052434,2025-11-17,2025-11-19,0,matched_exact
S_8913f1a75781aea0,2F,floor_out,2025-11-19,2025-11,水,入所,1,,宇野 隆夫,宇野隆夫,19:00,,併設Hsp,0,併設Hsp,病院退所,,excel_workbook,data/raw/source_excels/アルボース2階入退所予定表.xls,R7.11月,151,right,00100042,2025-04-01,2025-11-18,-1,matched_within_tolerance
S_7dccc66de0c8533a,2F,floor_in,2025-11-20,2025-11,木,ショート,1,,中野 るみ子,中野るみ子,AM,迎,自宅,3,,,,excel_workbook,data/raw/source_excels/アルボース2階入退所予定表.xls,R7.11月,157,left,00074049,2025-11-20,2025-12-11,0,matched_exact
S_45bed21af4a7b919,2F,floor_out,2025-11-20,2025-11,木,ショート,1,,田村 美枝子,田村美枝子,10:00,,自宅,5,自宅,自宅退所,,excel_workbook,data/raw/source_excels/アルボース2階入退所予定表.xls,R7.11月,157,right,00154234,2025-11-18,2025-11-20,0,matched_exact
S_66305ca534b6f5cd,2F,floor_in,2025-11-21,2025-11,金,ショート,1,,原 貴美子,原貴美子,AM,迎,自宅,15,,,,excel_workbook,data/raw/source_excels/アルボース2階入退所予定表.xls,R7.11月,165,left,00114754,2025-11-21,2025-11-29,0,matched_exact
S_5a8e17ebc9e0861a,2F,floor_in,2025-11-22,2025-11,土,ショート,1,,磯田 カヅ子,磯田カヅ子,10:30,,自宅,3,,,,excel_workbook,data/raw/source_excels/アルボース2階入退所予定表.xls,R7.11月,173,left,00141394,2025-11-22,2025-11-24,0,matched_exact
S_8b4e84f29297284b,2F,floor_out,2025-11-22,2025-11,土,ショート,1,,亀山 信子,亀山信子,AM,送,自宅,3,自宅,自宅退所,,excel_workbook,data/raw/source_excels/アルボース2階入退所予定表.xls,R7.11月,173,right,00107616,2025-11-18,2025-11-22,0,matched_exact
S_1147d581813a0d6d,2F,floor_in,2025-11-22,2025-11,土,ショート,1,,河田 セツ子,河田セツ子,10:30,,自宅,7,,,,excel_workbook,data/raw/source_excels/アルボース2階入退所予定表.xls,R7.11月,174,left,00146793,2025-11-22,2025-11-29,0,matched_exact
S_318cea4367d790fc,2F,floor_out,2025-11-22,2025-11,土,ショート,1,,松江 光子,松江光子,14:00,,自宅,10,自宅,自宅退所,,excel_workbook,data/raw/source_excels/アルボース2階入退所予定表.xls,R7.11月,174,right,00143482,2025-11-15,2025-11-22,0,matched_exact
S_eaede4e460b83df2,2F,floor_out,2025-11-23,2025-11,日,ショート,1,,藤木 千尋,藤木千尋,10:00,,自宅,20,自宅,自宅退所,,excel_workbook,data/raw/source_excels/アルボース2階入退所予定表.xls,R7.11月,181,right,00103521,2025-11-09,2025-11-23,0,matched_exact
S_78a828e24c9186fd,2F,floor_out,2025-11-23,2025-11,日,入所,1,,島 菊江,島菊江,10:00,,自宅,3,自宅,自宅退所,,excel_workbook,data/raw/source_excels/アルボース2階入退所予定表.xls,R7.11月,182,right,,,,,not_matched_name_unknown
S_080889fd0babfc2d,2F,floor_in,2025-11-24,2025-11,月,ショート,1,,吉田 雅志,吉田雅志,10:30,,自宅,22,,,,excel_workbook,data/raw/source_excels/アルボース2階入退所予定表.xls,R7.11月,189,left,00081906,2025-11-24,2025-11-26,0,matched_exact
S_da11448c528b8ffa,2F,floor_out,2025-11-24,2025-11,月,入所,1,,中澤 正雄,中澤正雄,10:00,,自宅,8,自宅,自宅退所,,excel_workbook,data/raw/source_excels/アルボース2階入退所予定表.xls,R7.11月,189,right,00069873,2025-04-19,2025-11-24,0,matched_exact
S_32c7481115f8a80a,2F,floor_out,2025-11-24,2025-11,月,ショート,1,,磯田 カヅ子,磯田カヅ子,10:00,,自宅,3,自宅,自宅退所,,excel_workbook,data/raw/source_excels/アルボース2階入退所予定表.xls,R7.11月,190,right,00141394,2025-11-22,2025-11-24,0,matched_exact
S_20197d4c5484b5d1,2F,floor_in,2025-11-26,2025-11,水,ショート,1,,小屋 知紀,小屋知紀,AM,迎,自宅,8,,,,excel_workbook,data/raw/source_excels/アルボース2階入退所予定表.xls,R7.11月,205,left,00154078,2025-11-26,2025-12-01,0,matched_exact
S_7cc68a678cfddf85,2F,floor_out,2025-11-26,2025-11,水,ショート,1,,吉田 雅志,吉田雅志,AM,送,自宅,22,自宅,自宅退所,,excel_workbook,data/raw/source_excels/アルボース2階入退所予定表.xls,R7.11月,205,right,00081906,2025-11-24,2025-11-26,0,matched_exact
S_5b5422ed18a9024a,2F,floor_in,2025-11-26,2025-11,水,ショート,1,,細井 明,細井明,10:30,,自宅,22,,,,excel_workbook,data/raw/source_excels/アルボース2階入退所予定表.xls,R7.11月,206,left,00154374,2025-11-26,2025-11-28,0,matched_exact
S_39f3ab3532560736,2F,floor_in,2025-11-26,2025-11,水,入所,1,新,内山 美津子,内山美津子,10:30,,石井病院,13,,,,excel_workbook,data/raw/source_excels/アルボース2階入退所予定表.xls,R7.11月,207,left,00165904,2025-11-26,2025-12-11,0,matched_exact
S_6f2297970d030b06,2F,floor_in,2025-11-28,2025-11,金,ショート,1,,掘田 益男,掘田益男,AM,迎,自宅,22,,,,excel_workbook,data/raw/source_excels/アルボース2階入退所予定表.xls,R7.11月,221,left,,,,,not_matched_name_unknown
S_777185c892edd0d5,2F,floor_out,2025-11-28,2025-11,金,ショート,1,,細井 明,細井明,AM,送,自宅,22,自宅,自宅退所,,excel_workbook,data/raw/source_excels/アルボース2階入退所予定表.xls,R7.11月,221,right,00154374,2025-11-26,2025-11-28,0,matched_exact
S_d1731a3018c0d97b,2F,floor_in,2025-11-28,2025-11,金,入所,1,新,内田 民之,内田民之,10:30,,併設病院,21,,,,excel_workbook,data/raw/source_excels/アルボース2階入退所予定表.xls,R7.11月,222,left,00134391,2025-11-28,2026-04-16,0,matched_exact
S_e00c434293b1a45b,2F,floor_out,2025-11-29,2025-11,土,ショート,1,,河田 セツ子,河田セツ子,10:00,,自宅,7,自宅,自宅退所,,excel_workbook,data/raw/source_excels/アルボース2階入退所予定表.xls,R7.11月,229,right,00146793,2025-11-22,2025-11-29,0,matched_exact
S_afd7f36329185762,2F,floor_out,2025-11-29,2025-11,土,ショート,1,,原 貴美子,原貴美子,AM,送,自宅,15,自宅,自宅退所,,excel_workbook,data/raw/source_excels/アルボース2階入退所予定表.xls,R7.11月,230,right,00114754,2025-11-21,2025-11-29,0,matched_exact
S_9f3e58bc95603c3f,2F,floor_out,2025-11-29,2025-11,土,入所,1,,松崎 綾子,松崎綾子,10:00,,自宅,18,自宅,自宅退所,,excel_workbook,data/raw/source_excels/アルボース2階入退所予定表.xls,R7.11月,231,right,00122949,2025-10-27,2025-11-29,0,matched_exact
S_c86900389de6486b,2F,floor_in,2025-11-30,2025-11,日,ショート,1,,松江 光子,松江光子,11:00,,自宅,10,,,,excel_workbook,data/raw/source_excels/アルボース2階入退所予定表.xls,R7.11月,237,left,00143482,2025-11-30,2025-12-06,0,matched_exact
S_21818dc99c20fa1c,2F,floor_in,2025-12-01,2025-12,月,入所,1,,山崎 政枝,山崎政枝,10:30,,自宅,3,,,,excel_workbook,data/raw/source_excels/アルボース2階入退所予定表.xls,R7.12月,5,left,00154926,2025-12-01,2026-02-28,0,matched_exact
S_d7589853dc16c13b,2F,floor_out,2025-12-01,2025-12,月,ショート,1,,小屋 知紀,小屋知紀,AM,送,自宅,8,自宅,自宅退所,,excel_workbook,data/raw/source_excels/アルボース2階入退所予定表.xls,R7.12月,5,right,00154078,2025-11-26,2025-12-01,0,matched_exact
S_584c8d956be370a6,2F,floor_in,2025-12-01,2025-12,月,ショート,1,,亀山 信子,亀山信子,AM,迎,自宅,7,,,,excel_workbook,data/raw/source_excels/アルボース2階入退所予定表.xls,R7.12月,6,left,00107616,2025-12-01,2025-12-05,0,matched_exact
S_90fe2822868fdee3,2F,floor_in,2025-12-01,2025-12,月,ショート,1,,中澤 正雄,中澤正雄,AM,迎,自宅,8,,,,excel_workbook,data/raw/source_excels/アルボース2階入退所予定表.xls,R7.12月,7,left,00069873,2025-12-01,2026-02-22,0,matched_exact
S_4b78f259243239ec,2F,floor_in,2025-12-03,2025-12,水,ショート,1,,斉藤 時子,斉藤時子,11:00,,自宅,15,,,,excel_workbook,data/raw/source_excels/アルボース2階入退所予定表.xls,R7.12月,21,left,,,,,not_matched_name_unknown
S_5fb26cea9db5f940,2F,floor_out,2025-12-03,2025-12,水,ショート,1,,掘田 益男,掘田益男,AM,送,自宅,22,自宅,自宅退所,,excel_workbook,data/raw/source_excels/アルボース2階入退所予定表.xls,R7.12月,21,right,00092183,2025-11-28,2025-12-03,0,matched_boundary_only_name_mismatch
S_737b56dd6fd7137b,2F,floor_in,2025-12-03,2025-12,水,ショート,1,,吉田 雅志,吉田雅志,16:30,,自宅,0,,,,excel_workbook,data/raw/source_excels/アルボース2階入退所予定表.xls,R7.12月,22,left,00081906,2025-12-03,2025-12-05,0,matched_exact
S_7d9b5f1a9c9ddb2a,2F,floor_in,2025-12-05,2025-12,金,ショート,1,,原 貴美子,原貴美子,AM,迎,自宅,15,,,,excel_workbook,data/raw/source_excels/アルボース2階入退所予定表.xls,R7.12月,37,left,00114754,2025-12-05,2025-12-16,0,matched_exact
S_ca5157c40f1c1913,2F,floor_out,2025-12-05,2025-12,金,ショート,1,,亀山 信子,亀山信子,AM,送,自宅,7,自宅,自宅退所,,excel_workbook,data/raw/source_excels/アルボース2階入退所予定表.xls,R7.12月,37,right,00107616,2025-12-01,2025-12-05,0,matched_exact
S_53266c4d3ad68f41,2F,floor_out,2025-12-05,2025-12,金,ショート,1,,加藤 紀子,加藤紀子,10:00,,自宅,18,自宅,自宅退所,,excel_workbook,data/raw/source_excels/アルボース2階入退所予定表.xls,R7.12月,38,right,00150575,2025-11-12,2025-12-05,0,matched_exact
S_009155429d79686d,2F,floor_out,2025-12-05,2025-12,金,ショート,1,,吉田 雅志,吉田雅志,AM,送,自宅,0,自宅,自宅退所,,excel_workbook,data/raw/source_excels/アルボース2階入退所予定表.xls,R7.12月,39,right,00081906,2025-12-03,2025-12-05,0,matched_exact
S_fab7bd157cc655b6,2F,floor_in,2025-12-06,2025-12,土,入所,1,,藤木 千尋,藤木千尋,10:30,,自宅,7,,,,excel_workbook,data/raw/source_excels/アルボース2階入退所予定表.xls,R7.12月,45,left,00103521,2025-12-06,2026-03-22,0,matched_exact
S_e026f06d6f4ec0ef,2F,floor_out,2025-12-06,2025-12,土,入所,1,,坂本 千鶴子,坂本千鶴子,10:00,,自宅,6,自宅,自宅退所,,excel_workbook,data/raw/source_excels/アルボース2階入退所予定表.xls,R7.12月,45,right,00151132,2025-08-22,2025-12-06,0,matched_exact
S_4af20e6faf3cfbce,2F,floor_in,2025-12-06,2025-12,土,入所,1,,河田 セツ子,河田セツ子,10:30,,自宅,6,,,,excel_workbook,data/raw/source_excels/アルボース2階入退所予定表.xls,R7.12月,46,left,00146793,2025-12-06,2026-02-16,0,matched_exact
S_d490b3eb4e9af804,2F,floor_out,2025-12-06,2025-12,土,ショート,1,,松江 光子,松江光子,AM,送,自宅,10,自宅,自宅退所,,excel_workbook,data/raw/source_excels/アルボース2階入退所予定表.xls,R7.12月,46,right,00143482,2025-11-30,2025-12-06,0,matched_exact
S_4668f2814e99072f,2F,floor_out,2025-12-08,2025-12,月,ショート,,,斉藤 時子,斉藤時子,,,書類上,18,書類上,ショート終了,,excel_workbook,data/raw/source_excels/アルボース2階入退所予定表.xls,R7.12月,61,right,00159362,2025-11-15,2025-12-09,1,matched_boundary_only_name_mismatch
S_7e465eb680598e9f,2F,floor_in,2025-12-09,2025-12,火,入所,1,,加藤 紀子,加藤紀子,10:30,,自宅,18,,,,excel_workbook,data/raw/source_excels/アルボース2階入退所予定表.xls,R7.12月,69,left,00150575,2025-12-09,2026-04-12,0,matched_exact
S_f5f7894f693f00bd,2F,floor_in,2025-12-09,2025-12,火,入所,,,斉藤 時子,斉藤時子,,,書類上,18,,,,excel_workbook,data/raw/source_excels/アルボース2階入退所予定表.xls,R7.12月,70,left,,,,,not_matched_name_unknown
S_5663fa816fcdcaa4,2F,floor_in,2025-12-10,2025-12,水,ショート,1,,坂本千鶴子,坂本千鶴子,10:30,,自宅,3,,,,excel_workbook,data/raw/source_excels/アルボース2階入退所予定表.xls,R7.12月,77,left,00151132,2025-12-10,2026-01-03,0,matched_exact
S_5f18a466a6cbfe31,2F,floor_out,2025-12-10,2025-12,水,入所,1,,小林 節子,小林節子,10:00,,自宅,3,自宅,自宅退所,,excel_workbook,data/raw/source_excels/アルボース2階入退所予定表.xls,R7.12月,77,right,00129630,2025-06-30,2025-12-10,0,matched_exact
S_f8ef680d8395c103,2F,floor_in,2025-12-10,2025-12,水,ショート,1,,松江 光子,松江光子,AM,迎,自宅,10,,,,excel_workbook,data/raw/source_excels/アルボース2階入退所予定表.xls,R7.12月,78,left,00143482,2025-12-10,2025-12-13,0,matched_exact
S_20da282893b26de6,2F,floor_out,2025-12-10,2025-12,水,入所,1,,松島 宏尚,松島宏尚,10:00,,自宅,22,自宅,自宅退所,,excel_workbook,data/raw/source_excels/アルボース2階入退所予定表.xls,R7.12月,78,right,00145463,2025-10-23,2025-12-10,0,matched_exact
S_731e98b59beffdad,2F,floor_out,2025-12-10,2025-12,水,入所,1,,横堀 誓一,横堀誓一,21:55,,併設病院,22,併設病院,病院退所,,excel_workbook,data/raw/source_excels/アルボース2階入退所予定表.xls,R7.12月,79,right,00159362,2025-11-15,2025-12-09,-1,matched_within_tolerance
S_f12cba3b4ca4df2b,2F,floor_in,2025-12-11,2025-12,木,ショート,1,,坂倉 康子,坂倉康子,AM,迎,自宅,5,,,,excel_workbook,data/raw/source_excels/アルボース2階入退所予定表.xls,R7.12月,85,left,00149052,2025-12-11,2025-12-13,0,matched_exact
S_a46cbb768e87634b,2F,floor_out,2025-12-11,2025-12,木,ショート,1,,新井 君江,新井君江,AM,送,自宅,5,自宅,自宅退所,,excel_workbook,data/raw/source_excels/アルボース2階入退所予定表.xls,R7.12月,85,right,00124842,2025-11-17,2025-12-11,0,matched_exact
S_a2623c4e69eb0be2,2F,floor_in,2025-12-11,2025-12,木,入所,1,,岡田 スミエ,岡田スミエ,10:30,,自宅,3,,,,excel_workbook,data/raw/source_excels/アルボース2階入退所予定表.xls,R7.12月,86,left,00054209,2025-12-11,2026-03-07,0,matched_exact
S_e3fe49c8ff7ad5bd,2F,floor_out,2025-12-11,2025-12,木,ショート,1,,中野 るみ子,中野るみ子,AM,送,自宅,3,自宅,自宅退所,,excel_workbook,data/raw/source_excels/アルボース2階入退所予定表.xls,R7.12月,86,right,00074049,2025-11-20,2025-12-11,0,matched_exact
S_f29e9cf577d8db73,2F,floor_in,2025-12-11,2025-12,木,ショート,1,,細井 明,細井明,10:30,,自宅,22,,,,excel_workbook,data/raw/source_excels/アルボース2階入退所予定表.xls,R7.12月,87,left,00154374,2025-12-11,2025-12-13,0,matched_exact
S_3c30b0a7d6432e40,2F,floor_out,2025-12-12,2025-12,金,入所,1,,関谷 康子,関谷康子,10:00,,自宅,1,自宅,自宅退所,,excel_workbook,data/raw/source_excels/アルボース2階入退所予定表.xls,R7.12月,93,right,00146225,2025-08-25,2025-12-12,0,matched_exact
S_2afd2dd4aa07b486,2F,floor_out,2025-12-12,2025-12,金,転床,1,,内山 美津子,内山美津子,,,3階-308,23,3階-308,,,excel_workbook,data/raw/source_excels/アルボース2階入退所予定表.xls,R7.12月,94,right,00165904,2025-11-26,2025-12-11,-1,matched_within_tolerance
S_edf0e406cbd00574,2F,floor_in,2025-12-13,2025-12,土,ショート,1,,小林 節子,小林節子,AM,迎,自宅,5,,,,excel_workbook,data/raw/source_excels/アルボース2階入退所予定表.xls,R7.12月,101,left,00129630,2025-12-13,2025-12-15,0,matched_exact
S_a9cc5d634ba37683,2F,floor_out,2025-12-13,2025-12,土,ショート,1,,坂倉 康子,坂倉康子,AM,送,自宅,5,自宅,自宅退所,,excel_workbook,data/raw/source_excels/アルボース2階入退所予定表.xls,R7.12月,101,right,00149052,2025-12-11,2025-12-13,0,matched_exact
S_a884c7feb38dd350,2F,floor_in,2025-12-13,2025-12,土,ショート,1,,関川 浩,関川浩,AM,迎,自宅,8,,,,excel_workbook,data/raw/source_excels/アルボース2階入退所予定表.xls,R7.12月,102,left,,,,,not_matched_name_unknown
S_bba342feddbccda6,2F,floor_out,2025-12-13,2025-12,土,ショート,1,,富田 政喜,富田政喜,10:00,,自宅,8,自宅,自宅退所,,excel_workbook,data/raw/source_excels/アルボース2階入退所予定表.xls,R7.12月,102,right,00118090,2025-11-19,2025-12-13,0,matched_exact
S_09f94083f0d85ca8,2F,floor_in,2025-12-13,2025-12,土,ショート,1,,小林 眞代,小林眞代,AM,迎,自宅,1,,,,excel_workbook,data/raw/source_excels/アルボース2階入退所予定表.xls,R7.12月,103,left,00052434,2025-12-13,2025-12-15,0,matched_exact
S_c7fd969e7b589b6e,2F,floor_out,2025-12-13,2025-12,土,ショート,1,,細井 明,細井明,AM,送,自宅,22,自宅,自宅退所,,excel_workbook,data/raw/source_excels/アルボース2階入退所予定表.xls,R7.12月,103,right,00154374,2025-12-11,2025-12-13,0,matched_exact
S_6e9303dc47cf28e9,2F,floor_out,2025-12-13,2025-12,土,ショート,1,,松江 光子,松江光子,AM,送,自宅,10,自宅,自宅退所,,excel_workbook,data/raw/source_excels/アルボース2階入退所予定表.xls,R7.12月,104,right,00143482,2025-12-10,2025-12-13,0,matched_exact
S_e5f7a7eff7097338,2F,floor_in,2025-12-15,2025-12,月,ショート,1,,関谷 康子,関谷康子,10:30,,自宅,1,,,,excel_workbook,data/raw/source_excels/アルボース2階入退所予定表.xls,R7.12月,117,left,00146225,2025-12-15,2026-01-09,0,matched_exact
S_04d443bbf094d353,2F,floor_out,2025-12-15,2025-12,月,ショート,1,,小林 眞代,小林眞代,AM,送,自宅,1,自宅,自宅退所,,excel_workbook,data/raw/source_excels/アルボース2階入退所予定表.xls,R7.12月,117,right,00052434,2025-12-13,2025-12-15,0,matched_exact
S_6e9093b3e7d303ea,2F,floor_in,2025-12-15,2025-12,月,入所,1,,新井 君江,新井君江,10:30,,自宅,5,,,,excel_workbook,data/raw/source_excels/アルボース2階入退所予定表.xls,R7.12月,118,left,00124842,2025-12-15,2026-03-12,0,matched_exact
S_4f9de47b1718c380,2F,floor_out,2025-12-15,2025-12,月,ショート,1,,小林 節子,小林節子,AM,送,自宅,5,自宅,自宅退所,,excel_workbook,data/raw/source_excels/アルボース2階入退所予定表.xls,R7.12月,118,right,00129630,2025-12-13,2025-12-15,0,matched_exact
S_66cc8016bab01ed4,2F,floor_in,2025-12-15,2025-12,月,入所,1,,横堀 誓一,横堀誓一,10:30,,併設病院,22,,,,excel_workbook,data/raw/source_excels/アルボース2階入退所予定表.xls,R7.12月,119,left,00159362,2025-12-15,2026-05-31,0,matched_exact
S_a67fd076bd1fc33b,2F,floor_out,2025-12-15,2025-12,月,入所,1,,井上 さく,井上さく,18:00,,市民病院,11,市民病院,病院退所,,excel_workbook,data/raw/source_excels/アルボース2階入退所予定表.xls,R7.12月,119,right,00114125,2025-10-30,2025-12-15,0,matched_exact
S_0f2d741616793034,2F,floor_in,2025-12-16,2025-12,火,入所,1,,富田 政喜,富田政喜,10:30,,自宅,8,,,,excel_workbook,data/raw/source_excels/アルボース2階入退所予定表.xls,R7.12月,125,left,00118090,2025-12-16,2026-04-11,0,matched_exact
S_5a25a40a6ec476be,2F,floor_out,2025-12-16,2025-12,火,ショート,1,,関川 浩,関川浩,AM,送,自宅,8,自宅,自宅退所,,excel_workbook,data/raw/source_excels/アルボース2階入退所予定表.xls,R7.12月,125,right,,,,,not_matched_name_unknown
S_50876b6b21f66369,2F,floor_in,2025-12-16,2025-12,火,ショート,1,,新井 幸子,新井幸子,10:30,,自宅,15,,,,excel_workbook,data/raw/source_excels/アルボース2階入退所予定表.xls,R7.12月,126,left,00092936,2025-12-16,2025-12-20,0,matched_exact
S_795dab887139af70,2F,floor_out,2025-12-16,2025-12,火,ショート,1,,原 貴美子,原貴美子,AM,送,自宅,15,自宅,自宅退所,,excel_workbook,data/raw/source_excels/アルボース2階入退所予定表.xls,R7.12月,126,right,00114754,2025-12-05,2025-12-16,0,matched_exact
S_33c680e397cf82bf,2F,floor_in,2025-12-16,2025-12,火,ショート,1,,田村 美枝子,田村美枝子,10:30,,自宅,18,,,,excel_workbook,data/raw/source_excels/アルボース2階入退所予定表.xls,R7.12月,127,left,00154234,2025-12-16,2025-12-18,0,matched_exact
S_3968fa3ce2e4312c,2F,floor_in,2025-12-17,2025-12,水,入所,1,再,新井 基雄,新井基雄,10:30,,石井病院,10,,,,excel_workbook,data/raw/source_excels/アルボース2階入退所予定表.xls,R7.12月,133,left,00070507,2025-12-17,2026-05-08,0,matched_exact
S_8b677f43b7953891,2F,floor_out,2025-12-17,2025-12,水,ショート,,,中澤 正雄,中澤正雄,,,書類上,8,書類上,ショート終了,,excel_workbook,data/raw/source_excels/アルボース2階入退所予定表.xls,R7.12月,133,right,00069873,2025-04-19,2025-11-24,-23,not_matched_boundary_mismatch
S_92d5de06e0edde56,2F,floor_in,2025-12-17,2025-12,水,入所,1,新,田口 武,田口武,10:30,,併設病院,0,,,,excel_workbook,data/raw/source_excels/アルボース2階入退所予定表.xls,R7.12月,134,left,00164377,2025-12-17,2026-03-22,0,matched_exact
S_54812565b5589d28,2F,floor_in,2025-12-18,2025-12,木,ショート,1,,中野 るみ子,中野るみ子,AM,迎,自宅,18,,,,excel_workbook,data/raw/source_excels/アルボース2階入退所予定表.xls,R7.12月,141,left,00074049,2025-12-18,2025-12-25,0,matched_exact
S_2743ed80da7747ae,2F,floor_out,2025-12-18,2025-12,木,ショート,1,,田村 美枝子,田村美枝子,10:00,,自宅,18,自宅,自宅退所,,excel_workbook,data/raw/source_excels/アルボース2階入退所予定表.xls,R7.12月,141,right,00154234,2025-12-16,2025-12-18,0,matched_exact
S_384862a3c153232e,2F,floor_in,2025-12-18,2025-12,木,ショート,1,,松江 光子,松江光子,AM,迎,自宅,13,,,,excel_workbook,data/raw/source_excels/アルボース2階入退所予定表.xls,R7.12月,142,left,00143482,2025-12-18,2025-12-27,0,matched_exact
S_c2f9993d9f799396,2F,floor_in,2025-12-18,2025-12,木,入所,,,中澤 正雄,中澤正雄,,,書類上,8,,,,excel_workbook,data/raw/source_excels/アルボース2階入退所予定表.xls,R7.12月,143,left,00069873,2025-12-01,2026-02-22,-17,not_matched_boundary_mismatch
S_4c0bb0d2506511ce,2F,floor_out,2025-12-19,2025-12,金,入所,1,,矢内 辰男,矢内辰男,10:00,,特養「ことぶきの郷」,0,特養「ことぶきの郷」,施設退所,施設退所,excel_workbook,data/raw/source_excels/アルボース2階入退所予定表.xls,R7.12月,149,right,00045762,2025-11-12,2025-12-19,0,matched_exact
S_cc6cac05904cfd71,2F,floor_out,2025-12-19,2025-12,金,入所,1,,浅野 セツ,浅野セツ,09:09,,死去,23,死亡,死亡退所,死亡退所,excel_workbook,data/raw/source_excels/アルボース2階入退所予定表.xls,R7.12月,150,right,00050567,2025-06-06,2025-12-19,0,matched_exact
S_6f1d3f021f89add4,2F,floor_in,2025-12-20,2025-12,土,ショート,1,,原 貴美子,原貴美子,AM,迎,自宅,15,,,,excel_workbook,data/raw/source_excels/アルボース2階入退所予定表.xls,R7.12月,157,left,00114754,2025-12-20,2025-12-23,0,matched_exact
S_f48733a10edc0feb,2F,floor_out,2025-12-20,2025-12,土,入所,1,,渋澤 美知子,渋澤美知子,10:00,,自宅,1,自宅,自宅退所,,excel_workbook,data/raw/source_excels/アルボース2階入退所予定表.xls,R7.12月,157,right,00161225,2025-09-27,2025-12-20,0,matched_exact
S_e453fa99f94d34bc,2F,floor_in,2025-12-20,2025-12,土,ショート,1,,磯田 カヅ子,磯田カヅ子,10:30,,自宅,18,,,,excel_workbook,data/raw/source_excels/アルボース2階入退所予定表.xls,R7.12月,158,left,00141394,2025-12-20,2025-12-22,0,matched_exact
S_0898ba02def655cd,2F,floor_out,2025-12-20,2025-12,土,ショート,1,,新井 幸子,新井幸子,10:00,,自宅,15,自宅,自宅退所,,excel_workbook,data/raw/source_excels/アルボース2階入退所予定表.xls,R7.12月,158,right,00092936,2025-12-16,2025-12-20,0,matched_exact
S_d1d5e59627d3821e,2F,floor_in,2025-12-22,2025-12,月,ショート,1,,堀田 益男,堀田益男,AM,迎,自宅,0,,,,excel_workbook,data/raw/source_excels/アルボース2階入退所予定表.xls,R7.12月,173,left,00092183,2025-12-22,2025-12-27,0,matched_exact
S_f69b3def5a394830,2F,floor_out,2025-12-22,2025-12,月,ショート,1,,磯田 カヅ子,磯田カヅ子,10:00,,自宅,18,自宅,自宅退所,,excel_workbook,data/raw/source_excels/アルボース2階入退所予定表.xls,R7.12月,173,right,00141394,2025-12-20,2025-12-22,0,matched_exact
S_b6ca8a1572e48315,2F,floor_in,2025-12-22,2025-12,月,ショート,1,,松島 宏尚,松島宏尚,AM,迎,自宅,22,,,,excel_workbook,data/raw/source_excels/アルボース2階入退所予定表.xls,R7.12月,174,left,00145463,2025-12-22,2026-01-08,0,matched_exact
S_7de7f8c3f843b270,2F,floor_in,2025-12-23,2025-12,火,入所,1,,島 菊枝,島菊枝,10:30,,自宅,15,,,,excel_workbook,data/raw/source_excels/アルボース2階入退所予定表.xls,R7.12月,181,left,00112713,2025-12-23,2026-03-24,0,matched_exact
S_b472504b739cbe72,2F,floor_out,2025-12-23,2025-12,火,ショート,1,,原 貴美子,原貴美子,AM,送,自宅,15,自宅,自宅退所,,excel_workbook,data/raw/source_excels/アルボース2階入退所予定表.xls,R7.12月,181,right,00114754,2025-12-20,2025-12-23,0,matched_exact
S_261101111772b607,2F,floor_in,2025-12-23,2025-12,火,ショート,1,,児島 菊江,児島菊江,AM,迎,自宅,13,,,,excel_workbook,data/raw/source_excels/アルボース2階入退所予定表.xls,R7.12月,182,left,00060950,2025-12-23,2025-12-27,0,matched_exact
S_515959bb1960752c,2F,floor_in,2025-12-23,2025-12,火,入所,1,,黒沢 まさ子,黒沢まさ子,15:00,,福島病院,23,,,,excel_workbook,data/raw/source_excels/アルボース2階入退所予定表.xls,R7.12月,183,left,,,,,not_matched_name_unknown
S_674e9a533e54c9ad,2F,floor_in,2025-12-25,2025-12,木,ショート,1,,吉田 雅志,吉田雅志,AM,迎,自宅,15,,,,excel_workbook,data/raw/source_excels/アルボース2階入退所予定表.xls,R7.12月,197,left,00081906,2025-12-25,2025-12-26,0,matched_exact
S_bb92356602d61e31,2F,floor_out,2025-12-25,2025-12,木,ショート,1,,中野 るみ子,中野るみ子,AM,送,自宅,1,自宅,自宅退所,,excel_workbook,data/raw/source_excels/アルボース2階入退所予定表.xls,R7.12月,197,right,00074049,2025-12-18,2025-12-25,0,matched_exact
S_17d8bcb9d5c302cc,2F,floor_in,2025-12-25,2025-12,木,入所,1,新,島田 芳一,島田芳一,10:30,,市民病院,11,,,,excel_workbook,data/raw/source_excels/アルボース2階入退所予定表.xls,R7.12月,198,left,00021571,2025-12-25,2026-05-29,0,matched_exact
S_c77212307cf63d59,2F,floor_out,2025-12-26,2025-12,金,入所,1,,矢内 照子,矢内照子,10:00,,自宅,7,自宅,自宅退所,,excel_workbook,data/raw/source_excels/アルボース2階入退所予定表.xls,R7.12月,205,right,00051294,2025-06-21,2025-12-26,0,matched_exact
S_3bcc361c2e45cb3e,2F,floor_out,2025-12-26,2025-12,金,ショート,1,,吉田 雅志,吉田雅志,AM,送,自宅,15,自宅,自宅退所,,excel_workbook,data/raw/source_excels/アルボース2階入退所予定表.xls,R7.12月,206,right,00081906,2025-12-25,2025-12-26,0,matched_exact
S_9510831cfe7666f6,2F,floor_out,2025-12-27,2025-12,土,ショート,1,,堀田 益男,堀田益男,AM,送,自宅,0,自宅,自宅退所,,excel_workbook,data/raw/source_excels/アルボース2階入退所予定表.xls,R7.12月,213,right,00092183,2025-12-22,2025-12-27,0,matched_exact
S_3fc7e1fc73c5ebcd,2F,floor_out,2025-12-27,2025-12,土,ショート,1,,児島 菊江,児島菊江,AM,送,自宅,13,自宅,自宅退所,,excel_workbook,data/raw/source_excels/アルボース2階入退所予定表.xls,R7.12月,214,right,00060950,2025-12-23,2025-12-27,0,matched_exact
S_e18c5c2b511eb8a8,2F,floor_out,2025-12-27,2025-12,土,ショート,1,,松江 光子,松江光子,AM,送,自宅,18,自宅,自宅退所,,excel_workbook,data/raw/source_excels/アルボース2階入退所予定表.xls,R7.12月,215,right,00143482,2025-12-18,2025-12-27,0,matched_exact
S_72f8fec8b254b4a2,2F,floor_in,2025-12-29,2025-12,月,入所,1,新,高柳 洋子,高柳洋子,10:30,,自宅,18,,,,excel_workbook,data/raw/source_excels/アルボース2階入退所予定表.xls,R7.12月,229,left,00082424,2025-12-29,2026-04-02,0,matched_boundary_only_name_mismatch
S_57b6245890221e4b,2F,floor_out,2025-12-31,2025-12,水,入所,1,,小林 荘吉,小林荘吉,10:00,,自宅,22,自宅,自宅退所,,excel_workbook,data/raw/source_excels/アルボース2階入退所予定表.xls,R7.12月,245,right,00028545,2025-09-12,2025-12-31,0,matched_boundary_only_name_mismatch
S_97f2e4b1582aaa09,2F,floor_out,2026-01-03,2026-01,土,ショート,1,,坂本 千鶴子,坂本千鶴子,10:00,,自宅,3,自宅,自宅退所,,excel_workbook,data/raw/source_excels/アルボース2階入退所予定表.xls,R8.1月,21,right,00151132,2025-12-10,2026-01-03,0,matched_exact
S_ce1beaf0505c949f,2F,floor_in,2026-01-04,2026-01,日,ショート,1,,矢内 照子,矢内照子,10:30,,自宅,3,,,,excel_workbook,data/raw/source_excels/アルボース2階入退所予定表.xls,R8.1月,29,left,00051294,2026-01-04,2026-01-31,0,matched_exact
S_c4d866ec147ce4d0,2F,floor_in,2026-01-05,2026-01,月,ショート,1,,中野 るみ子,中野るみ子,AM,迎,自宅,7,,,,excel_workbook,data/raw/source_excels/アルボース2階入退所予定表.xls,R8.1月,37,left,00074049,2026-01-05,2026-01-13,0,matched_exact
S_e039359dae885493,2F,floor_in,2026-01-06,2026-01,火,入所,1,,坂本 千鶴子,坂本千鶴子,10:30,,自宅,1,,,,excel_workbook,data/raw/source_excels/アルボース2階入退所予定表.xls,R8.1月,45,left,00151132,2026-01-06,2026-05-07,0,matched_exact
S_fbf90859ab292705,2F,floor_in,2026-01-08,2026-01,木,ショート,1,,原 貴美子,原貴美子,AM,迎,自宅,13,,,,excel_workbook,data/raw/source_excels/アルボース2階入退所予定表.xls,R8.1月,61,left,00114754,2026-01-08,2026-01-13,0,matched_exact
S_83079328ba3df732,2F,floor_out,2026-01-08,2026-01,木,ショート,1,,松島 宏尚,松島宏尚,AM,送,自宅,22,自宅,自宅退所,,excel_workbook,data/raw/source_excels/アルボース2階入退所予定表.xls,R8.1月,61,right,00145463,2025-12-22,2026-01-08,0,matched_exact
S_9cc8fba5a0e719df,2F,floor_in,2026-01-08,2026-01,木,ショート,1,,細井 明,細井明,10:30,,自宅,22,,,,excel_workbook,data/raw/source_excels/アルボース2階入退所予定表.xls,R8.1月,62,left,00154374,2026-01-08,2026-01-10,0,matched_exact
S_4046137ec4423052,2F,floor_out,2026-01-09,2026-01,金,ショート,1,,関谷 康子,関谷康子,10:00,,自宅,15,自宅,自宅退所,,excel_workbook,data/raw/source_excels/アルボース2階入退所予定表.xls,R8.1月,69,right,00146225,2025-12-15,2026-01-09,0,matched_exact
S_0e30c921c074b107,2F,floor_out,2026-01-09,2026-01,金,入所,1,,吉岡 加津代,吉岡加津代,10:00,,自宅,17,自宅,自宅退所,,excel_workbook,data/raw/source_excels/アルボース2階入退所予定表.xls,R8.1月,70,right,00155078,2025-10-10,2026-01-09,0,matched_exact
S_51d76a14eed94af7,2F,floor_in,2026-01-10,2026-01,土,ショート,1,,小林 節子,小林節子,AM,迎,自宅,1,,,,excel_workbook,data/raw/source_excels/アルボース2階入退所予定表.xls,R8.1月,77,left,00129630,2026-01-10,2026-01-19,0,matched_exact
S_175db4c3189a743d,2F,floor_out,2026-01-10,2026-01,土,入所,1,,亀田 コウ,亀田コウ,10:00,,自宅,1,自宅,自宅退所,,excel_workbook,data/raw/source_excels/アルボース2階入退所予定表.xls,R8.1月,77,right,00028032,2025-08-06,2026-01-10,0,matched_exact
S_72e2df6889974f6a,2F,floor_in,2026-01-10,2026-01,土,ショート,1,,小林 荘吉,小林荘吉,AM,迎,自宅,22,,,,excel_workbook,data/raw/source_excels/アルボース2階入退所予定表.xls,R8.1月,78,left,,,,,not_matched_name_unknown
S_068dad8d3522cd83,2F,floor_out,2026-01-10,2026-01,土,ショート,1,,細井 明,細井明,AM,送,自宅,22,自宅,自宅退所,,excel_workbook,data/raw/source_excels/アルボース2階入退所予定表.xls,R8.1月,78,right,00154374,2026-01-08,2026-01-10,0,matched_exact
S_71c0d8beb025078f,2F,floor_in,2026-01-10,2026-01,土,ショート,1,,関川 浩,関川浩,AM,迎,自宅,22,,,,excel_workbook,data/raw/source_excels/アルボース2階入退所予定表.xls,R8.1月,79,left,,,,,not_matched_name_unknown
S_79d76d30c53caa76,2F,floor_in,2026-01-10,2026-01,土,ショート,1,,松江 光子,松江光子,16:00,,自宅,15,,,,excel_workbook,data/raw/source_excels/アルボース2階入退所予定表.xls,R8.1月,83,left,00143482,2026-01-10,2026-01-17,0,matched_exact
S_32af267a5eed13d6,2F,floor_in,2026-01-12,2026-01,月,ショート,1,,吉岡 加津代,吉岡加津代,10:30,,自宅,17,,,,excel_workbook,data/raw/source_excels/アルボース2階入退所予定表.xls,R8.1月,93,left,00155078,2026-01-12,2026-02-09,0,matched_exact
S_d658995176d37d96,2F,floor_in,2026-01-13,2026-01,火,入所,1,,関谷 康子,関谷康子,10:30,,自宅,7,,,,excel_workbook,data/raw/source_excels/アルボース2階入退所予定表.xls,R8.1月,101,left,00146225,2026-01-13,2026-05-31,0,matched_exact
S_898af492e269dd97,2F,floor_out,2026-01-13,2026-01,火,ショート,1,,中野 るみ子,中野るみ子,AM,送,自宅,7,自宅,自宅退所,,excel_workbook,data/raw/source_excels/アルボース2階入退所予定表.xls,R8.1月,101,right,00074049,2026-01-05,2026-01-13,0,matched_exact
S_a3bcc4e7c3bb525d,2F,floor_in,2026-01-13,2026-01,火,ショート,1,,児島 菊江,児島菊江,AM,迎,自宅,13,,,,excel_workbook,data/raw/source_excels/アルボース2階入退所予定表.xls,R8.1月,102,left,00060950,2026-01-13,2026-01-17,0,matched_exact
S_4981502b898e4a18,2F,floor_out,2026-01-13,2026-01,火,ショート,1,,原 貴美子,原貴美子,AM,送,自宅,13,自宅,自宅退所,,excel_workbook,data/raw/source_excels/アルボース2階入退所予定表.xls,R8.1月,102,right,00114754,2026-01-08,2026-01-13,0,matched_exact
S_59acfa5493d2e3af,2F,floor_in,2026-01-14,2026-01,水,ショート,1,,松島 宏尚,松島宏尚,AM,迎,自宅,0,,,,excel_workbook,data/raw/source_excels/アルボース2階入退所予定表.xls,R8.1月,109,left,00145463,2026-01-14,2026-01-19,0,matched_exact
S_8ef1e9652e7fd363,2F,floor_in,2026-01-15,2026-01,木,入所,1,新,石田 雅也,石田雅也,10:30,,併設病院,0,,,,excel_workbook,data/raw/source_excels/アルボース2階入退所予定表.xls,R8.1月,117,left,00165136,2026-01-15,2026-05-14,0,matched_exact
S_9634cb423d910c90,2F,floor_out,2026-01-15,2026-01,木,ショート,1,,関川 浩,関川浩,AM,送,自宅,22,自宅,自宅退所,,excel_workbook,data/raw/source_excels/アルボース2階入退所予定表.xls,R8.1月,117,right,,,,,not_matched_name_unknown
S_ae5604ec0ea73b0d,2F,floor_out,2026-01-15,2026-01,木,入所,1,,鯉登 和子,鯉登和子,11:00,,住宅型有料「つつじが岡」,20,住宅型有料「つつじが岡」,施設退所,施設退所,excel_workbook,data/raw/source_excels/アルボース2階入退所予定表.xls,R8.1月,118,right,00082806,2025-11-01,2026-01-15,0,matched_exact
S_ae16ae262f3f9f76,2F,floor_in,2026-01-16,2026-01,金,入所,1,新,田谷 幸代,田谷幸代,10:30,,併設病院,15,,,,excel_workbook,data/raw/source_excels/アルボース2階入退所予定表.xls,R8.1月,125,left,00011023,2026-01-16,2026-05-31,0,matched_exact
S_947f532121b457b4,2F,floor_out,2026-01-16,2026-01,金,入所,1,,井野 忠,井野忠,10:00,,自宅,21,自宅,自宅退所,,excel_workbook,data/raw/source_excels/アルボース2階入退所予定表.xls,R8.1月,125,right,00125158,2025-10-13,2026-01-16,0,matched_exact
S_66faec683342ec2b,2F,floor_out,2026-01-16,2026-01,金,入所,1,,斉藤 時子,斉藤時子,10:00,,自宅,6,自宅,自宅退所,,excel_workbook,data/raw/source_excels/アルボース2階入退所予定表.xls,R8.1月,126,right,,,,,not_matched_name_unknown
S_6e5fc77e6f286e89,2F,floor_in,2026-01-17,2026-01,土,ショート,1,,亀山 信子,亀山信子,AM,迎,自宅,6,,,,excel_workbook,data/raw/source_excels/アルボース2階入退所予定表.xls,R8.1月,133,left,00107616,2026-01-17,2026-01-20,0,matched_exact
S_96f4100efa42b6d1,2F,floor_out,2026-01-17,2026-01,土,入所,1,,杉浦 好江,杉浦好江,10:00,,自宅,5,自宅,自宅退所,,excel_workbook,data/raw/source_excels/アルボース2階入退所予定表.xls,R8.1月,133,right,00155370,2025-09-20,2026-01-17,0,matched_exact
S_18cb62f48adf402c,2F,floor_in,2026-01-17,2026-01,土,ショート,1,,亀田 コウ,亀田コウ,AM,迎,自宅,5,,,,excel_workbook,data/raw/source_excels/アルボース2階入退所予定表.xls,R8.1月,134,left,00028032,2026-01-17,2026-01-23,0,matched_exact
S_942be0f587c0eea6,2F,floor_out,2026-01-17,2026-01,土,ショート,1,,児島 菊江,児島菊江,AM,送,自宅,13,自宅,自宅退所,,excel_workbook,data/raw/source_excels/アルボース2階入退所予定表.xls,R8.1月,134,right,00060950,2026-01-13,2026-01-17,0,matched_exact
S_7775786456d6cc27,2F,floor_in,2026-01-17,2026-01,土,ショート,1,,堀田 益男,堀田益男,AM,迎,自宅,21,,,,excel_workbook,data/raw/source_excels/アルボース2階入退所予定表.xls,R8.1月,135,left,00092183,2026-01-17,2026-01-21,0,matched_exact
S_ebedea799454ca76,2F,floor_out,2026-01-17,2026-01,土,入所,1,,鈴木 利通,鈴木利通,10:00,,自宅,21,自宅,自宅退所,,excel_workbook,data/raw/source_excels/アルボース2階入退所予定表.xls,R8.1月,135,right,00042165,2025-09-18,2026-01-17,0,matched_exact
S_d13ca58793d99f79,2F,floor_out,2026-01-17,2026-01,土,ショート,1,,松江 光子,松江光子,14:00,,自宅,20,自宅,自宅退所,,excel_workbook,data/raw/source_excels/アルボース2階入退所予定表.xls,R8.1月,136,right,00143482,2026-01-10,2026-01-17,0,matched_exact
S_041bdfbf44232a7a,2F,floor_in,2026-01-19,2026-01,月,ショート,1,,坂倉 康子,坂倉康子,AM,迎,自宅,7,,,,excel_workbook,data/raw/source_excels/アルボース2階入退所予定表.xls,R8.1月,149,left,00149052,2026-01-19,2026-01-21,0,matched_exact
S_be969138663c78c9,2F,floor_out,2026-01-19,2026-01,月,ショート,1,,小林 節子,小林節子,AM,送,自宅,1,自宅,自宅退所,,excel_workbook,data/raw/source_excels/アルボース2階入退所予定表.xls,R8.1月,149,right,00129630,2026-01-10,2026-01-19,0,matched_exact
S_49982d937696e85a,2F,floor_out,2026-01-19,2026-01,月,ショート,1,,松島 宏尚,松島宏尚,AM,送,自宅,22,自宅,自宅退所,,excel_workbook,data/raw/source_excels/アルボース2階入退所予定表.xls,R8.1月,150,right,00145463,2026-01-14,2026-01-19,0,matched_exact
S_b40072ce13bad083,2F,floor_in,2026-01-20,2026-01,火,ショート,1,,田村 美枝子,田村美枝子,10:30,,自宅,6,,,,excel_workbook,data/raw/source_excels/アルボース2階入退所予定表.xls,R8.1月,157,left,00154234,2026-01-20,2026-01-22,0,matched_exact
S_b59b1b6ff1f93f87,2F,floor_out,2026-01-20,2026-01,火,ショート,1,,亀山 信子,亀山信子,AM,送,自宅,6,自宅,自宅退所,,excel_workbook,data/raw/source_excels/アルボース2階入退所予定表.xls,R8.1月,157,right,00107616,2026-01-17,2026-01-20,0,matched_exact
S_7b50a9f87669d578,2F,floor_in,2026-01-20,2026-01,火,ショート,1,,新井 幸子,新井幸子,10:30,,自宅,13,,,,excel_workbook,data/raw/source_excels/アルボース2階入退所予定表.xls,R8.1月,158,left,00092936,2026-01-20,2026-01-24,0,matched_exact
S_89c34b9c1972b9f6,2F,floor_in,2026-01-21,2026-01,水,ショート,1,,小林 眞代,小林眞代,AM,迎,自宅,7,,,,excel_workbook,data/raw/source_excels/アルボース2階入退所予定表.xls,R8.1月,165,left,00052434,2026-01-21,2026-01-24,0,matched_exact
S_03f49c449d2946e2,2F,floor_out,2026-01-21,2026-01,水,ショート,1,,坂倉 康子,坂倉康子,AM,送,自宅,7,自宅,自宅退所,,excel_workbook,data/raw/source_excels/アルボース2階入退所予定表.xls,R8.1月,165,right,00149052,2026-01-19,2026-01-21,0,matched_exact
S_1a5888a2cd88952c,2F,floor_in,2026-01-21,2026-01,水,ショート,1,,井野 忠,井野忠,AM,迎,自宅,21,,,,excel_workbook,data/raw/source_excels/アルボース2階入退所予定表.xls,R8.1月,166,left,00125158,2026-01-21,2026-02-16,0,matched_exact
S_51284a9c73e71496,2F,floor_out,2026-01-21,2026-01,水,ショート,1,,堀田 益男,堀田益男,AM,送,自宅,21,自宅,自宅退所,,excel_workbook,data/raw/source_excels/アルボース2階入退所予定表.xls,R8.1月,166,right,00092183,2026-01-17,2026-01-21,0,matched_exact
S_5a5beecb6d088deb,2F,floor_in,2026-01-21,2026-01,水,ショート,1,,鈴木 利通,鈴木利通,10:30,,自宅,21,,,,excel_workbook,data/raw/source_excels/アルボース2階入退所予定表.xls,R8.1月,167,left,00042165,2026-01-21,2026-02-12,0,matched_exact
S_5d3189769c8775b9,2F,floor_in,2026-01-21,2026-01,水,ショート,1,,石井 清子,石井清子,15:30,,自宅,1,,,,excel_workbook,data/raw/source_excels/アルボース2階入退所予定表.xls,R8.1月,172,left,00149229,2026-01-21,2026-01-26,0,matched_exact
S_4198530bc9736e4d,2F,floor_in,2026-01-22,2026-01,木,ショート,1,,中野 るみ子,中野るみ子,AM,迎,自宅,6,,,,excel_workbook,data/raw/source_excels/アルボース2階入退所予定表.xls,R8.1月,173,left,00074049,2026-01-22,2026-01-29,0,matched_exact
S_763a65d57a6be241,2F,floor_out,2026-01-22,2026-01,木,ショート,1,,田村 美枝子,田村美枝子,10:00,,自宅,6,自宅,自宅退所,,excel_workbook,data/raw/source_excels/アルボース2階入退所予定表.xls,R8.1月,173,right,00154234,2026-01-20,2026-01-22,0,matched_exact
S_50bd8c3ce10f7ef0,2F,floor_out,2026-01-23,2026-01,金,ショート,1,,亀田 コウ,亀田コウ,AM,送,自宅,5,自宅,自宅退所,,excel_workbook,data/raw/source_excels/アルボース2階入退所予定表.xls,R8.1月,181,right,00028032,2026-01-17,2026-01-23,0,matched_exact
S_e6fa2d0d1ed058a5,2F,floor_in,2026-01-24,2026-01,土,ショート,1,,磯田 カヅ子,磯田カヅ子,10:30,,自宅,7,,,,excel_workbook,data/raw/source_excels/アルボース2階入退所予定表.xls,R8.1月,189,left,00141394,2026-01-24,2026-01-28,0,matched_exact
S_418a802efcc13d49,2F,floor_out,2026-01-24,2026-01,土,ショート,1,,小林 眞代,小林眞代,AM,送,自宅,7,自宅,自宅退所,,excel_workbook,data/raw/source_excels/アルボース2階入退所予定表.xls,R8.1月,189,right,00052434,2026-01-21,2026-01-24,0,matched_exact
S_1e6ffc3e4d51580a,2F,floor_in,2026-01-24,2026-01,土,ショート,1,,杉浦 好江,杉浦好江,10:30,,自宅,7,,,,excel_workbook,data/raw/source_excels/アルボース2階入退所予定表.xls,R8.1月,190,left,00155370,2026-01-24,2026-05-31,0,matched_exact
S_f4afa1d61f228970,2F,floor_out,2026-01-24,2026-01,土,入所,1,,小澤 香代子,小澤香代子,10:00,,自宅,7,自宅,自宅退所,,excel_workbook,data/raw/source_excels/アルボース2階入退所予定表.xls,R8.1月,190,right,00082392,2025-04-01,2026-01-24,0,matched_exact
S_e9cfce596305edbe,2F,floor_in,2026-01-24,2026-01,土,ショート,1,,原 貴美子,原貴美子,AM,迎,自宅,13,,,,excel_workbook,data/raw/source_excels/アルボース2階入退所予定表.xls,R8.1月,191,left,00114754,2026-01-24,2026-01-30,0,matched_exact
S_a7690f1617b67320,2F,floor_out,2026-01-24,2026-01,土,ショート,1,,新井 幸子,新井幸子,10:00,,自宅,13,自宅,自宅退所,,excel_workbook,data/raw/source_excels/アルボース2階入退所予定表.xls,R8.1月,191,right,00092936,2026-01-20,2026-01-24,0,matched_exact
S_365ec02e727a4181,2F,floor_in,2026-01-24,2026-01,土,ショート,1,,松江 光子,松江光子,14:00,,自宅,5,,,,excel_workbook,data/raw/source_excels/アルボース2階入退所予定表.xls,R8.1月,192,left,00143482,2026-01-24,2026-01-31,0,matched_exact
S_02dd0675cd2812b0,2F,floor_out,2026-01-24,2026-01,土,ショート,1,,小林 荘吉,小林荘吉,AM,送,自宅,22,自宅,自宅退所,,excel_workbook,data/raw/source_excels/アルボース2階入退所予定表.xls,R8.1月,192,right,,,,,not_matched_name_unknown
S_e17ab46fb9d8e39d,2F,floor_in,2026-01-26,2026-01,月,ショート,1,,小澤 香代子,小澤香代子,10:30,,自宅,1,,,,excel_workbook,data/raw/source_excels/アルボース2階入退所予定表.xls,R8.1月,205,left,00082392,2026-01-26,2026-01-31,0,matched_exact
S_dc3ca48086200737,2F,floor_out,2026-01-26,2026-01,月,ショート,1,,石井 清子,石井清子,AM,送,自宅,1,自宅,自宅退所,,excel_workbook,data/raw/source_excels/アルボース2階入退所予定表.xls,R8.1月,205,right,00149229,2026-01-21,2026-01-26,0,matched_exact
S_572b597e263979d7,2F,floor_in,2026-01-26,2026-01,月,入所,1,,栗原 俊夫,栗原俊夫,10:30,,済生会病院,22,,,,excel_workbook,data/raw/source_excels/アルボース2階入退所予定表.xls,R8.1月,206,left,00132208,2026-01-26,2026-01-30,0,matched_exact
S_63ca5ceee2d0ed0c,2F,floor_in,2026-01-26,2026-01,月,入所,1,,松島 宏尚,松島宏尚,10:30,,自宅,22,,,,excel_workbook,data/raw/source_excels/アルボース2階入退所予定表.xls,R8.1月,207,left,00145463,2026-01-26,2026-03-04,0,matched_exact
S_73b456b6848357a4,2F,floor_in,2026-01-28,2026-01,水,ショート,1,,斉藤 時子,斉藤時子,AM,迎,自宅,7,,,,excel_workbook,data/raw/source_excels/アルボース2階入退所予定表.xls,R8.1月,221,left,,,,,not_matched_name_unknown
S_ad4de984d86e35dd,2F,floor_out,2026-01-28,2026-01,水,ショート,1,,磯田 カヅ子,磯田カヅ子,10:00,,自宅,7,自宅,自宅退所,,excel_workbook,data/raw/source_excels/アルボース2階入退所予定表.xls,R8.1月,221,right,00141394,2026-01-24,2026-01-28,0,matched_exact
S_bfb2fa32c3bf71b2,2F,floor_in,2026-01-29,2026-01,木,ショート,1,,亀田 コウ,亀田コウ,AM,迎,自宅,6,,,,excel_workbook,data/raw/source_excels/アルボース2階入退所予定表.xls,R8.1月,229,left,00028032,2026-01-29,2026-02-07,0,matched_exact
S_aecc6b0dccc0ba6a,2F,floor_out,2026-01-29,2026-01,木,ショート,1,,中野 るみ子,中野るみ子,AM,送,自宅,6,自宅,自宅退所,,excel_workbook,data/raw/source_excels/アルボース2階入退所予定表.xls,R8.1月,229,right,00074049,2026-01-22,2026-01-29,0,matched_exact
S_a1696ba7ff5d8d3c,2F,floor_in,2026-01-30,2026-01,金,ショート,1,,栗原 文子,栗原文子,AM,迎,自宅,13,,,,excel_workbook,data/raw/source_excels/アルボース2階入退所予定表.xls,R8.1月,237,left,00083160,2026-01-30,2026-02-02,0,matched_exact
S_4cd13b5a1a52e6a2,2F,floor_out,2026-01-30,2026-01,金,ショート,1,,原 貴美子,原貴美子,AM,送,自宅,13,自宅,自宅退所,,excel_workbook,data/raw/source_excels/アルボース2階入退所予定表.xls,R8.1月,237,right,00114754,2026-01-24,2026-01-30,0,matched_exact
S_52586fc256f1cfa5,2F,floor_in,2026-01-31,2026-01,土,入所,1,,小林 荘吉,小林荘吉,14:45,,自宅,22,,,,excel_workbook,data/raw/source_excels/アルボース2階入退所予定表.xls,R8.1月,245,left,,,,,not_matched_name_unknown
S_6780005a84e34b1b,2F,floor_out,2026-01-31,2026-01,土,ショート,1,,矢内 照子,矢内照子,10:00,,自宅,3,自宅,自宅退所,,excel_workbook,data/raw/source_excels/アルボース2階入退所予定表.xls,R8.1月,245,right,00051294,2026-01-04,2026-01-31,0,matched_exact
S_c9fb7db8fe276084,2F,floor_out,2026-01-31,2026-01,土,ショート,1,,松江 光子,松江光子,AM,送,自宅,5,自宅,自宅退所,,excel_workbook,data/raw/source_excels/アルボース2階入退所予定表.xls,R8.1月,246,right,00143482,2026-01-24,2026-01-31,0,matched_exact
S_b705e9f7f23a1041,2F,floor_out,2026-01-31,2026-01,土,転床,1,,栗原 俊夫,栗原俊夫,,,3階,22,3階,,,excel_workbook,data/raw/source_excels/アルボース2階入退所予定表.xls,R8.1月,247,right,00132208,2026-01-26,2026-01-30,-1,matched_within_tolerance
S_7c5516462a365242,2F,floor_out,2026-01-31,2026-01,土,ショート,1,,小澤 香代子,小澤香代子,10:00,,自宅,1,自宅,自宅退所,,excel_workbook,data/raw/source_excels/アルボース2階入退所予定表.xls,R8.1月,248,right,00082392,2026-01-26,2026-01-31,0,matched_exact
S_d770d354c6c8ba68,2F,floor_in,2026-02-02,2026-02,月,ショート,1,,吉田 雅志,吉田雅志,AM,迎,自宅,13,,,,excel_workbook,data/raw/source_excels/アルボース2階入退所予定表.xls,R8.2月,13,left,00081906,2026-02-02,2026-02-04,0,matched_exact
S_7a332ca528623e76,2F,floor_out,2026-02-02,2026-02,月,ショート,1,,栗原 文子,栗原文子,AM,送,自宅,13,自宅,自宅退所,,excel_workbook,data/raw/source_excels/アルボース2階入退所予定表.xls,R8.2月,13,right,00083160,2026-01-30,2026-02-02,0,matched_exact
S_00df765b2a96cf92,2F,floor_in,2026-02-02,2026-02,月,ショート,1,,小澤 香代子,小澤香代子,10:30,,自宅,3,,,,excel_workbook,data/raw/source_excels/アルボース2階入退所予定表.xls,R8.2月,14,left,00082392,2026-02-02,2026-02-07,0,matched_exact
S_a0072d78ce0da188,2F,floor_in,2026-02-03,2026-02,火,入所,1,,鎌田 唱子,鎌田唱子,AM,,ユニット,5,,,,excel_workbook,data/raw/source_excels/アルボース2階入退所予定表.xls,R8.2月,21,left,00050841,2026-02-03,2026-05-31,0,matched_exact
S_91c7f257be27dcc2,2F,floor_in,2026-02-03,2026-02,火,ショート,1,再,大澤 重行,大澤重行,10:30,介護タクシー,自宅,1,,,,excel_workbook,data/raw/source_excels/アルボース2階入退所予定表.xls,R8.2月,22,left,00054022,2026-02-03,2026-02-04,0,matched_exact
S_40190b270842cbf9,2F,floor_in,2026-02-04,2026-02,水,ショート,1,,小野 利明,小野利明,AM,迎,自宅,13,,,,excel_workbook,data/raw/source_excels/アルボース2階入退所予定表.xls,R8.2月,29,left,00154494,2026-02-04,2026-02-10,0,matched_exact
S_9d5287ddd4bea0f3,2F,floor_out,2026-02-04,2026-02,水,ショート,1,,吉田 雅志,吉田雅志,AM,送,自宅,13,自宅,自宅退所,,excel_workbook,data/raw/source_excels/アルボース2階入退所予定表.xls,R8.2月,29,right,00081906,2026-02-02,2026-02-04,0,matched_exact
S_c182a300c30064c6,2F,floor_in,2026-02-04,2026-02,水,転床,1,,山岸 君代,山岸君代,,,3階,1,,,,excel_workbook,data/raw/source_excels/アルボース2階入退所予定表.xls,R8.2月,30,left,00137071,2026-02-04,2026-02-09,0,matched_exact
S_bfeae18805e48e16,2F,floor_out,2026-02-04,2026-02,水,ショート,1,,大澤 重行,大澤重行,10:00,介護タクシー,自宅,1,自宅,自宅退所,,excel_workbook,data/raw/source_excels/アルボース2階入退所予定表.xls,R8.2月,30,right,00054022,2026-02-03,2026-02-04,0,matched_exact
S_ada7e12e5b7a6162,2F,floor_in,2026-02-05,2026-02,木,ショート,1,,小屋 知紀,小屋知紀,AM,迎,自宅,8,,,,excel_workbook,data/raw/source_excels/アルボース2階入退所予定表.xls,R8.2月,37,left,00154078,2026-02-05,2026-02-07,0,matched_exact
S_992f8f6a2c88afdd,2F,floor_out,2026-02-05,2026-02,木,入所,1,,井上 勇,井上勇,10:00,,自宅,8,自宅,自宅退所,,excel_workbook,data/raw/source_excels/アルボース2階入退所予定表.xls,R8.2月,37,right,00146240,2025-10-27,2026-02-05,0,matched_exact
S_679cea321b29cab7,2F,floor_in,2026-02-05,2026-02,木,ショート,1,,中野 るみ子,中野るみ子,AM,迎,自宅,20,,,,excel_workbook,data/raw/source_excels/アルボース2階入退所予定表.xls,R8.2月,38,left,00074049,2026-02-05,2026-02-26,0,matched_exact
S_cff7d7a41630e964,2F,floor_out,2026-02-05,2026-02,木,入所,1,,萩原 多美枝,萩原多美枝,10:00,,自宅,20,自宅,自宅退所,,excel_workbook,data/raw/source_excels/アルボース2階入退所予定表.xls,R8.2月,38,right,00133246,2025-09-16,2026-02-05,0,matched_exact
S_0ef0cc4e0287de46,2F,floor_in,2026-02-07,2026-02,土,入所,1,,矢内 照子,矢内照子,10:30,,自宅,6,,,,excel_workbook,data/raw/source_excels/アルボース2階入退所予定表.xls,R8.2月,53,left,00051294,2026-02-07,2026-04-17,0,matched_exact
S_f30c001f2e208336,2F,floor_out,2026-02-07,2026-02,土,ショート,1,,亀田 コウ,亀田コウ,AM,送,自宅,6,自宅,自宅退所,,excel_workbook,data/raw/source_excels/アルボース2階入退所予定表.xls,R8.2月,53,right,00028032,2026-01-29,2026-02-07,0,matched_exact
S_e7ead59d2905289e,2F,floor_in,2026-02-07,2026-02,土,ショート,1,,磯田 カヅ子,磯田カヅ子,10:30,,自宅,3,,,,excel_workbook,data/raw/source_excels/アルボース2階入退所予定表.xls,R8.2月,54,left,00141394,2026-02-07,2026-02-17,0,matched_exact
S_ef56a350fa11e234,2F,floor_out,2026-02-07,2026-02,土,ショート,1,,小屋 知紀,小屋知紀,AM,送,自宅,8,自宅,自宅退所,,excel_workbook,data/raw/source_excels/アルボース2階入退所予定表.xls,R8.2月,54,right,00154078,2026-02-05,2026-02-07,0,matched_exact
S_02ca0726a33b8057,2F,floor_out,2026-02-07,2026-02,土,ショート,1,,小澤 香代子,小澤香代子,10:00,,自宅,3,自宅,自宅退所,,excel_workbook,data/raw/source_excels/アルボース2階入退所予定表.xls,R8.2月,55,right,00082392,2026-02-02,2026-02-07,0,matched_exact
S_c729537ed68e55f4,2F,floor_in,2026-02-09,2026-02,月,ショート,1,,小澤 香代子,小澤香代子,10:30,,自宅,3,,,,excel_workbook,data/raw/source_excels/アルボース2階入退所予定表.xls,R8.2月,69,left,00082392,2026-02-09,2026-02-14,0,matched_exact
S_e66619901b3ceec1,2F,floor_out,2026-02-09,2026-02,月,ショート,1,,吉岡 加津代,吉岡加津代,10:00,,自宅,17,自宅,自宅退所,,excel_workbook,data/raw/source_excels/アルボース2階入退所予定表.xls,R8.2月,69,right,00155078,2026-01-12,2026-02-09,0,matched_exact
S_25fd0af3c5b2a1a3,2F,floor_in,2026-02-09,2026-02,月,ショート,1,,吉野 勝三,吉野勝三,AM,迎,自宅,8,,,,excel_workbook,data/raw/source_excels/アルボース2階入退所予定表.xls,R8.2月,70,left,00109276,2026-02-09,2026-02-20,0,matched_exact
S_06e7114bd23316a5,2F,floor_in,2026-02-10,2026-02,火,ショート,1,,小林 眞代,小林眞代,AM,迎,自宅,7,,,,excel_workbook,data/raw/source_excels/アルボース2階入退所予定表.xls,R8.2月,77,left,00052434,2026-02-10,2026-02-13,0,matched_exact
S_015c74d3190b8788,2F,floor_out,2026-02-10,2026-02,火,ショート,1,,斉藤 時子,斉藤時子,AM,送,自宅,7,自宅,自宅退所,,excel_workbook,data/raw/source_excels/アルボース2階入退所予定表.xls,R8.2月,77,right,,,,,not_matched_name_unknown
S_511d09e8f8d7051e,2F,floor_in,2026-02-10,2026-02,火,入所,1,,亀田 コウ,亀田コウ,10:30,,自宅,1,,,,excel_workbook,data/raw/source_excels/アルボース2階入退所予定表.xls,R8.2月,78,left,00028032,2026-02-10,2026-05-31,0,matched_exact
S_a75a8793d6fb7dbd,2F,floor_out,2026-02-10,2026-02,火,ショート,,,杉浦 好江,杉浦好江,,,書類上,7,書類上,ショート終了,,excel_workbook,data/raw/source_excels/アルボース2階入退所予定表.xls,R8.2月,78,right,00155370,2025-09-20,2026-01-17,-24,not_matched_boundary_mismatch
S_4a5a69ed16368b7f,2F,floor_in,2026-02-10,2026-02,火,ショート,1,,原 貴美子,原貴美子,AM,迎,自宅,13,,,,excel_workbook,data/raw/source_excels/アルボース2階入退所予定表.xls,R8.2月,79,left,00114754,2026-02-10,2026-02-14,0,matched_exact
S_d0b9bc838af5f167,2F,floor_out,2026-02-10,2026-02,火,ショート,1,,小野 利明,小野利明,AM,送,自宅,13,自宅,自宅退所,,excel_workbook,data/raw/source_excels/アルボース2階入退所予定表.xls,R8.2月,79,right,00154494,2026-02-04,2026-02-10,0,matched_exact
S_2c2650476b7a4f05,2F,floor_out,2026-02-10,2026-02,火,転床,1,,山岸 君代,山岸君代,,,3階,1,3階,,,excel_workbook,data/raw/source_excels/アルボース2階入退所予定表.xls,R8.2月,80,right,00137071,2026-02-04,2026-02-09,-1,matched_within_tolerance
S_ece6c4d26f06ed3c,2F,floor_in,2026-02-11,2026-02,水,入所,,,杉浦 好江,杉浦好江,,,書類上,7,,,,excel_workbook,data/raw/source_excels/アルボース2階入退所予定表.xls,R8.2月,85,left,00155370,2026-01-24,2026-05-31,-18,not_matched_boundary_mismatch
S_ecef8f1041756b69,2F,floor_in,2026-02-12,2026-02,木,ショート,1,,児島 菊江,児島菊江,AM,迎,自宅,5,,,,excel_workbook,data/raw/source_excels/アルボース2階入退所予定表.xls,R8.2月,93,left,00060950,2026-02-12,2026-02-19,0,matched_exact
S_0fab83b417c6d17d,2F,floor_out,2026-02-12,2026-02,木,入所,1,,岩澤 秀子,岩澤秀子,10:00,,自宅,5,自宅,自宅退所,,excel_workbook,data/raw/source_excels/アルボース2階入退所予定表.xls,R8.2月,93,right,00147744,2025-11-04,2026-02-12,0,matched_exact
S_c4d68546271a2f54,2F,floor_in,2026-02-12,2026-02,木,ショート,1,再,大澤 重行,大澤重行,10:30,介護タクシー,自宅,21,,,,excel_workbook,data/raw/source_excels/アルボース2階入退所予定表.xls,R8.2月,94,left,00054022,2026-02-12,2026-02-17,0,matched_exact
S_374ded5454e9d38b,2F,floor_out,2026-02-12,2026-02,木,ショート,1,,鈴木 利通,鈴木利通,10:00,,自宅,21,自宅,自宅退所,,excel_workbook,data/raw/source_excels/アルボース2階入退所予定表.xls,R8.2月,94,right,00042165,2026-01-21,2026-02-12,0,matched_exact
S_2b8ee6862e6bf014,2F,floor_in,2026-02-13,2026-02,金,ショート,1,,細井 明,細井明,10:30,,ユニット,8,,,,excel_workbook,data/raw/source_excels/アルボース2階入退所予定表.xls,R8.2月,101,left,00154374,2026-02-13,2026-02-14,0,matched_exact
S_2fffebf5e86223a9,2F,floor_out,2026-02-13,2026-02,金,入所,1,,久保田 益夫,久保田益夫,10:00,,自宅,8,自宅,自宅退所,,excel_workbook,data/raw/source_excels/アルボース2階入退所予定表.xls,R8.2月,101,right,00120484,2025-09-19,2026-02-13,0,matched_exact
S_030d6684e86cc99c,2F,floor_in,2026-02-13,2026-02,金,ショート,1,,鈴木 清江,鈴木清江,10:30,,自宅,7,,,,excel_workbook,data/raw/source_excels/アルボース2階入退所予定表.xls,R8.2月,102,left,00136653,2026-02-13,2026-02-21,0,matched_exact
S_a7ed6107f291a00b,2F,floor_out,2026-02-13,2026-02,金,ショート,1,,小林 眞代,小林眞代,AM,送,自宅,7,自宅,自宅退所,,excel_workbook,data/raw/source_excels/アルボース2階入退所予定表.xls,R8.2月,102,right,00052434,2026-02-10,2026-02-13,0,matched_exact
S_cf808b35f70a069d,2F,floor_in,2026-02-14,2026-02,土,ショート,1,,関川 浩,関川浩,AM,迎,自宅,8,,,,excel_workbook,data/raw/source_excels/アルボース2階入退所予定表.xls,R8.2月,109,left,,,,,not_matched_name_unknown
S_cd6cd309a4d4bde6,2F,floor_out,2026-02-14,2026-02,土,ショート,1,,原 貴美子,原貴美子,AM,送,自宅,13,自宅,自宅退所,,excel_workbook,data/raw/source_excels/アルボース2階入退所予定表.xls,R8.2月,109,right,00114754,2026-02-10,2026-02-14,0,matched_exact
S_7e08fa774fa7136e,2F,floor_in,2026-02-14,2026-02,土,入所,1,,吉岡 加津代,吉岡加津代,10:30,,自宅,17,,,,excel_workbook,data/raw/source_excels/アルボース2階入退所予定表.xls,R8.2月,110,left,00155078,2026-02-14,2026-05-12,0,matched_exact
S_537c564ae235cf75,2F,floor_out,2026-02-14,2026-02,土,ショート,1,,小澤 香代子,小澤香代子,10:00,,自宅,3,自宅,自宅退所,,excel_workbook,data/raw/source_excels/アルボース2階入退所予定表.xls,R8.2月,110,right,00082392,2026-02-09,2026-02-14,0,matched_exact
S_6085eb465abe880e,2F,floor_out,2026-02-14,2026-02,土,ショート,1,,細井 明,細井明,10:00,,自宅,8,自宅,自宅退所,,excel_workbook,data/raw/source_excels/アルボース2階入退所予定表.xls,R8.2月,111,right,00154374,2026-02-13,2026-02-14,0,matched_exact
S_8978927b81e4fd69,2F,floor_in,2026-02-16,2026-02,月,ショート,1,,掘田 益男,掘田益男,AM,迎,自宅,21,,,,excel_workbook,data/raw/source_excels/アルボース2階入退所予定表.xls,R8.2月,125,left,,,,,not_matched_name_unknown
S_be388ed0a4c51ada,2F,floor_out,2026-02-16,2026-02,月,ショート,1,,関川 浩,関川浩,AM,送,自宅,8,自宅,自宅退所,,excel_workbook,data/raw/source_excels/アルボース2階入退所予定表.xls,R8.2月,125,right,,,,,not_matched_name_unknown
S_9700df35261145ab,2F,floor_in,2026-02-16,2026-02,月,ショート,1,,久保田 益夫,久保田益夫,AM,迎,自宅,8,,,,excel_workbook,data/raw/source_excels/アルボース2階入退所予定表.xls,R8.2月,126,left,00120484,2026-02-16,2026-03-13,0,matched_exact
S_385939df9ce06493,2F,floor_out,2026-02-16,2026-02,月,入所,1,,河田 セツ子,河田セツ子,10:00,,自宅,6,自宅,自宅退所,,excel_workbook,data/raw/source_excels/アルボース2階入退所予定表.xls,R8.2月,126,right,00146793,2025-12-06,2026-02-16,0,matched_exact
S_8a328d3f02be8185,2F,floor_in,2026-02-16,2026-02,月,ショート,1,,小澤 香代子,小澤香代子,10:30,,自宅,6,,,,excel_workbook,data/raw/source_excels/アルボース2階入退所予定表.xls,R8.2月,127,left,00082392,2026-02-16,2026-02-21,0,matched_exact
S_56b663521ce7149e,2F,floor_out,2026-02-16,2026-02,月,ショート,1,,井野 忠,井野忠,AM,送,自宅,21,自宅,自宅退所,,excel_workbook,data/raw/source_excels/アルボース2階入退所予定表.xls,R8.2月,127,right,00125158,2026-01-21,2026-02-16,0,matched_exact
S_9d5baffff0c9b15e,2F,floor_in,2026-02-16,2026-02,月,入所,1,,鈴木 利通,鈴木利通,10:30,,自宅,21,,,,excel_workbook,data/raw/source_excels/アルボース2階入退所予定表.xls,R8.2月,128,left,00042165,2026-02-16,2026-05-31,0,matched_exact
S_77b5f32f7d108258,2F,floor_in,2026-02-17,2026-02,火,ショート,1,,新井 幸子,新井幸子,10:30,,自宅,11,,,,excel_workbook,data/raw/source_excels/アルボース2階入退所予定表.xls,R8.2月,133,left,00092936,2026-02-17,2026-02-21,0,matched_exact
S_e6dcee29dc36ba8c,2F,floor_out,2026-02-17,2026-02,火,ショート,1,,大澤 重行,大澤重行,10:00,介護タクシー,自宅,8,自宅,自宅退所,,excel_workbook,data/raw/source_excels/アルボース2階入退所予定表.xls,R8.2月,133,right,00054022,2026-02-12,2026-02-17,0,matched_exact
S_6d568f01774883dd,2F,floor_in,2026-02-17,2026-02,火,ショート,1,,田村 美枝子,田村美枝子,10:30,,自宅,3,,,,excel_workbook,data/raw/source_excels/アルボース2階入退所予定表.xls,R8.2月,134,left,00154234,2026-02-17,2026-02-19,0,matched_exact
S_31b7331e62df7267,2F,floor_out,2026-02-17,2026-02,火,ショート,1,,磯田 カヅ子,磯田カヅ子,10:00,,自宅,3,自宅,自宅退所,,excel_workbook,data/raw/source_excels/アルボース2階入退所予定表.xls,R8.2月,134,right,00141394,2026-02-07,2026-02-17,0,matched_exact
S_c083280fe1d9736e,2F,floor_in,2026-02-19,2026-02,木,ショート,1,,岩澤 秀子,岩澤秀子,10:30,,自宅,5,,,,excel_workbook,data/raw/source_excels/アルボース2階入退所予定表.xls,R8.2月,149,left,00147744,2026-02-19,2026-03-14,0,matched_exact
S_05c847b6424824c2,2F,floor_out,2026-02-19,2026-02,木,ショート,1,,児島 菊江,児島菊江,AM,送,自宅,5,自宅,自宅退所,,excel_workbook,data/raw/source_excels/アルボース2階入退所予定表.xls,R8.2月,149,right,00060950,2026-02-12,2026-02-19,0,matched_exact
S_05b9cc0239adfaa0,2F,floor_out,2026-02-19,2026-02,木,ショート,1,,田村 美枝子,田村美枝子,10:00,,自宅,3,自宅,自宅退所,,excel_workbook,data/raw/source_excels/アルボース2階入退所予定表.xls,R8.2月,150,right,00154234,2026-02-17,2026-02-19,0,matched_exact
S_8acb0f54da3a3483,2F,floor_in,2026-02-20,2026-02,金,ショート,1,,井上 勇,井上勇,AM,迎,自宅,8,,,,excel_workbook,data/raw/source_excels/アルボース2階入退所予定表.xls,R8.2月,157,left,00146240,2026-02-20,2026-02-27,0,matched_exact
S_832dbc61274b623e,2F,floor_out,2026-02-20,2026-02,金,ショート,1,,吉野 勝三,吉野勝三,AM,送,自宅,8,自宅,自宅退所,,excel_workbook,data/raw/source_excels/アルボース2階入退所予定表.xls,R8.2月,157,right,00109276,2026-02-09,2026-02-20,0,matched_exact
S_574e4eb8b5843ea3,2F,floor_in,2026-02-20,2026-02,金,ショート,1,,原 貴美子,原貴美子,AM,迎,自宅,16,,,,excel_workbook,data/raw/source_excels/アルボース2階入退所予定表.xls,R8.2月,158,left,00114754,2026-02-20,2026-02-28,0,matched_exact
S_19c7f4a112ffdcd6,2F,floor_out,2026-02-20,2026-02,金,入所,1,,鈴木 弘美,鈴木弘美,10:00,,自宅,16,自宅,自宅退所,,excel_workbook,data/raw/source_excels/アルボース2階入退所予定表.xls,R8.2月,158,right,00149589,2025-09-02,2026-02-20,0,matched_exact
S_31fcbbfd578f2ce2,2F,floor_in,2026-02-21,2026-02,土,ショート,1,,亀山 信子,亀山信子,AM,迎,自宅,6,,,,excel_workbook,data/raw/source_excels/アルボース2階入退所予定表.xls,R8.2月,165,left,00107616,2026-02-21,2026-02-24,0,matched_exact
S_a7e6f397ed6561ee,2F,floor_out,2026-02-21,2026-02,土,ショート,1,,小澤 香代子,小澤香代子,10:00,,自宅,6,自宅,自宅退所,,excel_workbook,data/raw/source_excels/アルボース2階入退所予定表.xls,R8.2月,165,right,00082392,2026-02-16,2026-02-21,0,matched_exact
S_77e332c34cc39513,2F,floor_in,2026-02-21,2026-02,土,入所,1,,井野 忠,井野忠,10:30,,自宅,21,,,,excel_workbook,data/raw/source_excels/アルボース2階入退所予定表.xls,R8.2月,166,left,00125158,2026-02-21,2026-05-29,0,matched_exact
S_6560d5cc356fd2cc,2F,floor_out,2026-02-21,2026-02,土,ショート,1,,新井 幸子,新井幸子,10:00,,自宅,11,自宅,自宅退所,,excel_workbook,data/raw/source_excels/アルボース2階入退所予定表.xls,R8.2月,166,right,00092936,2026-02-17,2026-02-21,0,matched_exact
S_d4b038f30fdc3c07,2F,floor_out,2026-02-21,2026-02,土,ショート,1,,掘田 益夫,掘田益夫,AM,送,自宅,21,自宅,自宅退所,,excel_workbook,data/raw/source_excels/アルボース2階入退所予定表.xls,R8.2月,167,right,,,,,not_matched_name_unknown
S_92388c373ef05011,2F,floor_out,2026-02-21,2026-02,土,ショート,1,,鈴木 清江,鈴木清江,09:00,,自宅,7,自宅,自宅退所,,excel_workbook,data/raw/source_excels/アルボース2階入退所予定表.xls,R8.2月,168,right,00136653,2026-02-13,2026-02-21,0,matched_exact
S_75147ce8abb34574,2F,floor_in,2026-02-22,2026-02,日,ショート,1,,河田 セツ子,河田セツ子,10:30,,自宅,7,,,,excel_workbook,data/raw/source_excels/アルボース2階入退所予定表.xls,R8.2月,173,left,00146793,2026-02-22,2026-03-01,0,matched_exact
S_6430bc22d0ed422f,2F,floor_out,2026-02-22,2026-02,日,入所,1,,中澤 正雄,中澤正雄,15:16,,自宅,13,自宅,自宅退所,,excel_workbook,data/raw/source_excels/アルボース2階入退所予定表.xls,R8.2月,173,right,00069873,2025-12-01,2026-02-22,0,matched_exact
S_0bba3643dcaab32f,2F,floor_in,2026-02-23,2026-02,月,入所,1,,鈴木 清江,鈴木清江,10:30,,自宅,3,,,,excel_workbook,data/raw/source_excels/アルボース2階入退所予定表.xls,R8.2月,181,left,00136653,2026-02-23,2026-04-07,0,matched_exact
S_0439e14e8012d4af,2F,floor_in,2026-02-24,2026-02,火,入所,1,,小澤 香代子,小澤香代子,10:30,,自宅,6,,,,excel_workbook,data/raw/source_excels/アルボース2階入退所予定表.xls,R8.2月,189,left,00082392,2026-02-24,2026-05-31,0,matched_exact
S_48c48950676e05ae,2F,floor_out,2026-02-24,2026-02,火,ショート,1,,亀山 信子,亀山信子,AM,送,自宅,6,自宅,自宅退所,,excel_workbook,data/raw/source_excels/アルボース2階入退所予定表.xls,R8.2月,189,right,00107616,2026-02-21,2026-02-24,0,matched_exact
S_35cbb1dbc77151ae,2F,floor_in,2026-02-24,2026-02,火,ショート,1,,鈴木 弘美,鈴木弘美,10:30,,自宅,6,,,,excel_workbook,data/raw/source_excels/アルボース2階入退所予定表.xls,R8.2月,190,left,00149589,2026-02-24,2026-03-06,0,matched_exact
S_3c760caf98609c8c,2F,floor_in,2026-02-26,2026-02,木,ショート,1,,坂倉 康子,坂倉康子,AM,迎,自宅,20,,,,excel_workbook,data/raw/source_excels/アルボース2階入退所予定表.xls,R8.2月,205,left,00149052,2026-02-26,2026-02-28,0,matched_exact
S_69849fcdaecf3143,2F,floor_out,2026-02-26,2026-02,木,ショート,1,,中野 るみ子,中野るみ子,AM,送,自宅,20,自宅,自宅退所,,excel_workbook,data/raw/source_excels/アルボース2階入退所予定表.xls,R8.2月,205,right,00074049,2026-02-05,2026-02-26,0,matched_exact
S_60bba505e9d951ab,2F,floor_in,2026-02-26,2026-02,木,入所,1,新,飯塚 高見,飯塚高見,10:30,,石井病院,8,,,,excel_workbook,data/raw/source_excels/アルボース2階入退所予定表.xls,R8.2月,206,left,00050546,2026-02-26,2026-05-31,0,matched_exact
S_eb4b05c55c418212,2F,floor_in,2026-02-27,2026-02,金,入所,1,,吉野 勝三,吉野勝三,10:30,,自宅,8,,,,excel_workbook,data/raw/source_excels/アルボース2階入退所予定表.xls,R8.2月,213,left,00109276,2026-02-27,2026-05-09,0,matched_exact
S_12c3052c82c2d0f3,2F,floor_out,2026-02-27,2026-02,金,ショート,1,,井上 勇,井上勇,AM,送,自宅,8,自宅,自宅退所,,excel_workbook,data/raw/source_excels/アルボース2階入退所予定表.xls,R8.2月,213,right,00146240,2026-02-20,2026-02-27,0,matched_exact
S_86552b4c2d196b92,2F,floor_in,2026-02-28,2026-02,土,ショート,1,,磯田 カヅ子,磯田カヅ子,10:30,,自宅,16,,,,excel_workbook,data/raw/source_excels/アルボース2階入退所予定表.xls,R8.2月,221,left,00141394,2026-02-28,2026-03-02,0,matched_exact
S_985e66ac648e787d,2F,floor_out,2026-02-28,2026-02,土,入所,1,,山崎 政枝,山崎政枝,10:00,,自宅,3,自宅,自宅退所,,excel_workbook,data/raw/source_excels/アルボース2階入退所予定表.xls,R8.2月,221,right,00154926,2025-12-01,2026-02-28,0,matched_exact
S_6deb9df505aa8333,2F,floor_out,2026-02-28,2026-02,土,ショート,1,,原 貴美子,原貴美子,AM,送,自宅,16,自宅,自宅退所,,excel_workbook,data/raw/source_excels/アルボース2階入退所予定表.xls,R8.2月,222,right,00114754,2026-02-20,2026-02-28,0,matched_exact
S_f92bb31600b8bb3b,2F,floor_out,2026-02-28,2026-02,土,ショート,1,,坂倉 康子,坂倉康子,AM,送,自宅,20,自宅,自宅退所,,excel_workbook,data/raw/source_excels/アルボース2階入退所予定表.xls,R8.2月,223,right,00149052,2026-02-26,2026-02-28,0,matched_exact
S_6c22c5f0fe880a6a,2F,floor_out,2026-03-01,2026-03,日,ショート,1,,河田 セツ子,河田セツ子,10:00,,自宅,7,自宅,自宅退所,,excel_workbook,data/raw/source_excels/アルボース2階入退所予定表.xls,R8.3月,5,right,00146793,2026-02-22,2026-03-01,0,matched_exact
S_8a778b0d356c5ec0,2F,floor_in,2026-03-02,2026-03,月,ショート,1,新,髙柳 テル子,髙柳テル子,AM,迎,自宅,3,,,,excel_workbook,data/raw/source_excels/アルボース2階入退所予定表.xls,R8.3月,13,left,,,,,not_matched_name_unknown
S_ff753f5a7320a4c2,2F,floor_out,2026-03-02,2026-03,月,ショート,1,,磯田 カヅ子,磯田カヅ子,10:00,,自宅,16,自宅,自宅退所,,excel_workbook,data/raw/source_excels/アルボース2階入退所予定表.xls,R8.3月,13,right,00141394,2026-02-28,2026-03-02,0,matched_exact
S_854c0ed107fda915,2F,floor_in,2026-03-02,2026-03,月,入所,1,再,阿左美 武子,阿左美武子,10:30,,併設病院,7,,,,excel_workbook,data/raw/source_excels/アルボース2階入退所予定表.xls,R8.3月,14,left,00089421,2026-03-02,2026-05-31,0,matched_exact
S_67a6ed14c0b0c554,2F,floor_in,2026-03-03,2026-03,火,ショート,1,,亀山 信子,亀山信子,AM,迎,自宅,20,,,,excel_workbook,data/raw/source_excels/アルボース2階入退所予定表.xls,R8.3月,21,left,00107616,2026-03-03,2026-03-09,0,matched_exact
S_51b75b1bfc27b052,2F,floor_in,2026-03-03,2026-03,火,ショート,1,,新井 幸子,新井幸子,10:00,,自宅,16,,,,excel_workbook,data/raw/source_excels/アルボース2階入退所予定表.xls,R8.3月,22,left,00092936,2026-03-03,2026-03-07,0,matched_exact
S_3e7a41d21dca15bd,2F,floor_out,2026-03-04,2026-03,水,入所,1,,松島 宏尚,松島宏尚,10:00,,自宅,22,自宅,自宅退所,,excel_workbook,data/raw/source_excels/アルボース2階入退所予定表.xls,R8.3月,29,right,00145463,2026-01-26,2026-03-04,0,matched_exact
S_a69fd4454538ba0f,2F,floor_out,2026-03-04,2026-03,水,ショート,1,,髙柳 テル子,髙柳テル子,AM,送,自宅,3,自宅,自宅退所,,excel_workbook,data/raw/source_excels/アルボース2階入退所予定表.xls,R8.3月,30,right,,,,,not_matched_name_unknown
S_8e582a234c1b65ac,2F,floor_in,2026-03-05,2026-03,木,ショート,1,,中野 るみ子,中野るみ子,AM,迎,自宅,3,,,,excel_workbook,data/raw/source_excels/アルボース2階入退所予定表.xls,R8.3月,37,left,00074049,2026-03-05,2026-03-12,0,matched_exact
S_63980c315920c26a,2F,floor_in,2026-03-05,2026-03,木,ショート,1,,細井 明,細井明,10:30,,自宅,8,,,,excel_workbook,data/raw/source_excels/アルボース2階入退所予定表.xls,R8.3月,38,left,00154374,2026-03-05,2026-03-07,0,matched_exact
S_badb1346a092a02e,2F,floor_out,2026-03-06,2026-03,金,ショート,1,,鈴木 弘美,鈴木弘美,10:00,,自宅,6,自宅,自宅退所,,excel_workbook,data/raw/source_excels/アルボース2階入退所予定表.xls,R8.3月,45,right,00149589,2026-02-24,2026-03-06,0,matched_exact
S_0e9db7a98623c8eb,2F,floor_in,2026-03-07,2026-03,土,ショート,1,,小林 眞代,小林眞代,AM,迎,自宅,3,,,,excel_workbook,data/raw/source_excels/アルボース2階入退所予定表.xls,R8.3月,53,left,00052434,2026-03-07,2026-03-10,0,matched_exact
S_fd8ac27625d9ea49,2F,floor_out,2026-03-07,2026-03,土,入所,1,,岡田 スミエ,岡田スミエ,10:00,,自宅,3,自宅,自宅退所,,excel_workbook,data/raw/source_excels/アルボース2階入退所予定表.xls,R8.3月,53,right,00054209,2025-12-11,2026-03-07,0,matched_exact
S_6a7c544f9bbc702f,2F,floor_out,2026-03-07,2026-03,土,ショート,1,,新井 幸子,新井幸子,10:00,,自宅,16,自宅,自宅退所,,excel_workbook,data/raw/source_excels/アルボース2階入退所予定表.xls,R8.3月,54,right,00092936,2026-03-03,2026-03-07,0,matched_exact
S_81bb9e97dc27fb9e,2F,floor_out,2026-03-07,2026-03,土,ショート,1,,細井 明,細井明,AM,送,自宅,8,自宅,自宅退所,,excel_workbook,data/raw/source_excels/アルボース2階入退所予定表.xls,R8.3月,55,right,00154374,2026-03-05,2026-03-07,0,matched_exact
S_b88be28d735d489e,2F,floor_in,2026-03-09,2026-03,月,ショート,1,,河田 セツ子,河田セツ子,10:30,,自宅,6,,,,excel_workbook,data/raw/source_excels/アルボース2階入退所予定表.xls,R8.3月,69,left,00146793,2026-03-09,2026-03-15,0,matched_exact
S_8c9ef0e5c2d5bc00,2F,floor_out,2026-03-09,2026-03,月,入所,1,,下田 良子,下田良子,10:00,,自宅,2,自宅,自宅退所,,excel_workbook,data/raw/source_excels/アルボース2階入退所予定表.xls,R8.3月,69,right,00078507,2025-06-22,2026-03-09,0,matched_exact
S_8643ba4b225f848d,2F,floor_in,2026-03-09,2026-03,月,ショート,1,,鈴木 弘美,鈴木弘美,10:30,,自宅,20,,,,excel_workbook,data/raw/source_excels/アルボース2階入退所予定表.xls,R8.3月,70,left,00149589,2026-03-09,2026-03-19,0,matched_exact
S_ce24759aa76a2717,2F,floor_out,2026-03-09,2026-03,月,ショート,1,,亀山 信子,亀山信子,AM,送,自宅,20,自宅,自宅退所,,excel_workbook,data/raw/source_excels/アルボース2階入退所予定表.xls,R8.3月,70,right,00107616,2026-03-03,2026-03-09,0,matched_exact
S_d7c3a6ca4d94112d,2F,floor_in,2026-03-09,2026-03,月,入所,1,,井上 勇,井上勇,10:30,,自宅,8,,,,excel_workbook,data/raw/source_excels/アルボース2階入退所予定表.xls,R8.3月,71,left,00146240,2026-03-09,2026-05-31,0,matched_exact
S_9cf58e703a1e8edb,2F,floor_in,2026-03-10,2026-03,火,ショート,1,,坂倉 康子,坂倉康子,AM,迎,自宅,3,,,,excel_workbook,data/raw/source_excels/アルボース2階入退所予定表.xls,R8.3月,77,left,00149052,2026-03-10,2026-03-12,0,matched_exact
S_34f2c25e691f3166,2F,floor_out,2026-03-10,2026-03,火,ショート,1,,小林 眞代,小林眞代,AM,送,自宅,3,自宅,自宅退所,,excel_workbook,data/raw/source_excels/アルボース2階入退所予定表.xls,R8.3月,77,right,00052434,2026-03-07,2026-03-10,0,matched_exact
S_0bab9198cde935ab,2F,floor_in,2026-03-10,2026-03,火,ショート,1,,原 貴美子,原貴美子,AM,迎,自宅,16,,,,excel_workbook,data/raw/source_excels/アルボース2階入退所予定表.xls,R8.3月,78,left,00114754,2026-03-10,2026-03-16,0,matched_exact
S_bc344d3cb5082e3b,2F,floor_in,2026-03-11,2026-03,水,入所,1,新,吉永 昌代,吉永昌代,10:30,,城山病院,2,,,,excel_workbook,data/raw/source_excels/アルボース2階入退所予定表.xls,R8.3月,85,left,00060895,2026-03-11,2026-04-23,0,matched_exact
S_763ee38b9686eb95,2F,floor_in,2026-03-12,2026-03,木,ショート,1,,児島 菊江,児島菊江,AM,迎,自宅,3,,,,excel_workbook,data/raw/source_excels/アルボース2階入退所予定表.xls,R8.3月,93,left,00060950,2026-03-12,2026-03-16,0,matched_exact
S_06322c7faece1fc1,2F,floor_out,2026-03-12,2026-03,木,ショート,1,,中野 るみ子,中野るみ子,AM,送,自宅,3,自宅,自宅退所,,excel_workbook,data/raw/source_excels/アルボース2階入退所予定表.xls,R8.3月,93,right,00074049,2026-03-05,2026-03-12,0,matched_exact
S_532a24a570d07c8f,2F,floor_out,2026-03-12,2026-03,木,ショート,1,,坂倉 康子,坂倉康子,AM,送,自宅,3,自宅,自宅退所,,excel_workbook,data/raw/source_excels/アルボース2階入退所予定表.xls,R8.3月,94,right,00149052,2026-03-10,2026-03-12,0,matched_exact
S_c1cabb7a0c502f47,2F,floor_out,2026-03-12,2026-03,木,入所,1,,新井 君江,新井君江,10:00,,自宅,5,自宅,自宅退所,,excel_workbook,data/raw/source_excels/アルボース2階入退所予定表.xls,R8.3月,95,right,00124842,2025-12-15,2026-03-12,0,matched_exact
S_35f64507a5aa3cac,2F,floor_in,2026-03-13,2026-03,金,入所,1,,萩原 多美枝,萩原多美枝,10:30,,自宅,3,,,,excel_workbook,data/raw/source_excels/アルボース2階入退所予定表.xls,R8.3月,101,left,00133246,2026-03-13,2026-05-31,0,matched_exact
S_b6ca62d062f05b76,2F,floor_in,2026-03-14,2026-03,土,ショート,1,,磯田 カヅ子,磯田カヅ子,10:30,,自宅,5-2,,,,excel_workbook,data/raw/source_excels/アルボース2階入退所予定表.xls,R8.3月,109,left,00141394,2026-03-14,2026-03-16,0,matched_exact
S_2ba5ae2cb5c8ac5e,2F,floor_out,2026-03-14,2026-03,土,ショート,1,,岩澤 秀子,岩澤秀子,10:00,,自宅,5-2,自宅,自宅退所,,excel_workbook,data/raw/source_excels/アルボース2階入退所予定表.xls,R8.3月,109,right,00147744,2026-02-19,2026-03-14,0,matched_exact
S_06756dcf0ede593f,2F,floor_in,2026-03-14,2026-03,土,ショート,1,,掘田 益男,掘田益男,AM,迎,自宅,8,,,,excel_workbook,data/raw/source_excels/アルボース2階入退所予定表.xls,R8.3月,110,left,,,,,not_matched_name_unknown
S_9e22eb307e23c098,2F,floor_out,2026-03-14,2026-03,土,ショート,1,,久保田 益夫,久保田益夫,AM,送,ユニット,8,ユニット,施設内移動,,excel_workbook,data/raw/source_excels/アルボース2階入退所予定表.xls,R8.3月,110,right,00120484,2026-02-16,2026-03-13,-1,matched_within_tolerance
S_f0fec69dec503abc,2F,floor_out,2026-03-15,2026-03,日,ショート,1,,河田 セツ子,河田セツ子,10:00,,自宅,6,自宅,自宅退所,,excel_workbook,data/raw/source_excels/アルボース2階入退所予定表.xls,R8.3月,117,right,00146793,2026-03-09,2026-03-15,0,matched_exact
S_44ae8137ff5b53ab,2F,floor_in,2026-03-16,2026-03,月,ショート,1,,新井 君江,新井君江,AM,迎,自宅,5,,,,excel_workbook,data/raw/source_excels/アルボース2階入退所予定表.xls,R8.3月,125,left,00124842,2026-03-16,2026-04-09,0,matched_exact
S_2d9263b3d3f387d2,2F,floor_out,2026-03-16,2026-03,月,ショート,1,,児島 菊江,児島菊江,AM,送,自宅,2,自宅,自宅退所,,excel_workbook,data/raw/source_excels/アルボース2階入退所予定表.xls,R8.3月,125,right,00060950,2026-03-12,2026-03-16,0,matched_exact
S_b5d3e218583d5149,2F,floor_in,2026-03-16,2026-03,月,ショート,1,,下田 良子,下田良子,AM,迎,自宅,6,,,,excel_workbook,data/raw/source_excels/アルボース2階入退所予定表.xls,R8.3月,126,left,00078507,2026-03-16,2026-04-03,0,matched_exact
S_b1048343adccdc79,2F,floor_out,2026-03-16,2026-03,月,ショート,1,,磯田 カヅ子,磯田カヅ子,10:00,,自宅,5-2,自宅,自宅退所,,excel_workbook,data/raw/source_excels/アルボース2階入退所予定表.xls,R8.3月,126,right,00141394,2026-03-14,2026-03-16,0,matched_exact
S_7013a0345d682cc8,2F,floor_out,2026-03-16,2026-03,月,ショート,1,,原 貴美子,原貴美子,AM,送,自宅,16,自宅,自宅退所,,excel_workbook,data/raw/source_excels/アルボース2階入退所予定表.xls,R8.3月,127,right,00114754,2026-03-10,2026-03-16,0,matched_exact
S_6203bd4e78510883,2F,floor_in,2026-03-17,2026-03,火,ショート,1,,田村 美枝子,田村美枝子,10:30,,自宅,5-2,,,,excel_workbook,data/raw/source_excels/アルボース2階入退所予定表.xls,R8.3月,133,left,00154234,2026-03-17,2026-03-19,0,matched_exact
S_fa4b828585b51441,2F,floor_out,2026-03-17,2026-03,火,入所,1,,平方 積衛,平方積衛,10:00,,特養「小泉の杜」,5,特養「小泉の杜」,施設退所,施設退所,excel_workbook,data/raw/source_excels/アルボース2階入退所予定表.xls,R8.3月,133,right,00074478,2025-04-01,2026-03-17,0,matched_exact
S_c1f1ce230d53ea0f,2F,floor_in,2026-03-19,2026-03,木,ショート,1,,中野 るみ子,中野るみ子,AM,迎,自宅,2,,,,excel_workbook,data/raw/source_excels/アルボース2階入退所予定表.xls,R8.3月,149,left,00074049,2026-03-19,2026-03-26,0,matched_exact
S_b00fb58c4017873f,2F,floor_out,2026-03-19,2026-03,木,ショート,1,,田村 美枝子,田村美枝子,10:00,,自宅,5-2,自宅,自宅退所,,excel_workbook,data/raw/source_excels/アルボース2階入退所予定表.xls,R8.3月,149,right,00154234,2026-03-17,2026-03-19,0,matched_exact
S_57464c7d7eda2fec,2F,floor_in,2026-03-19,2026-03,木,入所,1,,岩澤 秀子,岩澤秀子,10:30,,自宅,5-2,,,,excel_workbook,data/raw/source_excels/アルボース2階入退所予定表.xls,R8.3月,150,left,00147744,2026-03-19,2026-05-31,0,matched_exact
S_9f6f62f762da9315,2F,floor_out,2026-03-19,2026-03,木,ショート,1,,鈴木 弘美,鈴木弘美,10:00,,自宅,20,自宅,自宅退所,,excel_workbook,data/raw/source_excels/アルボース2階入退所予定表.xls,R8.3月,150,right,00149589,2026-03-09,2026-03-19,0,matched_exact
S_c7b7d3d7e84792ca,2F,floor_in,2026-03-19,2026-03,木,ショート,1,,亀山 信子,亀山信子,AM,迎,自宅,20,,,,excel_workbook,data/raw/source_excels/アルボース2階入退所予定表.xls,R8.3月,151,left,00107616,2026-03-19,2026-03-23,0,matched_exact
S_75c4930dc3fc3667,2F,floor_out,2026-03-19,2026-03,木,ショート,1,,掘田 益男,掘田益男,AM,送,自宅,8,自宅,自宅退所,,excel_workbook,data/raw/source_excels/アルボース2階入退所予定表.xls,R8.3月,151,right,,,,,not_matched_name_unknown
S_05a1760bb7992a95,2F,floor_in,2026-03-21,2026-03,土,ショート,1,,松島 宏尚,松島宏尚,AM,迎,自宅,16,,,,excel_workbook,data/raw/source_excels/アルボース2階入退所予定表.xls,R8.3月,165,left,00145463,2026-03-21,2026-03-24,0,matched_exact
S_4814ea2e7845817d,2F,floor_in,2026-03-21,2026-03,土,入所,1,再,深町 豊子,深町豊子,10:30,,自宅,3,,,,excel_workbook,data/raw/source_excels/アルボース2階入退所予定表.xls,R8.3月,166,left,00138290,2026-03-21,2026-05-16,0,matched_exact
S_1f285c9652c867cc,2F,floor_in,2026-03-22,2026-03,日,入所,1,,河田 セツ子,河田セツ子,10:30,,自宅,7,,,,excel_workbook,data/raw/source_excels/アルボース2階入退所予定表.xls,R8.3月,173,left,00146793,2026-03-22,2026-05-31,0,matched_exact
S_e97a3dcc0cef9ffa,2F,floor_out,2026-03-22,2026-03,日,入所,1,,田口 武,田口武,10:00,,自宅,0,自宅,自宅退所,,excel_workbook,data/raw/source_excels/アルボース2階入退所予定表.xls,R8.3月,173,right,00164377,2025-12-17,2026-03-22,0,matched_exact
S_1b161d5f23b8aa29,2F,floor_out,2026-03-22,2026-03,日,入所,1,,藤木 千尋,藤木千尋,10:00,,自宅,7,自宅,自宅退所,,excel_workbook,data/raw/source_excels/アルボース2階入退所予定表.xls,R8.3月,174,right,00103521,2025-12-06,2026-03-22,0,matched_exact
S_321981b744b23565,2F,floor_in,2026-03-23,2026-03,月,入所,1,,鈴木 弘美,鈴木弘美,10:30,,自宅,6,,,,excel_workbook,data/raw/source_excels/アルボース2階入退所予定表.xls,R8.3月,181,left,00149589,2026-03-23,2026-05-31,0,matched_exact
S_c8e88592f739186e,2F,floor_out,2026-03-23,2026-03,月,ショート,1,,亀山 信子,亀山信子,AM,送,自宅,6,自宅,自宅退所,,excel_workbook,data/raw/source_excels/アルボース2階入退所予定表.xls,R8.3月,181,right,00107616,2026-03-19,2026-03-23,0,matched_exact
S_46578186075b5303,2F,floor_in,2026-03-23,2026-03,月,ショート,1,,原 貴美子,原貴美子,AM,迎,自宅,16,,,,excel_workbook,data/raw/source_excels/アルボース2階入退所予定表.xls,R8.3月,182,left,00114754,2026-03-23,2026-04-03,0,matched_exact
S_47a471f4f96b1ac7,2F,floor_in,2026-03-24,2026-03,火,ショート,1,,田口 武,田口武,AM,迎,自宅,8,,,,excel_workbook,data/raw/source_excels/アルボース2階入退所予定表.xls,R8.3月,189,left,00164377,2026-03-24,2026-04-04,0,matched_exact
S_058e561ebc6aee14,2F,floor_out,2026-03-24,2026-03,火,ショート,1,,松島 宏尚,松島宏尚,AM,送,自宅,0,自宅,自宅退所,,excel_workbook,data/raw/source_excels/アルボース2階入退所予定表.xls,R8.3月,189,right,00145463,2026-03-21,2026-03-24,0,matched_exact
S_19a0144ff9a0a89c,2F,floor_out,2026-03-24,2026-03,火,入所,1,,島 菊江,島菊江,10:00,,自宅,1,自宅,自宅退所,,excel_workbook,data/raw/source_excels/アルボース2階入退所予定表.xls,R8.3月,190,right,,,,,not_matched_name_unknown
S_a4d099c81d01a092,2F,floor_out,2026-03-26,2026-03,木,ショート,1,,中野 るみ子,中野るみ子,AM,送,自宅,2,自宅,自宅退所,,excel_workbook,data/raw/source_excels/アルボース2階入退所予定表.xls,R8.3月,205,right,00074049,2026-03-19,2026-03-26,0,matched_exact
S_3c1905a4fe1781d8,2F,floor_in,2026-03-27,2026-03,金,ショート,1,,鈴木 よし子,鈴木よし子,AM,迎,自宅,1,,,,excel_workbook,data/raw/source_excels/アルボース2階入退所予定表.xls,R8.3月,213,left,00028837,2026-03-27,2026-03-31,0,matched_exact
S_4efaad29df5aec96,2F,floor_in,2026-03-28,2026-03,土,ショート,1,,藤木 千尋,藤木千尋,10:30,,自宅,2,,,,excel_workbook,data/raw/source_excels/アルボース2階入退所予定表.xls,R8.3月,221,left,00103521,2026-03-28,2026-03-30,0,matched_exact
S_9f90401ff55fcda1,2F,floor_in,2026-03-30,2026-03,月,ショート,1,,磯田 カヅ子,磯田カヅ子,10:30,,自宅,2,,,,excel_workbook,data/raw/source_excels/アルボース2階入退所予定表.xls,R8.3月,237,left,00141394,2026-03-30,2026-04-04,0,matched_exact
S_8070ef1f11c486c4,2F,floor_out,2026-03-30,2026-03,月,ショート,1,,藤木 千尋,藤木千尋,10:00,,自宅,2,自宅,自宅退所,,excel_workbook,data/raw/source_excels/アルボース2階入退所予定表.xls,R8.3月,237,right,00103521,2026-03-28,2026-03-30,0,matched_exact
S_024ba8dd47f34bb0,2F,floor_out,2026-03-31,2026-03,火,ショート,1,,鈴木 よし子,鈴木よし子,AM,送,自宅,1,自宅,自宅退所,,excel_workbook,data/raw/source_excels/アルボース2階入退所予定表.xls,R8.3月,245,right,00028837,2026-03-27,2026-03-31,0,matched_exact
S_6d25687bd8346487,2F,floor_in,2026-04-02,2026-04,木,ショート,1,,中野 るみ子,中野るみ子,AM,迎,自宅,1,,,,excel_workbook,data/raw/source_excels/アルボース2階入退所予定表.xls,R8.4月,13,left,00074049,2026-04-02,2026-04-10,0,matched_exact
S_e9daed8be08c9fea,2F,floor_out,2026-04-02,2026-04,木,入所,1,,高柳 洋子,高柳洋子,10:00,,自宅,18,自宅,自宅退所,,excel_workbook,data/raw/source_excels/アルボース2階入退所予定表.xls,R8.4月,13,right,,,,,not_matched_name_unknown
S_8720685bd94c986d,2F,floor_in,2026-04-03,2026-04,金,ショート,1,,堀田 益男,堀田益男,AM,迎,自宅,16,,,,excel_workbook,data/raw/source_excels/アルボース2階入退所予定表.xls,R8.4月,21,left,00092183,2026-04-03,2026-04-07,0,matched_exact
S_d59b40ad76c0ae59,2F,floor_out,2026-04-03,2026-04,金,ショート,1,,下田 良子,下田良子,AM,送,自宅,6,自宅,自宅退所,,excel_workbook,data/raw/source_excels/アルボース2階入退所予定表.xls,R8.4月,21,right,00078507,2026-03-16,2026-04-03,0,matched_exact
S_da1355166e72564c,2F,floor_out,2026-04-03,2026-04,金,ショート,1,,原 貴美子,原貴美子,AM,送,自宅,16,自宅,自宅退所,,excel_workbook,data/raw/source_excels/アルボース2階入退所予定表.xls,R8.4月,22,right,00114754,2026-03-23,2026-04-03,0,matched_exact
S_6f25ab3aef5c480c,2F,floor_in,2026-04-04,2026-04,土,ショート,1,,松島 宏尚,松島宏尚,AM,迎,自宅,0,,,,excel_workbook,data/raw/source_excels/アルボース2階入退所予定表.xls,R8.4月,29,left,00145463,2026-04-04,2026-04-09,0,matched_exact
S_0773038c195653cd,2F,floor_out,2026-04-04,2026-04,土,ショート,1,,田口 武,田口武,AM,送,自宅,8,自宅,自宅退所,,excel_workbook,data/raw/source_excels/アルボース2階入退所予定表.xls,R8.4月,29,right,00164377,2026-03-24,2026-04-04,0,matched_exact
S_47cf3f5f06dede57,2F,floor_in,2026-04-04,2026-04,土,ショート,1,,藤木 千尋,藤木千尋,10:30,,自宅,5,,,,excel_workbook,data/raw/source_excels/アルボース2階入退所予定表.xls,R8.4月,30,left,00103521,2026-04-04,2026-04-20,0,matched_exact
S_624e2bbdcd7659f1,2F,floor_out,2026-04-04,2026-04,土,ショート,1,,磯田 カヅ子,磯田カヅ子,10:00,,自宅,5,自宅,自宅退所,,excel_workbook,data/raw/source_excels/アルボース2階入退所予定表.xls,R8.4月,30,right,00141394,2026-03-30,2026-04-04,0,matched_exact
S_ab4a7b4e6d770916,2F,floor_in,2026-04-04,2026-04,土,ショート,1,,亀山 信子,亀山信子,10:30,,自宅,6,,,,excel_workbook,data/raw/source_excels/アルボース2階入退所予定表.xls,R8.4月,31,left,00107616,2026-04-04,2026-04-08,0,matched_exact
S_78e9452c166b2ec8,2F,floor_in,2026-04-06,2026-04,月,ショート,1,,高柳 洋子,高柳洋子,10:30,,自宅,18,,,,excel_workbook,data/raw/source_excels/アルボース2階入退所予定表.xls,R8.4月,45,left,00082424,2026-04-06,2026-04-30,0,matched_boundary_only_name_mismatch
S_91a390a8bcf438cf,2F,floor_out,2026-04-07,2026-04,火,ショート,1,,堀田 益夫,堀田益夫,AM,送,自宅,16,自宅,自宅退所,,excel_workbook,data/raw/source_excels/アルボース2階入退所予定表.xls,R8.4月,53,right,,,,,not_matched_name_unknown
S_942095a96f199c9e,2F,floor_out,2026-04-07,2026-04,火,入所,1,,鈴木 清江,鈴木清江,08:53,,死去,23,死亡,死亡退所,死亡退所,excel_workbook,data/raw/source_excels/アルボース2階入退所予定表.xls,R8.4月,54,right,00136653,2026-02-23,2026-04-07,0,matched_exact
S_2643ccf08d7f3ecc,2F,floor_in,2026-04-08,2026-04,水,ショート,1,,坂倉 康子,坂倉康子,AM,迎,自宅,6,,,,excel_workbook,data/raw/source_excels/アルボース2階入退所予定表.xls,R8.4月,61,left,00149052,2026-04-08,2026-04-10,0,matched_exact
S_b671a1500898a6e0,2F,floor_out,2026-04-08,2026-04,水,ショート,1,,亀山 信子,亀山信子,AM,送,自宅,6,自宅,自宅退所,,excel_workbook,data/raw/source_excels/アルボース2階入退所予定表.xls,R8.4月,61,right,00107616,2026-04-04,2026-04-08,0,matched_exact
S_2033ce62beb194b1,2F,floor_in,2026-04-09,2026-04,木,ショート,1,,細井 明,細井明,10:30,,自宅,8,,,,excel_workbook,data/raw/source_excels/アルボース2階入退所予定表.xls,R8.4月,69,left,00154374,2026-04-09,2026-04-11,0,matched_exact
S_3331c631b3578c2c,2F,floor_out,2026-04-09,2026-04,木,ショート,1,,松島 宏尚,松島宏尚,AM,送,自宅,0,自宅,自宅退所,,excel_workbook,data/raw/source_excels/アルボース2階入退所予定表.xls,R8.4月,69,right,00145463,2026-04-04,2026-04-09,0,matched_exact
S_6d73ecb8ee2144a7,2F,floor_in,2026-04-09,2026-04,木,入所,1,,下田 良子,下田良子,10:30,,自宅,5,,,,excel_workbook,data/raw/source_excels/アルボース2階入退所予定表.xls,R8.4月,70,left,00078507,2026-04-09,2026-05-31,0,matched_exact
S_37d763b2f224748e,2F,floor_out,2026-04-09,2026-04,木,ショート,1,,新井 君江,新井君江,AM,送,自宅,5,自宅,自宅退所,,excel_workbook,data/raw/source_excels/アルボース2階入退所予定表.xls,R8.4月,70,right,00124842,2026-03-16,2026-04-09,0,matched_exact
S_05ddfbaa6f8bfb20,2F,floor_in,2026-04-09,2026-04,木,入所,1,,岡田 スミエ,岡田スミエ,10:30,,自宅,7,,,,excel_workbook,data/raw/source_excels/アルボース2階入退所予定表.xls,R8.4月,71,left,00054209,2026-04-09,2026-05-31,0,matched_exact
S_0a900f99238d0c84,2F,floor_out,2026-04-09,2026-04,木,入所,1,,長谷川 浩子,長谷川浩子,10:00,,自宅,7,自宅,自宅退所,,excel_workbook,data/raw/source_excels/アルボース2階入退所予定表.xls,R8.4月,71,right,00121152,2025-10-01,2026-04-09,0,matched_exact
S_ef963e94ae56a6a6,2F,floor_in,2026-04-10,2026-04,金,ショート,1,,児島 菊江,児島菊江,AM,迎,自宅,1,,,,excel_workbook,data/raw/source_excels/アルボース2階入退所予定表.xls,R8.4月,77,left,00060950,2026-04-10,2026-04-13,0,matched_exact
S_adf03a0b34c86cfc,2F,floor_out,2026-04-10,2026-04,金,ショート,1,,中野 るみ子,中野るみ子,AM,送,自宅,1,自宅,自宅退所,,excel_workbook,data/raw/source_excels/アルボース2階入退所予定表.xls,R8.4月,77,right,00074049,2026-04-02,2026-04-10,0,matched_exact
S_45b5779dfb58f8ee,2F,floor_out,2026-04-10,2026-04,金,ショート,1,,坂倉 康子,坂倉康子,AM,送,自宅,6,自宅,自宅退所,,excel_workbook,data/raw/source_excels/アルボース2階入退所予定表.xls,R8.4月,78,right,00149052,2026-04-08,2026-04-10,0,matched_exact
S_d567e4a28668e66d,2F,floor_in,2026-04-11,2026-04,土,ショート,1,,鶴田 聡,鶴田聡,AM,迎,自宅,0,,,,excel_workbook,data/raw/source_excels/アルボース2階入退所予定表.xls,R8.4月,85,left,00089032,2026-04-11,2026-04-13,0,matched_exact
S_4ac5aa0eba2b5a1f,2F,floor_out,2026-04-11,2026-04,土,ショート,1,,細井 明,細井明,AM,送,自宅,8,自宅,自宅退所,,excel_workbook,data/raw/source_excels/アルボース2階入退所予定表.xls,R8.4月,85,right,00154374,2026-04-09,2026-04-11,0,matched_exact
S_ee4bfafb9ad01a1b,2F,floor_out,2026-04-11,2026-04,土,入所,1,,富田 政喜,富田政喜,10:00,,自宅,8,自宅,自宅退所,,excel_workbook,data/raw/source_excels/アルボース2階入退所予定表.xls,R8.4月,86,right,00118090,2025-12-16,2026-04-11,0,matched_exact
S_5ee7d28ef98c392f,2F,floor_out,2026-04-12,2026-04,日,入所,1,,加藤 紀子,加藤紀子,10:00,,自宅,18,自宅,自宅退所,,excel_workbook,data/raw/source_excels/アルボース2階入退所予定表.xls,R8.4月,93,right,00150575,2025-12-09,2026-04-12,0,matched_exact
S_45b1443ffbb867f0,2F,floor_in,2026-04-13,2026-04,月,ショート,1,,小林 眞代,小林眞代,AM,迎,自宅,1,,,,excel_workbook,data/raw/source_excels/アルボース2階入退所予定表.xls,R8.4月,101,left,00052434,2026-04-13,2026-04-16,0,matched_exact
S_805ac5d68c79a5e9,2F,floor_out,2026-04-13,2026-04,月,ショート,1,,児島 菊江,児島菊江,AM,送,自宅,1,自宅,自宅退所,,excel_workbook,data/raw/source_excels/アルボース2階入退所予定表.xls,R8.4月,101,right,00060950,2026-04-10,2026-04-13,0,matched_exact
S_d58144626014a53a,2F,floor_in,2026-04-13,2026-04,月,入所,1,,新井 君江,新井君江,10:30,,自宅,20,,,,excel_workbook,data/raw/source_excels/アルボース2階入退所予定表.xls,R8.4月,102,left,00124842,2026-04-13,2026-05-31,0,matched_exact
S_d0320a97680b121c,2F,floor_out,2026-04-13,2026-04,月,ショート,1,,鶴田 聡,鶴田聡,AM,送,自宅,0,自宅,自宅退所,,excel_workbook,data/raw/source_excels/アルボース2階入退所予定表.xls,R8.4月,102,right,00089032,2026-04-11,2026-04-13,0,matched_exact
S_8c0e3afd09147d7a,2F,floor_in,2026-04-13,2026-04,月,入所,1,新,小倉 キヌ子,小倉キヌ子,14:00,,自宅,18,,,,excel_workbook,data/raw/source_excels/アルボース2階入退所予定表.xls,R8.4月,103,left,00107882,2026-04-13,2026-05-31,0,matched_exact
S_83bf8920318c3748,2F,floor_in,2026-04-14,2026-04,火,入所,1,,久保田 益夫,久保田益夫,10:30,,ユニット,8,,,,excel_workbook,data/raw/source_excels/アルボース2階入退所予定表.xls,R8.4月,109,left,00120484,2026-04-14,2026-05-31,0,matched_exact
S_f4153d10353972a5,2F,floor_in,2026-04-15,2026-04,水,ショート,1,,富田 政喜,富田政喜,10:30,,自宅,8,,,,excel_workbook,data/raw/source_excels/アルボース2階入退所予定表.xls,R8.4月,117,left,00118090,2026-04-15,2026-05-09,0,matched_exact
S_d4d20a15834982d0,2F,floor_in,2026-04-16,2026-04,木,ショート,1,,中野 るみ子,中野るみ子,AM,迎,自宅,1,,,,excel_workbook,data/raw/source_excels/アルボース2階入退所予定表.xls,R8.4月,125,left,00074049,2026-04-16,2026-04-23,0,matched_exact
S_0b408ba47020ec30,2F,floor_out,2026-04-16,2026-04,木,ショート,1,,小林 眞代,小林眞代,AM,送,自宅,1,自宅,自宅退所,,excel_workbook,data/raw/source_excels/アルボース2階入退所予定表.xls,R8.4月,125,right,00052434,2026-04-13,2026-04-16,0,matched_exact
S_9e501a67716c671c,2F,floor_in,2026-04-16,2026-04,木,ショート,1,,長谷川 浩子,長谷川浩子,10:30,,自宅,6,,,,excel_workbook,data/raw/source_excels/アルボース2階入退所予定表.xls,R8.4月,126,left,00121152,2026-04-16,2026-05-11,0,matched_exact
S_4f76b29057d7e452,2F,floor_out,2026-04-16,2026-04,木,入所,1,,内田 民之,内田民之,10:00,,自宅,21,自宅,自宅退所,,excel_workbook,data/raw/source_excels/アルボース2階入退所予定表.xls,R8.4月,126,right,00134391,2025-11-28,2026-04-16,0,matched_exact
S_b6bbcd485bf33181,2F,floor_in,2026-04-16,2026-04,木,入所,1,,松島 宏尚,松島宏尚,10:30,,自宅,21,,,,excel_workbook,data/raw/source_excels/アルボース2階入退所予定表.xls,R8.4月,127,left,00145463,2026-04-16,2026-05-31,0,matched_exact
S_7f5528cd359c62db,2F,floor_in,2026-04-17,2026-04,金,ショート,1,,原 貴美子,原貴美子,AM,迎,自宅,16,,,,excel_workbook,data/raw/source_excels/アルボース2階入退所予定表.xls,R8.4月,133,left,00114754,2026-04-17,2026-04-21,0,matched_exact
S_06001aa5c9d6abc8,2F,floor_out,2026-04-17,2026-04,金,入所,1,,矢内 照子,矢内照子,10:00,,自宅,6,自宅,自宅退所,,excel_workbook,data/raw/source_excels/アルボース2階入退所予定表.xls,R8.4月,133,right,00051294,2026-02-07,2026-04-17,0,matched_exact
S_d05602a27869b158,2F,floor_in,2026-04-17,2026-04,金,ショート,1,,加藤 紀子,加藤紀子,10:30,,自宅,18,,,,excel_workbook,data/raw/source_excels/アルボース2階入退所予定表.xls,R8.4月,134,left,00150575,2026-04-17,2026-05-10,0,matched_exact
S_01b11a7d239ff459,2F,floor_in,2026-04-18,2026-04,土,ショート,1,,内田 民之,内田民之,15:00,,自宅,0,,,,excel_workbook,data/raw/source_excels/アルボース2階入退所予定表.xls,R8.4月,141,left,00134391,2026-04-18,2026-04-22,0,matched_exact
S_b64d93291aa673a3,2F,floor_out,2026-04-20,2026-04,月,ショート,1,,藤木 千尋,藤木千尋,10:00,,自宅,5,自宅,自宅退所,,excel_workbook,data/raw/source_excels/アルボース2階入退所予定表.xls,R8.4月,157,right,00103521,2026-04-04,2026-04-20,0,matched_exact
S_85b210378e5b57a3,2F,floor_in,2026-04-21,2026-04,火,ショート,1,,田村 美枝子,田村美枝子,10:30,,自宅,3,,,,excel_workbook,data/raw/source_excels/アルボース2階入退所予定表.xls,R8.4月,165,left,00154234,2026-04-21,2026-04-24,0,matched_exact
S_6b4b00d5e5a2b0dd,2F,floor_out,2026-04-21,2026-04,火,入所,1,,町田 紀己子,町田紀己子,10:00,,自宅,3,自宅,自宅退所,,excel_workbook,data/raw/source_excels/アルボース2階入退所予定表.xls,R8.4月,165,right,,,,,not_matched_name_unknown
S_b3d04cd4d948ddd5,2F,floor_in,2026-04-21,2026-04,火,ショート,1,,新井 幸子,新井幸子,10:30,,自宅,16,,,,excel_workbook,data/raw/source_excels/アルボース2階入退所予定表.xls,R8.4月,166,left,00092936,2026-04-21,2026-04-25,0,matched_exact
S_5e8732218fc19f5b,2F,floor_out,2026-04-21,2026-04,火,ショート,1,,原 貴美子,原貴美子,AM,送,自宅,16,自宅,自宅退所,,excel_workbook,data/raw/source_excels/アルボース2階入退所予定表.xls,R8.4月,166,right,00114754,2026-04-17,2026-04-21,0,matched_exact
S_4780582121bf4cff,2F,floor_in,2026-04-22,2026-04,水,入所,1,,藤木 千尋,藤木千尋,10:30,,自宅,5,,,,excel_workbook,data/raw/source_excels/アルボース2階入退所予定表.xls,R8.4月,173,left,00103521,2026-04-22,2026-05-31,0,matched_exact
S_3425a787e9dc87e7,2F,floor_out,2026-04-22,2026-04,水,ショート,1,,内田 民之,内田民之,10:00,,自宅,,自宅,自宅退所,,excel_workbook,data/raw/source_excels/アルボース2階入退所予定表.xls,R8.4月,173,right,00134391,2026-04-18,2026-04-22,0,matched_exact
S_bb3904b2d5b3cbe3,2F,floor_in,2026-04-22,2026-04,水,入所,1,,栗原 保美,栗原保美,10:30,,自宅,0,,,,excel_workbook,data/raw/source_excels/アルボース2階入退所予定表.xls,R8.4月,174,left,00079686,2026-04-22,2026-05-31,0,matched_exact
S_bc5dd7c3c5378bd8,2F,floor_in,2026-04-23,2026-04,木,ショート,1,,矢内 照子,矢内照子,10:30,,自宅,6,,,,excel_workbook,data/raw/source_excels/アルボース2階入退所予定表.xls,R8.4月,181,left,00051294,2026-04-23,2026-05-02,0,matched_exact
S_6d26aca07f867a25,2F,floor_out,2026-04-23,2026-04,木,ショート,1,,中野 るみ子,中野るみ子,AM,送,自宅,1,自宅,自宅退所,,excel_workbook,data/raw/source_excels/アルボース2階入退所予定表.xls,R8.4月,181,right,00074049,2026-04-16,2026-04-23,0,matched_exact
S_8f84712d77d588ad,2F,floor_in,2026-04-24,2026-04,金,ショート,1,,町田 紀己子,町田紀己子,AM,迎,自宅,3,,,,excel_workbook,data/raw/source_excels/アルボース2階入退所予定表.xls,R8.4月,189,left,,,,,not_matched_name_unknown
S_7de749ace33700e8,2F,floor_out,2026-04-24,2026-04,金,ショート,1,,田村 美枝子,田村美枝子,10:00,,自宅,3,自宅,自宅退所,,excel_workbook,data/raw/source_excels/アルボース2階入退所予定表.xls,R8.4月,189,right,00154234,2026-04-21,2026-04-24,0,matched_exact
S_cf7031587a55f4eb,2F,floor_out,2026-04-24,2026-04,金,入所,1,,木暮 禮子,木暮禮子,10:00,,自宅,2,自宅,自宅退所,,excel_workbook,data/raw/source_excels/アルボース2階入退所予定表.xls,R8.4月,190,right,00142443,2025-09-26,2026-04-24,0,matched_exact
S_38a6b22af962df31,2F,floor_out,2026-04-24,2026-04,金,転棟,1,,吉永 昌代,吉永昌代,PM,,3階,2,3階,,,excel_workbook,data/raw/source_excels/アルボース2階入退所予定表.xls,R8.4月,191,right,00060895,2026-03-11,2026-04-23,-1,matched_within_tolerance
S_7328f57e66870746,2F,floor_in,2026-04-25,2026-04,土,ショート,1,,磯田 カヅ子,磯田カヅ子,10:30,,自宅,2,,,,excel_workbook,data/raw/source_excels/アルボース2階入退所予定表.xls,R8.4月,197,left,00141394,2026-04-25,2026-04-30,0,matched_exact
S_99e8c995987bfa4d,2F,floor_out,2026-04-25,2026-04,土,ショート,1,,新井 幸子,新井幸子,10:00,,自宅,16,自宅,自宅退所,,excel_workbook,data/raw/source_excels/アルボース2階入退所予定表.xls,R8.4月,197,right,00092936,2026-04-21,2026-04-25,0,matched_exact
S_9169c9738082929c,2F,floor_in,2026-04-27,2026-04,月,ショート,1,,原 貴美子,原貴美子,AM,迎,自宅,16,,,,excel_workbook,data/raw/source_excels/アルボース2階入退所予定表.xls,R8.4月,213,left,00114754,2026-04-27,2026-05-01,0,matched_exact
S_802e41d823168709,2F,floor_in,2026-04-27,2026-04,月,ショート,1,,木暮 禮子,木暮禮子,AM,迎,自宅,2,,,,excel_workbook,data/raw/source_excels/アルボース2階入退所予定表.xls,R8.4月,214,left,00142443,2026-04-27,2026-05-31,0,matched_exact
S_bce0c3e14f314cee,2F,floor_in,2026-04-28,2026-04,火,ショート,1,新,秋山 貴子,秋山貴子,10:30,,自宅,3,,,,excel_workbook,data/raw/source_excels/アルボース2階入退所予定表.xls,R8.4月,221,left,00092998,2026-04-28,2026-05-01,0,matched_exact
S_975b06f46aaed37e,2F,floor_out,2026-04-28,2026-04,火,ショート,1,,町田 紀己子,町田紀己子,10:00,,ユニット,3,ユニット,施設内移動,,excel_workbook,data/raw/source_excels/アルボース2階入退所予定表.xls,R8.4月,221,right,00157418,2026-04-24,2026-04-27,-1,matched_boundary_only_name_mismatch
S_3215f544ca2e4008,2F,floor_in,2026-04-30,2026-04,木,ショート,1,,中野 るみ子,中野るみ子,AM,迎,自宅,2,,,,excel_workbook,data/raw/source_excels/アルボース2階入退所予定表.xls,R8.4月,237,left,00074049,2026-04-30,2026-05-07,0,matched_exact
S_8f6e8e23af4e96d9,2F,floor_out,2026-04-30,2026-04,木,ショート,1,,高柳 洋子,高柳洋子,10:00,,自宅,18,自宅,自宅退所,,excel_workbook,data/raw/source_excels/アルボース2階入退所予定表.xls,R8.4月,237,right,,,,,not_matched_name_unknown
S_93114a2776efc6eb,2F,floor_in,2026-04-30,2026-04,木,転床,1,,鈴木 延子,鈴木延子,AM,,2階,18,,,,excel_workbook,data/raw/source_excels/アルボース2階入退所予定表.xls,R8.4月,238,left,00167325,2026-04-30,2026-05-31,0,matched_exact
S_1685d35410290f9a,2F,floor_out,2026-04-30,2026-04,木,ショート,1,,磯田 カヅ子,磯田カヅ子,09:45,,自宅,2,自宅,自宅退所,,excel_workbook,data/raw/source_excels/アルボース2階入退所予定表.xls,R8.4月,238,right,00141394,2026-04-25,2026-04-30,0,matched_exact
S_27a0572b60e8afe8,2F,floor_in,2026-05-01,2026-05,金,ショート,1,,鈴木 よし子,鈴木よし子,AM,迎,自宅,3,,,,excel_workbook,data/raw/source_excels/アルボース2階入退所予定表.xls,R8.5月,5,left,00028837,2026-05-01,2026-05-06,0,matched_exact
S_d783fa57b9e4818c,2F,floor_out,2026-05-01,2026-05,金,ショート,1,,秋山 貴子,秋山貴子,10:00,,自宅,3,自宅,自宅退所,,excel_workbook,data/raw/source_excels/アルボース2階入退所予定表.xls,R8.5月,5,right,00092998,2026-04-28,2026-05-01,0,matched_exact
S_8ac64663cc920112,2F,floor_out,2026-05-01,2026-05,金,ショート,1,,原 貴美子,原貴美子,AM,送,自宅,16,自宅,自宅退所,,excel_workbook,data/raw/source_excels/アルボース2階入退所予定表.xls,R8.5月,6,right,00114754,2026-04-27,2026-05-01,0,matched_exact
S_fc26f14c0eef306f,2F,floor_out,2026-05-02,2026-05,土,ショート,1,,矢内 照子,矢内照子,10:00,,自宅,6,自宅,自宅退所,,excel_workbook,data/raw/source_excels/アルボース2階入退所予定表.xls,R8.5月,13,right,00051294,2026-04-23,2026-05-02,0,matched_exact
S_c2a91f7cee9c1c33,2F,floor_out,2026-05-06,2026-05,水,ショート,1,,鈴木 よし子,鈴木よし子,10:00,,自宅,3,自宅,自宅退所,,excel_workbook,data/raw/source_excels/アルボース2階入退所予定表.xls,R8.5月,45,right,00028837,2026-05-01,2026-05-06,0,matched_exact
S_08043134eb87ba3b,2F,floor_in,2026-05-07,2026-05,木,ショート,1,,矢内 照子,矢内照子,10:30,,自宅,6,,,,excel_workbook,data/raw/source_excels/アルボース2階入退所予定表.xls,R8.5月,53,left,00051294,2026-05-07,2026-05-15,0,matched_exact
S_a2638594c5e0a974,2F,floor_out,2026-05-07,2026-05,木,入所,1,,坂本 千鶴子,坂本千鶴子,10:00,,自宅,1,自宅,自宅退所,,excel_workbook,data/raw/source_excels/アルボース2階入退所予定表.xls,R8.5月,53,right,00151132,2026-01-06,2026-05-07,0,matched_exact
S_abb8025f2eee5d9e,2F,floor_in,2026-05-07,2026-05,木,入所,1,,高柳 洋子,高柳洋子,10:30,,自宅,18,,,,excel_workbook,data/raw/source_excels/アルボース2階入退所予定表.xls,R8.5月,54,left,,,,,not_matched_name_unknown
S_53f0b2aaf8d1115a,2F,floor_out,2026-05-07,2026-05,木,ショート,1,,中野 るみ子,中野るみ子,AM,送,自宅,2,自宅,自宅退所,,excel_workbook,data/raw/source_excels/アルボース2階入退所予定表.xls,R8.5月,54,right,00074049,2026-04-30,2026-05-07,0,matched_exact
S_3bb56bbfd6e5691d,2F,floor_in,2026-05-08,2026-05,金,ショート,1,,原 貴美子,原貴美子,AM,迎,自宅,16,,,,excel_workbook,data/raw/source_excels/アルボース2階入退所予定表.xls,R8.5月,61,left,00114754,2026-05-08,2026-05-15,0,matched_exact
S_7d56dbea423e6faf,2F,floor_out,2026-05-08,2026-05,金,入所,1,,新井 基雄,新井基雄,10:00,,自宅,10,自宅,自宅退所,,excel_workbook,data/raw/source_excels/アルボース2階入退所予定表.xls,R8.5月,61,right,00070507,2025-12-17,2026-05-08,0,matched_exact
S_03af39b31ddf6430,2F,floor_in,2026-05-08,2026-05,金,ショート,1,,村上 榮,村上榮,10:30,,自宅,10,,,,excel_workbook,data/raw/source_excels/アルボース2階入退所予定表.xls,R8.5月,62,left,00105279,2026-05-08,2026-05-11,0,matched_exact
S_aec30dabd910c963,2F,floor_in,2026-05-09,2026-05,土,ショート,1,,磯田 カヅ子,磯田カヅ子,10:30,,自宅,3,,,,excel_workbook,data/raw/source_excels/アルボース2階入退所予定表.xls,R8.5月,69,left,00141394,2026-05-09,2026-05-13,0,matched_exact
S_b615d5138a404808,2F,floor_out,2026-05-09,2026-05,土,入所,1,,吉野 勝三,吉野勝三,10:00,,自宅,8,自宅,自宅退所,,excel_workbook,data/raw/source_excels/アルボース2階入退所予定表.xls,R8.5月,69,right,00109276,2026-02-27,2026-05-09,0,matched_exact
S_2505ad0173aa71ac,2F,floor_out,2026-05-09,2026-05,土,ショート,1,,富田 政喜,富田政喜,10:00,,自宅,8,自宅,自宅退所,,excel_workbook,data/raw/source_excels/アルボース2階入退所予定表.xls,R8.5月,70,right,00118090,2026-04-15,2026-05-09,0,matched_exact
S_6de32a0dddf4d335,2F,floor_out,2026-05-10,2026-05,日,ショート,1,,加藤 紀子,加藤紀子,10:00,,自宅,18,自宅,自宅退所,,excel_workbook,data/raw/source_excels/アルボース2階入退所予定表.xls,R8.5月,77,right,00150575,2026-04-17,2026-05-10,0,matched_exact
S_b9b614d072835b9a,2F,floor_in,2026-05-11,2026-05,月,ショート,1,,坂本 千鶴子,坂本千鶴子,10:30,,自宅,1,,,,excel_workbook,data/raw/source_excels/アルボース2階入退所予定表.xls,R8.5月,85,left,00151132,2026-05-11,2026-05-31,0,matched_exact
S_afbaf26a025283b0,2F,floor_out,2026-05-11,2026-05,月,ショート,1,,長谷川 浩子,長谷川浩子,10:00,,自宅,6,自宅,自宅退所,,excel_workbook,data/raw/source_excels/アルボース2階入退所予定表.xls,R8.5月,85,right,00121152,2026-04-16,2026-05-11,0,matched_exact
S_78e176afd849b99e,2F,floor_in,2026-05-11,2026-05,月,ショート,1,,小屋 知紀,小屋知紀,AM,迎,自宅,8,,,,excel_workbook,data/raw/source_excels/アルボース2階入退所予定表.xls,R8.5月,86,left,00154078,2026-05-11,2026-05-14,0,matched_exact
S_5199fc922c4996db,2F,floor_out,2026-05-11,2026-05,月,ショート,1,,村上 榮,村上榮,10:00,,自宅,8,自宅,自宅退所,,excel_workbook,data/raw/source_excels/アルボース2階入退所予定表.xls,R8.5月,86,right,00105279,2026-05-08,2026-05-11,0,matched_exact
S_e23ff9aa9077a2b5,2F,floor_in,2026-05-11,2026-05,月,ショート,1,,児島 菊江,児島菊江,AM,迎,自宅,6,,,,excel_workbook,data/raw/source_excels/アルボース2階入退所予定表.xls,R8.5月,87,left,00060950,2026-05-11,2026-05-14,0,matched_exact
S_9c188a690d73ddd6,2F,floor_in,2026-05-12,2026-05,火,入所,1,,富田 政喜,富田政喜,10:30,,自宅,8,,,,excel_workbook,data/raw/source_excels/アルボース2階入退所予定表.xls,R8.5月,93,left,00118090,2026-05-12,2026-05-31,0,matched_exact
S_b8c1b25ffc334be2,2F,floor_out,2026-05-12,2026-05,火,入所,1,,吉岡 加津代,吉岡加津代,10:00,,自宅,17,自宅,自宅退所,,excel_workbook,data/raw/source_excels/アルボース2階入退所予定表.xls,R8.5月,93,right,00155078,2026-02-14,2026-05-12,0,matched_exact
S_9233615f52d05827,2F,floor_in,2026-05-12,2026-05,火,ショート,1,,新井 幸子,新井幸子,10:30,,自宅,10,,,,excel_workbook,data/raw/source_excels/アルボース2階入退所予定表.xls,R8.5月,94,left,00092936,2026-05-12,2026-05-16,0,matched_exact
S_9e8d80f59f4af81f,2F,floor_in,2026-05-13,2026-05,水,ショート,1,,坂倉 康子,坂倉康子,AM,迎,自宅,3,,,,excel_workbook,data/raw/source_excels/アルボース2階入退所予定表.xls,R8.5月,101,left,00149052,2026-05-13,2026-05-15,0,matched_exact
S_8673ace374181bc3,2F,floor_out,2026-05-13,2026-05,水,ショート,1,,磯田 カヅ子,磯田カヅ子,10:00,,自宅,3,自宅,自宅退所,,excel_workbook,data/raw/source_excels/アルボース2階入退所予定表.xls,R8.5月,101,right,00141394,2026-05-09,2026-05-13,0,matched_exact
S_d5b9934b8ad8ea8f,2F,floor_in,2026-05-13,2026-05,水,入所,1,,加藤 紀子,加藤紀子,10:30,,自宅,18,,,,excel_workbook,data/raw/source_excels/アルボース2階入退所予定表.xls,R8.5月,102,left,00150575,2026-05-13,2026-05-31,0,matched_exact
S_194093325bb36e47,2F,floor_in,2026-05-14,2026-05,木,入所,1,,長谷川 浩子,長谷川浩子,10:30,,自宅,6,,,,excel_workbook,data/raw/source_excels/アルボース2階入退所予定表.xls,R8.5月,109,left,00121152,2026-05-14,2026-05-31,0,matched_exact
S_40f923c1fcfee1c6,2F,floor_out,2026-05-14,2026-05,木,ショート,1,,小屋 知紀,小屋知紀,AM,送,自宅,8,自宅,自宅退所,,excel_workbook,data/raw/source_excels/アルボース2階入退所予定表.xls,R8.5月,109,right,00154078,2026-05-11,2026-05-14,0,matched_exact
S_efedd9b2f1a3bc89,2F,floor_in,2026-05-14,2026-05,木,ショート,1,,細井 明,細井明,10:30,,自宅,8,,,,excel_workbook,data/raw/source_excels/アルボース2階入退所予定表.xls,R8.5月,110,left,00154374,2026-05-14,2026-05-16,0,matched_exact
S_f156b8c63ca84b0d,2F,floor_out,2026-05-14,2026-05,木,ショート,1,,児島 菊江,児島菊江,AM,送,自宅,6,自宅,自宅退所,,excel_workbook,data/raw/source_excels/アルボース2階入退所予定表.xls,R8.5月,110,right,00060950,2026-05-11,2026-05-14,0,matched_exact
S_9566b9b662416836,2F,floor_out,2026-05-14,2026-05,木,入所,1,,石田 雅也,石田雅也,10:00,介護タクシー,住宅型有料,0,住宅型有料,施設退所,施設退所,excel_workbook,data/raw/source_excels/アルボース2階入退所予定表.xls,R8.5月,111,right,00165136,2026-01-15,2026-05-14,0,matched_exact
S_f36033f594f109ea,2F,floor_in,2026-05-15,2026-05,金,ショート,1,,小林 眞代,小林眞代,AM,迎,自宅,3,,,,excel_workbook,data/raw/source_excels/アルボース2階入退所予定表.xls,R8.5月,117,left,00052434,2026-05-15,2026-05-18,0,matched_exact
S_0793752995bfd9c5,2F,floor_out,2026-05-15,2026-05,金,ショート,1,,矢内 照子,矢内照子,14:00,,自宅,6,自宅,自宅退所,,excel_workbook,data/raw/source_excels/アルボース2階入退所予定表.xls,R8.5月,117,right,00051294,2026-05-07,2026-05-15,0,matched_exact
S_5fb6ee03755221cd,2F,floor_in,2026-05-15,2026-05,金,ショート,1,,吉岡 加津代,吉岡加津代,10:30,,自宅,17,,,,excel_workbook,data/raw/source_excels/アルボース2階入退所予定表.xls,R8.5月,118,left,00155078,2026-05-15,2026-05-31,0,matched_exact
S_560bfb8693de529e,2F,floor_out,2026-05-15,2026-05,金,ショート,1,,坂倉 康子,坂倉康子,AM,送,自宅,3,自宅,自宅退所,,excel_workbook,data/raw/source_excels/アルボース2階入退所予定表.xls,R8.5月,118,right,00149052,2026-05-13,2026-05-15,0,matched_exact
S_2bed50fc0780f138,2F,floor_out,2026-05-15,2026-05,金,ショート,1,,原 貴美子,原貴美子,AM,送,自宅,16,自宅,自宅退所,,excel_workbook,data/raw/source_excels/アルボース2階入退所予定表.xls,R8.5月,119,right,00114754,2026-05-08,2026-05-15,0,matched_exact
S_37f7d16da561eb17,2F,floor_in,2026-05-16,2026-05,土,ショート,1,,亀山 信子,亀山信子,10:30,,自宅,3,,,,excel_workbook,data/raw/source_excels/アルボース2階入退所予定表.xls,R8.5月,125,left,00107616,2026-05-16,2026-05-19,0,matched_exact
S_4eb0a4bd695700ac,2F,floor_out,2026-05-16,2026-05,土,入所,1,,深町 豊子,深町豊子,10:00,,自宅,3,自宅,自宅退所,,excel_workbook,data/raw/source_excels/アルボース2階入退所予定表.xls,R8.5月,125,right,00138290,2026-03-21,2026-05-16,0,matched_exact
S_3cd1229297c059b3,2F,floor_in,2026-05-16,2026-05,土,ショート,1,,堀田 益男,堀田益男,AM,迎,自宅,8,,,,excel_workbook,data/raw/source_excels/アルボース2階入退所予定表.xls,R8.5月,126,left,00092183,2026-05-16,2026-05-20,0,matched_exact
S_61fa8581aecfee1c,2F,floor_out,2026-05-16,2026-05,土,ショート,1,,細井 明,細井明,AM,送,自宅,8,自宅,自宅退所,,excel_workbook,data/raw/source_excels/アルボース2階入退所予定表.xls,R8.5月,126,right,00154374,2026-05-14,2026-05-16,0,matched_exact
S_7752dcf0f43f0ede,2F,floor_out,2026-05-16,2026-05,土,ショート,1,,新井 幸子,新井幸子,10:00,,自宅,10,自宅,自宅退所,,excel_workbook,data/raw/source_excels/アルボース2階入退所予定表.xls,R8.5月,127,right,00092936,2026-05-12,2026-05-16,0,matched_exact
S_089490e58ba2936f,2F,floor_in,2026-05-18,2026-05,月,入所,1,,矢内 照子,矢内照子,10:30,,自宅,6,,,,excel_workbook,data/raw/source_excels/アルボース2階入退所予定表.xls,R8.5月,141,left,00051294,2026-05-18,2026-05-31,0,matched_exact
S_fb0d477b8d58a313,2F,floor_out,2026-05-18,2026-05,月,ショート,1,,小林 眞代,小林眞代,AM,送,自宅,1,自宅,自宅退所,,excel_workbook,data/raw/source_excels/アルボース2階入退所予定表.xls,R8.5月,141,right,00052434,2026-05-15,2026-05-18,0,matched_exact
S_6b2600375064ba55,2F,floor_in,2026-05-18,2026-05,月,ショート,1,,原 貴美子,原貴美子,AM,迎,自宅,16,,,,excel_workbook,data/raw/source_excels/アルボース2階入退所予定表.xls,R8.5月,142,left,00114754,2026-05-18,2026-05-20,0,matched_exact
S_ad91642abdbcfe92,2F,floor_in,2026-05-18,2026-05,月,ショート,1,,中野 るみ子,中野るみ子,,,自宅,3,,,,excel_workbook,data/raw/source_excels/アルボース2階入退所予定表.xls,R8.5月,143,left,00074049,2026-05-18,2026-05-31,0,matched_exact
S_60a2df69705f99c7,2F,floor_in,2026-05-19,2026-05,火,ショート,1,,田村 美枝子,田村美枝子,10:30,,自宅,3,,,,excel_workbook,data/raw/source_excels/アルボース2階入退所予定表.xls,R8.5月,149,left,00154234,2026-05-19,2026-05-22,0,matched_exact
S_34ca9b164a5fb007,2F,floor_out,2026-05-19,2026-05,火,ショート,1,,亀山 信子,亀山信子,AM,送,自宅,3,自宅,自宅退所,,excel_workbook,data/raw/source_excels/アルボース2階入退所予定表.xls,R8.5月,149,right,00107616,2026-05-16,2026-05-19,0,matched_exact
S_dd44752124bd4c6a,2F,floor_in,2026-05-20,2026-05,水,ショート,1,,秋山 貴子,秋山貴子,10:30,,自宅,16,,,,excel_workbook,data/raw/source_excels/アルボース2階入退所予定表.xls,R8.5月,157,left,00092998,2026-05-20,2026-05-31,0,matched_exact
S_b590374a535080c9,2F,floor_out,2026-05-20,2026-05,水,ショート,1,,原 貴美子,原貴美子,AM,送,自宅,16,自宅,自宅退所,,excel_workbook,data/raw/source_excels/アルボース2階入退所予定表.xls,R8.5月,157,right,00114754,2026-05-18,2026-05-20,0,matched_exact
S_ef124a1f58c7994c,2F,floor_out,2026-05-20,2026-05,水,ショート,1,,掘田 益男,掘田益男,AM,送,自宅,8,自宅,自宅退所,,excel_workbook,data/raw/source_excels/アルボース2階入退所予定表.xls,R8.5月,158,right,,,,,not_matched_name_unknown
S_2d6eb2d6492a9471,2F,floor_out,2026-05-22,2026-05,金,ショート,1,,田村 美枝子,田村美枝子,10:00,,自宅,3,自宅,自宅退所,,excel_workbook,data/raw/source_excels/アルボース2階入退所予定表.xls,R8.5月,173,right,00154234,2026-05-19,2026-05-22,0,matched_exact
S_36ff8b35666e6777,2F,floor_out,2026-05-22,2026-05,金,ショート,,,木暮 禮子,木暮禮子,,,書類上,2,書類上,ショート終了,,excel_workbook,data/raw/source_excels/アルボース2階入退所予定表.xls,R8.5月,174,right,00142443,2026-04-27,2026-05-31,9,not_matched_boundary_mismatch
S_2c608a9200c3d2cd,2F,floor_out,2026-05-22,2026-05,金,ショート,,,中野 るみ子,中野るみ子,,,書類上,3,書類上,ショート終了,,excel_workbook,data/raw/source_excels/アルボース2階入退所予定表.xls,R8.5月,175,right,00074049,2026-05-18,2026-05-31,9,not_matched_boundary_mismatch
S_9710e1c46283c9e8,2F,floor_in,2026-05-23,2026-05,土,ショート,1,,塩谷 武夫,塩谷武夫,10:30,,自宅,0,,,,excel_workbook,data/raw/source_excels/アルボース2階入退所予定表.xls,R8.5月,181,left,00162769,2026-05-23,2026-05-27,0,matched_exact
S_818aafe3dbfa3978,2F,floor_in,2026-05-23,2026-05,土,ショート,1,,深町 豊子,深町豊子,AM,迎,自宅,3,,,,excel_workbook,data/raw/source_excels/アルボース2階入退所予定表.xls,R8.5月,182,left,00138290,2026-05-23,2026-05-31,0,matched_exact
S_fcee9ef8cab683b6,2F,floor_in,2026-05-23,2026-05,土,入所,,,木暮 禮子,木暮禮子,,,書類上,2,,,,excel_workbook,data/raw/source_excels/アルボース2階入退所予定表.xls,R8.5月,183,left,00142443,2026-04-27,2026-05-31,-26,not_matched_boundary_mismatch
S_98c6890f6a19ea03,2F,floor_in,2026-05-23,2026-05,土,入所,,,中野 るみ子,中野るみ子,,,書類上,3,,,,excel_workbook,data/raw/source_excels/アルボース2階入退所予定表.xls,R8.5月,184,left,00074049,2026-05-18,2026-05-31,-5,not_matched_boundary_mismatch
S_1cda654b3ab3aa36,2F,floor_in,2026-05-25,2026-05,月,入所,1,,吉田 雅志,吉田雅志,AM,,ユニット,8,,,,excel_workbook,data/raw/source_excels/アルボース2階入退所予定表.xls,R8.5月,197,left,00081906,2026-05-25,2026-05-31,0,matched_exact
S_f4c122166797f393,2F,floor_in,2026-05-25,2026-05,月,入所,1,新,平井 恵子,平井恵子,10:30,,医師会HP,10,,,,excel_workbook,data/raw/source_excels/アルボース2階入退所予定表.xls,R8.5月,198,left,,,,,not_matched_name_unknown
S_2c2967b43abafaa0,2F,floor_out,2026-05-27,2026-05,水,ショート,1,,塩谷 武夫,塩谷武夫,10:00,,自宅,0,自宅,自宅退所,,excel_workbook,data/raw/source_excels/アルボース2階入退所予定表.xls,R8.5月,213,right,00162769,2026-05-23,2026-05-27,0,matched_exact
S_7d1d0a348ce0368c,2F,floor_out,2026-05-29,2026-05,金,入所,1,,井野 忠,井野忠,10:00,,自宅,21,自宅,自宅退所,,excel_workbook,data/raw/source_excels/アルボース2階入退所予定表.xls,R8.5月,229,right,00125158,2026-02-21,2026-05-29,0,matched_exact
S_5e80a35a37afc540,2F,floor_in,2026-05-30,2026-05,土,ショート,1,,原 貴美子,原貴美子,AM,迎,自宅,13,,,,excel_workbook,data/raw/source_excels/アルボース2階入退所予定表.xls,R8.5月,237,left,00114754,2026-05-30,2026-05-31,0,matched_exact
S_665eb54ecc0ed065,2F,floor_out,2026-05-30,2026-05,土,入所,1,,島田 芳一,島田芳一,AM,,3階,13,3階,,,excel_workbook,data/raw/source_excels/アルボース2階入退所予定表.xls,R8.5月,237,right,00021571,2025-12-25,2026-05-29,-1,matched_within_tolerance
S_fbf76b98f61c0ff2,2F,floor_out,2026-05-31,2026-05,日,ショート,1,,秋山 貴子,秋山貴子,10:00,,自宅,16,自宅,自宅退所,,excel_workbook,data/raw/source_excels/アルボース2階入退所予定表.xls,R8.5月,245,right,00092998,2026-05-20,2026-05-31,0,matched_exact
