event_id,service_area,movement_type,scheduled_date,schedule_month,weekday,form,count,is_new,person_name,person_name_key,time_text,transport,place,note,discharge_destination,discharge_reason,followup_exclusion_reason,source_kind,source_file,sheet_name,source_row,source_side,matched_user_id,matched_segment_start,matched_segment_end,match_delta_days,match_status
S_015fc6b7940e2cc9,3F,floor_out,2025-04-01,2025-04,火,ショート,1,,森 クニ子,森クニ子,10:00,,自宅,,自宅,自宅退所,,excel_workbook,data/raw/source_excels/アルボース３階入退所予定表.xls,R7年4月,5,right,00100859,2025-04-01,2025-04-01,0,matched_exact
S_410bcf5a390534cc,3F,floor_in,2025-04-02,2025-04,水,ショート,1,,原 文子,原文子,AM,迎,自宅,,,,,excel_workbook,data/raw/source_excels/アルボース３階入退所予定表.xls,R7年4月,13,left,00096466,2025-04-02,2025-04-07,0,matched_exact
S_ff9bd4751e78b1ab,3F,floor_in,2025-04-04,2025-04,金,ショート,1,,目黒 重夫,目黒重夫,AM,迎,自宅,,,,,excel_workbook,data/raw/source_excels/アルボース３階入退所予定表.xls,R7年4月,29,left,00102827,2025-04-04,2025-04-10,0,matched_exact
S_925377e8807d2022,3F,floor_out,2025-04-04,2025-04,金,ショート,1,,横澤 英子,横澤英子,AM,送,自宅,,自宅,自宅退所,,excel_workbook,data/raw/source_excels/アルボース３階入退所予定表.xls,R7年4月,29,right,00107995,2025-04-01,2025-04-04,0,matched_exact
S_3fa8bc887d80ca7a,3F,floor_in,2025-04-07,2025-04,月,ショート,1,,栗原 文子,栗原文子,AM,迎,自宅,,,,,excel_workbook,data/raw/source_excels/アルボース３階入退所予定表.xls,R7年4月,53,left,00083160,2025-04-07,2025-04-12,0,matched_exact
S_e75049bda822a33e,3F,floor_out,2025-04-07,2025-04,月,ショート,1,,原 文子,原文子,AM,送,自宅,,自宅,自宅退所,,excel_workbook,data/raw/source_excels/アルボース３階入退所予定表.xls,R7年4月,53,right,00096466,2025-04-02,2025-04-07,0,matched_exact
S_540483b5f03cb23d,3F,floor_out,2025-04-10,2025-04,木,ショート,1,,目黒 重夫,目黒重夫,AM,送,自宅,,自宅,自宅退所,,excel_workbook,data/raw/source_excels/アルボース３階入退所予定表.xls,R7年4月,77,right,00102827,2025-04-04,2025-04-10,0,matched_exact
S_4189da6050c66d08,3F,floor_in,2025-04-11,2025-04,金,ショート,1,,横澤 英子,横澤英子,AM,迎,自宅,,,,,excel_workbook,data/raw/source_excels/アルボース３階入退所予定表.xls,R7年4月,85,left,00107995,2025-04-11,2025-04-21,0,matched_exact
S_9b447843b5170da3,3F,floor_out,2025-04-11,2025-04,金,入所,1,,村田 守平,村田守平,10:00,,自宅,,自宅,自宅退所,,excel_workbook,data/raw/source_excels/アルボース３階入退所予定表.xls,R7年4月,85,right,00097034,2025-04-01,2025-04-11,0,matched_exact
S_5aafc4b5e6ed3409,3F,floor_in,2025-04-11,2025-04,金,ショート,1,,原 文子,原文子,AM,迎,自宅,,,,,excel_workbook,data/raw/source_excels/アルボース３階入退所予定表.xls,R7年4月,86,left,00096466,2025-04-11,2025-04-14,0,matched_exact
S_e61bf9b4dbf72493,3F,floor_in,2025-04-12,2025-04,土,ショート,1,,本木 初江,本木初江,AM,迎,自宅,,,,,excel_workbook,data/raw/source_excels/アルボース３階入退所予定表.xls,R7年4月,93,left,00096864,2025-04-12,2025-04-15,0,matched_exact
S_87d5367543296c6b,3F,floor_out,2025-04-12,2025-04,土,ショート,1,,栗原 文子,栗原文子,AM,送,自宅,,自宅,自宅退所,,excel_workbook,data/raw/source_excels/アルボース３階入退所予定表.xls,R7年4月,93,right,00083160,2025-04-07,2025-04-12,0,matched_exact
S_7707b042e9746331,3F,floor_in,2025-04-14,2025-04,月,ショート,1,,村田 守平,村田守平,AM,迎,自宅,,,,,excel_workbook,data/raw/source_excels/アルボース３階入退所予定表.xls,R7年4月,109,left,00097034,2025-04-14,2025-05-09,0,matched_exact
S_d084145f12f9e22c,3F,floor_out,2025-04-14,2025-04,月,ショート,1,,原 文子,原文子,AM,送,自宅,,自宅,自宅退所,,excel_workbook,data/raw/source_excels/アルボース３階入退所予定表.xls,R7年4月,109,right,00096466,2025-04-11,2025-04-14,0,matched_exact
S_4932bd4c0b53924d,3F,floor_in,2025-04-15,2025-04,火,ショート,1,,小林 壯吉,小林壯吉,AM,迎,自宅,,,,,excel_workbook,data/raw/source_excels/アルボース３階入退所予定表.xls,R7年4月,117,left,00028545,2025-04-15,2025-04-16,0,matched_exact
S_decd4d3ce2301489,3F,floor_out,2025-04-15,2025-04,火,ショート,1,,本木 初江,本木初江,AM,送,自宅,,自宅,自宅退所,,excel_workbook,data/raw/source_excels/アルボース３階入退所予定表.xls,R7年4月,117,right,00096864,2025-04-12,2025-04-15,0,matched_exact
S_b0fc3aceddd25e2a,3F,floor_in,2025-04-16,2025-04,水,ショート,1,,目黒 重夫,目黒重夫,AM,迎,自宅,,,,,excel_workbook,data/raw/source_excels/アルボース３階入退所予定表.xls,R7年4月,125,left,00102827,2025-04-16,2025-04-21,0,matched_exact
S_8d29e29add5a1293,3F,floor_out,2025-04-16,2025-04,水,ショート,1,,小林 壯吉,小林壯吉,AM,送,自宅,,自宅,自宅退所,,excel_workbook,data/raw/source_excels/アルボース３階入退所予定表.xls,R7年4月,125,right,00028545,2025-04-15,2025-04-16,0,matched_exact
S_32c0ccb5c3c897e6,3F,floor_in,2025-04-18,2025-04,金,ショート,1,新,菊池 二三男,菊池二三男,AM,迎,自宅,,,,,excel_workbook,data/raw/source_excels/アルボース３階入退所予定表.xls,R7年4月,141,left,00141670,2025-04-18,2025-04-20,0,matched_exact
S_25c61ba65e32c0ad,3F,floor_out,2025-04-18,2025-04,金,入所,1,,柳 政夫,柳政夫,10:00,,自宅,退所後は恵風荘入所,退所後は恵風荘入所,施設退所,施設退所,excel_workbook,data/raw/source_excels/アルボース３階入退所予定表.xls,R7年4月,141,right,00145297,2025-04-01,2025-04-18,0,matched_exact
S_6b28032cfb681c44,3F,floor_out,2025-04-20,2025-04,日,ショート,1,,菊池 二三男,菊池二三男,10:00,,自宅,,自宅,自宅退所,,excel_workbook,data/raw/source_excels/アルボース３階入退所予定表.xls,R7年4月,157,right,00141670,2025-04-18,2025-04-20,0,matched_exact
S_2c05b590f1a4f727,3F,floor_in,2025-04-21,2025-04,月,ショート,1,,栗原 文子,栗原文子,AM,迎,自宅,,,,,excel_workbook,data/raw/source_excels/アルボース３階入退所予定表.xls,R7年4月,165,left,00083160,2025-04-21,2025-04-24,0,matched_exact
S_f0a1fd51adaf0a04,3F,floor_out,2025-04-21,2025-04,月,ショート,1,,目黒 重夫,目黒重夫,AM,送,自宅,,自宅,自宅退所,,excel_workbook,data/raw/source_excels/アルボース３階入退所予定表.xls,R7年4月,165,right,00102827,2025-04-16,2025-04-21,0,matched_exact
S_61b3e083e65d3387,3F,floor_in,2025-04-21,2025-04,月,ショート,1,,原 文子,原文子,AM,迎,自宅,,,,,excel_workbook,data/raw/source_excels/アルボース３階入退所予定表.xls,R7年4月,166,left,00096466,2025-04-21,2025-04-25,0,matched_exact
S_a71f3ae121113565,3F,floor_out,2025-04-21,2025-04,月,入所,1,,小保方 ふさ子,小保方ふさ子,10:00,,恵風荘,,恵風荘,,,excel_workbook,data/raw/source_excels/アルボース３階入退所予定表.xls,R7年4月,166,right,00155782,2025-04-01,2025-04-21,0,matched_exact
S_01498d4c6d8c92a1,3F,floor_out,2025-04-21,2025-04,月,ショート,1,,横澤 英子,横澤英子,AM,送,自宅,,自宅,自宅退所,,excel_workbook,data/raw/source_excels/アルボース３階入退所予定表.xls,R7年4月,172,right,00107995,2025-04-11,2025-04-21,0,matched_exact
S_22b4ce37930c349b,3F,floor_in,2025-04-24,2025-04,木,ショート,1,新,黒田 梅子,黒田梅子,10:30,,併設,,,,,excel_workbook,data/raw/source_excels/アルボース３階入退所予定表.xls,R7年4月,189,left,00077083,2025-04-24,2026-05-31,0,matched_exact
S_eca272222febd4d7,3F,floor_out,2025-04-24,2025-04,木,ショート,1,,栗原 文子,栗原文子,AM,送,自宅,,自宅,自宅退所,,excel_workbook,data/raw/source_excels/アルボース３階入退所予定表.xls,R7年4月,189,right,00083160,2025-04-21,2025-04-24,0,matched_exact
S_c8ab93c2554eb18e,3F,floor_in,2025-04-25,2025-04,金,入所,1,新,山岸 君代,山岸君代,11:00?,迎,みどり病院,,,,,excel_workbook,data/raw/source_excels/アルボース３階入退所予定表.xls,R7年4月,197,left,00137071,2025-04-25,2025-10-10,0,matched_exact
S_d410c45d0d24862f,3F,floor_out,2025-04-25,2025-04,金,入所,1,,古郡 のぶ江,古郡のぶ江,10:00,,自宅,,自宅,自宅退所,,excel_workbook,data/raw/source_excels/アルボース３階入退所予定表.xls,R7年4月,197,right,00143303,2025-04-01,2025-04-25,0,matched_exact
S_85304d61d4878752,3F,floor_in,2025-04-25,2025-04,金,ショート,1,,目黒 重夫,目黒重夫,AM,迎,自宅,,,,,excel_workbook,data/raw/source_excels/アルボース３階入退所予定表.xls,R7年4月,198,left,00102827,2025-04-25,2025-04-28,0,matched_exact
S_f93cac7a8723d78b,3F,floor_out,2025-04-25,2025-04,金,ショート,1,,原 文子,原文子,AM,送,自宅,,自宅,自宅退所,,excel_workbook,data/raw/source_excels/アルボース３階入退所予定表.xls,R7年4月,198,right,00096466,2025-04-21,2025-04-25,0,matched_exact
S_2f63e026035f2888,3F,floor_in,2025-04-25,2025-04,金,ショート,1,,横澤 英子,横澤英子,AM,迎,自宅,,,,,excel_workbook,data/raw/source_excels/アルボース３階入退所予定表.xls,R7年4月,204,left,00107995,2025-04-25,2025-05-01,0,matched_exact
S_46c195689e9165fc,3F,floor_in,2025-04-28,2025-04,月,ショート,1,,古郡 のぶ江,古郡のぶ江,10:30,,自宅,,,,,excel_workbook,data/raw/source_excels/アルボース３階入退所予定表.xls,R7年4月,221,left,00143303,2025-04-28,2025-05-02,0,matched_exact
S_21a8e532afe93a97,3F,floor_out,2025-04-28,2025-04,月,ショート,1,,目黒 重夫,目黒重夫,AM,送,自宅,,自宅,自宅退所,,excel_workbook,data/raw/source_excels/アルボース３階入退所予定表.xls,R7年4月,221,right,00102827,2025-04-25,2025-04-28,0,matched_exact
S_de68813c56a1b283,3F,floor_in,2025-04-28,2025-04,月,ショート,1,,森 クニ子,森クニ子,10:30,,自宅,,,,,excel_workbook,data/raw/source_excels/アルボース３階入退所予定表.xls,R7年4月,222,left,00100859,2025-04-28,2025-05-07,0,matched_exact
S_69c072081dcfd727,3F,floor_in,2025-05-01,2025-05,木,ショート,1,,原 文子,原文子,AM,迎,自宅,,,,,excel_workbook,data/raw/source_excels/アルボース３階入退所予定表.xls,R7.5月,5,left,00096466,2025-05-01,2025-05-07,0,matched_exact
S_fc8dfbcebe0aba97,3F,floor_out,2025-05-01,2025-05,木,ショート,1,,横澤 英子,横澤英子,AM,送,自宅,,自宅,自宅退所,,excel_workbook,data/raw/source_excels/アルボース３階入退所予定表.xls,R7.5月,5,right,00107995,2025-04-25,2025-05-01,0,matched_exact
S_a158ec7e5a2f2325,3F,floor_out,2025-05-01,2025-05,木,ショート,,,黒田 梅子,黒田梅子,,,,書類上,,ショート終了,,excel_workbook,data/raw/source_excels/アルボース３階入退所予定表.xls,R7.5月,6,right,00077083,2025-04-24,2026-05-31,395,not_matched_boundary_mismatch
S_f678d022b8fba4a9,3F,floor_in,2025-05-02,2025-05,金,入所,,,黒田 梅子,黒田梅子,,,,入所切替,,,,excel_workbook,data/raw/source_excels/アルボース３階入退所予定表.xls,R7.5月,13,left,00077083,2025-04-24,2026-05-31,-8,not_matched_boundary_mismatch
S_fab7b55dcba7eeff,3F,floor_out,2025-05-02,2025-05,金,ショート,1,,古郡 のぶ江,古郡のぶ江,10:00,,自宅,,自宅,自宅退所,,excel_workbook,data/raw/source_excels/アルボース３階入退所予定表.xls,R7.5月,13,right,00143303,2025-04-28,2025-05-02,0,matched_exact
S_62eee8c9b42b3134,3F,floor_in,2025-05-02,2025-05,金,ショート,1,,目黒 重夫,目黒重夫,AM,迎,自宅,,,,,excel_workbook,data/raw/source_excels/アルボース３階入退所予定表.xls,R7.5月,14,left,00102827,2025-05-02,2025-05-07,0,matched_exact
S_bb88fda4e8122f51,3F,floor_out,2025-05-02,2025-05,金,入所,1,,萩原 治二,萩原治二,10:30,,アミーキ,,アミーキ,,,excel_workbook,data/raw/source_excels/アルボース３階入退所予定表.xls,R7.5月,14,right,00132374,2025-04-01,2025-05-02,0,matched_exact
S_e8456e6d44818f62,3F,floor_in,2025-05-02,2025-05,金,ショート,1,,栗原 文子,栗原文子,AM,迎,自宅,,,,,excel_workbook,data/raw/source_excels/アルボース３階入退所予定表.xls,R7.5月,20,left,00083160,2025-05-02,2025-05-04,0,matched_exact
S_4558f60ed629da64,3F,floor_out,2025-05-04,2025-05,日,ショート,1,,栗原 文子,栗原文子,10:00,,自宅,,自宅,自宅退所,,excel_workbook,data/raw/source_excels/アルボース３階入退所予定表.xls,R7.5月,29,right,00083160,2025-05-02,2025-05-04,0,matched_exact
S_83d84f1c91e81ba2,3F,floor_in,2025-05-07,2025-05,水,ショート,1,,古郡 のぶ江,古郡のぶ江,10:30,,自宅,,,,,excel_workbook,data/raw/source_excels/アルボース３階入退所予定表.xls,R7.5月,53,left,00143303,2025-05-07,2025-05-23,0,matched_exact
S_6eb7644ab43de953,3F,floor_out,2025-05-07,2025-05,水,ショート,1,,森 クニ子,森クニ子,10:00,,自宅,,自宅,自宅退所,,excel_workbook,data/raw/source_excels/アルボース３階入退所予定表.xls,R7.5月,53,right,00100859,2025-04-28,2025-05-07,0,matched_exact
S_f9307f937d492465,3F,floor_in,2025-05-07,2025-05,水,ショート,1,,横澤 英子,横澤英子,AM,迎,自宅,,,,,excel_workbook,data/raw/source_excels/アルボース３階入退所予定表.xls,R7.5月,54,left,00107995,2025-05-07,2025-05-12,0,matched_exact
S_ba5f82f4b42ffcdc,3F,floor_out,2025-05-07,2025-05,水,ショート,1,,原 文子,原文子,AM,送,自宅,,自宅,自宅退所,,excel_workbook,data/raw/source_excels/アルボース３階入退所予定表.xls,R7.5月,54,right,00096466,2025-05-01,2025-05-07,0,matched_exact
S_ca88c456e5575355,3F,floor_in,2025-05-07,2025-05,水,入所,1,新,吉野 勝三,吉野勝三,14:00,,市民病院,,,,,excel_workbook,data/raw/source_excels/アルボース３階入退所予定表.xls,R7.5月,60,left,00109276,2025-05-07,2025-07-14,0,matched_exact
S_706d1b2529f11c16,3F,floor_out,2025-05-07,2025-05,水,ショート,1,,目黒 重夫,目黒重夫,AM,送,自宅,,自宅,自宅退所,,excel_workbook,data/raw/source_excels/アルボース３階入退所予定表.xls,R7.5月,60,right,00102827,2025-05-02,2025-05-07,0,matched_exact
S_71018e4dcf7d17e8,3F,floor_in,2025-05-09,2025-05,金,ショート,1,,栗原 文子,栗原文子,AM,迎,自宅,,,,,excel_workbook,data/raw/source_excels/アルボース３階入退所予定表.xls,R7.5月,69,left,00083160,2025-05-09,2025-05-14,0,matched_exact
S_21c506f3c5658a83,3F,floor_out,2025-05-09,2025-05,金,ショート,1,,村田 守平,村田守平,AM,送,自宅,,自宅,自宅退所,,excel_workbook,data/raw/source_excels/アルボース３階入退所予定表.xls,R7.5月,69,right,00097034,2025-04-14,2025-05-09,0,matched_exact
S_1dceb5f50a9d685c,3F,floor_in,2025-05-09,2025-05,金,ショート,1,,本木 初江,本木初江,AM,迎,自宅,,,,,excel_workbook,data/raw/source_excels/アルボース３階入退所予定表.xls,R7.5月,70,left,00096864,2025-05-09,2025-05-16,0,matched_exact
S_c38e537201814e0e,3F,floor_in,2025-05-12,2025-05,月,入所,1,,村田 守平,村田守平,10:30,,自宅,,,,,excel_workbook,data/raw/source_excels/アルボース３階入退所予定表.xls,R7.5月,93,left,00097034,2025-05-12,2026-01-12,0,matched_exact
S_f0c5bccba0637c41,3F,floor_out,2025-05-12,2025-05,月,ショート,1,,横澤 英子,横澤英子,AM,送,自宅,,自宅,自宅退所,,excel_workbook,data/raw/source_excels/アルボース３階入退所予定表.xls,R7.5月,93,right,00107995,2025-05-07,2025-05-12,0,matched_exact
S_8431477fa4226ad5,3F,floor_in,2025-05-14,2025-05,水,ショート,1,,原 文子,原文子,AM,迎,自宅,,,,,excel_workbook,data/raw/source_excels/アルボース３階入退所予定表.xls,R7.5月,109,left,00096466,2025-05-14,2025-05-21,0,matched_exact
S_dedf7aaa200b1cea,3F,floor_out,2025-05-14,2025-05,水,入所,1,,町田 ふみ枝,町田ふみ枝,10:00,,自宅,,自宅,自宅退所,,excel_workbook,data/raw/source_excels/アルボース３階入退所予定表.xls,R7.5月,109,right,00089244,2025-04-01,2025-05-14,0,matched_exact
S_dd8e1ca5e194e0b1,3F,floor_out,2025-05-14,2025-05,水,ショート,1,,栗原 文子,栗原文子,AM,送,自宅,,自宅,自宅退所,,excel_workbook,data/raw/source_excels/アルボース３階入退所予定表.xls,R7.5月,110,right,00083160,2025-05-09,2025-05-14,0,matched_exact
S_05f8c99334fdfd06,3F,floor_out,2025-05-14,2025-05,水,入所,1,,多賀谷 和子,多賀谷和子,14:10,,死去,,死亡,死亡退所,死亡退所,excel_workbook,data/raw/source_excels/アルボース３階入退所予定表.xls,R7.5月,116,right,00142422,2025-04-01,2025-05-14,0,matched_exact
S_84489410b811edad,3F,floor_in,2025-05-15,2025-05,木,ショート,1,,目黒 重夫,目黒重夫,AM,迎,自宅,,,,,excel_workbook,data/raw/source_excels/アルボース３階入退所予定表.xls,R7.5月,117,left,00102827,2025-05-15,2025-05-19,0,matched_exact
S_787c8b9bc5136676,3F,floor_in,2025-05-16,2025-05,金,ショート,1,,町田 ふみ枝,町田ふみ枝,AM,迎,自宅,,,,,excel_workbook,data/raw/source_excels/アルボース３階入退所予定表.xls,R7.5月,125,left,00089244,2025-05-16,2025-05-27,0,matched_exact
S_03f815153c42c958,3F,floor_out,2025-05-16,2025-05,金,入所,1,,遠藤 幸義,遠藤幸義,10:00,,自宅,,自宅,自宅退所,,excel_workbook,data/raw/source_excels/アルボース３階入退所予定表.xls,R7.5月,125,right,00127244,2025-04-01,2025-05-16,0,matched_exact
S_320abdcc82020ebc,3F,floor_out,2025-05-16,2025-05,金,ショート,1,,本木 初江,本木初江,AM,送,自宅,,自宅,自宅退所,,excel_workbook,data/raw/source_excels/アルボース３階入退所予定表.xls,R7.5月,126,right,00096864,2025-05-09,2025-05-16,0,matched_exact
S_045d9135608b0a31,3F,floor_in,2025-05-19,2025-05,月,ショート,1,,横澤 英子,横澤英子,AM,迎,自宅,,,,,excel_workbook,data/raw/source_excels/アルボース３階入退所予定表.xls,R7.5月,149,left,00107995,2025-05-19,2025-05-24,0,matched_exact
S_567599c207339cc6,3F,floor_out,2025-05-19,2025-05,月,ショート,1,,目黒 重夫,目黒重夫,AM,送,自宅,,自宅,自宅退所,,excel_workbook,data/raw/source_excels/アルボース３階入退所予定表.xls,R7.5月,149,right,00102827,2025-05-15,2025-05-19,0,matched_exact
S_4376e95a83f7c151,3F,floor_in,2025-05-19,2025-05,月,入所,1,新,中嶋 けい子,中嶋けい子,10:30,,市民Hsp,,,,,excel_workbook,data/raw/source_excels/アルボース３階入退所予定表.xls,R7.5月,150,left,00153629,2025-05-19,2026-01-21,0,matched_exact
S_44f5314c8404a7fd,3F,floor_in,2025-05-21,2025-05,水,入所,1,新,清水 フミ,清水フミ,11:30,,イムス太田中央病院,,,,,excel_workbook,data/raw/source_excels/アルボース３階入退所予定表.xls,R7.5月,165,left,00163072,2025-05-21,2025-06-11,0,matched_exact
S_faf596629b36d140,3F,floor_out,2025-05-21,2025-05,水,ショート,1,,原 文子,原文子,AM,送,自宅,,自宅,自宅退所,,excel_workbook,data/raw/source_excels/アルボース３階入退所予定表.xls,R7.5月,165,right,00096466,2025-05-14,2025-05-21,0,matched_exact
S_c7fed804cc360688,3F,floor_in,2025-05-22,2025-05,木,ショート,1,,目黒 重夫,目黒重夫,AM,迎,自宅,,,,,excel_workbook,data/raw/source_excels/アルボース３階入退所予定表.xls,R7.5月,173,left,00102827,2025-05-22,2025-05-24,0,matched_exact
S_ad7d55699d220941,3F,floor_in,2025-05-23,2025-05,金,ショート,1,,栗原 文子,栗原文子,AM,迎,自宅,,,,,excel_workbook,data/raw/source_excels/アルボース３階入退所予定表.xls,R7.5月,181,left,00083160,2025-05-23,2025-05-26,0,matched_exact
S_752ae7366a209dce,3F,floor_out,2025-05-23,2025-05,金,ショート,1,,古郡 のぶ江,古郡のぶ江,10:00,,自宅,,自宅,自宅退所,,excel_workbook,data/raw/source_excels/アルボース３階入退所予定表.xls,R7.5月,181,right,00143303,2025-05-07,2025-05-23,0,matched_exact
S_3ef8720fc3969da1,3F,floor_in,2025-05-24,2025-05,土,ショート,1,,菊池 二三男,菊池二三男,AM,迎,自宅,,,,,excel_workbook,data/raw/source_excels/アルボース３階入退所予定表.xls,R7.5月,189,left,00141670,2025-05-24,2025-05-26,0,matched_exact
S_4a810c399d9b21f0,3F,floor_out,2025-05-24,2025-05,土,ショート,1,,目黒 重夫,目黒重夫,AM,送,自宅,,自宅,自宅退所,,excel_workbook,data/raw/source_excels/アルボース３階入退所予定表.xls,R7.5月,189,right,00102827,2025-05-22,2025-05-24,0,matched_exact
S_3b6e2b0444c6d0d1,3F,floor_in,2025-05-24,2025-05,土,ショート,1,,遠藤 幸義,遠藤幸義,AM,迎,自宅,,,,,excel_workbook,data/raw/source_excels/アルボース３階入退所予定表.xls,R7.5月,190,left,00127244,2025-05-24,2026-05-31,0,matched_exact
S_ad4db8595f663041,3F,floor_out,2025-05-24,2025-05,土,ショート,1,,横澤 英子,横澤英子,AM,送,自宅,,自宅,自宅退所,,excel_workbook,data/raw/source_excels/アルボース３階入退所予定表.xls,R7.5月,190,right,00107995,2025-05-19,2025-05-24,0,matched_exact
S_cd36b189ede7c6d5,3F,floor_in,2025-05-26,2025-05,月,入所,1,,古郡 のぶ江,古郡のぶ江,10:30,,自宅,,,,,excel_workbook,data/raw/source_excels/アルボース３階入退所予定表.xls,R7.5月,205,left,00143303,2025-05-26,2026-05-31,0,matched_exact
S_16497543481ea238,3F,floor_out,2025-05-26,2025-05,月,ショート,1,,栗原 文子,栗原文子,AM,送,自宅,,自宅,自宅退所,,excel_workbook,data/raw/source_excels/アルボース３階入退所予定表.xls,R7.5月,205,right,00083160,2025-05-23,2025-05-26,0,matched_exact
S_9e305f6c9640c93b,3F,floor_out,2025-05-26,2025-05,月,ショート,1,,菊池 二三男,菊池二三男,AM,送,自宅,,自宅,自宅退所,,excel_workbook,data/raw/source_excels/アルボース３階入退所予定表.xls,R7.5月,206,right,00141670,2025-05-24,2025-05-26,0,matched_exact
S_c1deb632a57cdde9,3F,floor_in,2025-05-27,2025-05,火,ショート,1,,目黒 重夫,目黒重夫,AM,迎,自宅,,,,,excel_workbook,data/raw/source_excels/アルボース３階入退所予定表.xls,R7.5月,213,left,00102827,2025-05-27,2025-05-29,0,matched_exact
S_d92ecfc7b01f6112,3F,floor_out,2025-05-27,2025-05,火,ショート,1,,町田 ふみ枝,町田ふみ枝,AM,送,自宅,,自宅,自宅退所,,excel_workbook,data/raw/source_excels/アルボース３階入退所予定表.xls,R7.5月,213,right,00089244,2025-05-16,2025-05-27,0,matched_exact
S_0dfc9e1d70ce32fa,3F,floor_in,2025-05-27,2025-05,火,入所,1,新,佐藤 歩,佐藤歩,10:00,,自宅,,,,,excel_workbook,data/raw/source_excels/アルボース３階入退所予定表.xls,R7.5月,214,left,00146699,2025-05-27,2025-07-03,0,matched_exact
S_dc04233e19f16e0f,3F,floor_out,2025-05-27,2025-05,火,入所,1,,村岡 弘一,村岡弘一,10:30,,小泉の杜,,小泉の杜,,,excel_workbook,data/raw/source_excels/アルボース３階入退所予定表.xls,R7.5月,214,right,00161316,2025-04-01,2025-05-27,0,matched_exact
S_58fd129f63224b20,3F,floor_in,2025-05-28,2025-05,水,ショート,1,,横澤 英子,横澤英子,AM,迎,自宅,,,,,excel_workbook,data/raw/source_excels/アルボース３階入退所予定表.xls,R7.5月,221,left,00107995,2025-05-28,2025-05-31,0,matched_exact
S_d4c8ccd73fbf6445,3F,floor_in,2025-05-29,2025-05,木,ショート,1,,町田 ふみ枝,町田ふみ枝,AM,迎,自宅,,,,,excel_workbook,data/raw/source_excels/アルボース３階入退所予定表.xls,R7.5月,229,left,00089244,2025-05-29,2025-06-16,0,matched_exact
S_d49bf3ceb02352e6,3F,floor_out,2025-05-29,2025-05,木,ショート,1,,目黒 重夫,目黒重夫,AM,送,自宅,,自宅,自宅退所,,excel_workbook,data/raw/source_excels/アルボース３階入退所予定表.xls,R7.5月,229,right,00102827,2025-05-27,2025-05-29,0,matched_exact
S_799ff2e015d21500,3F,floor_out,2025-05-29,2025-05,木,入所,1,,笠原 ミヤ,笠原ミヤ,10:00,,あずまライフライン,,あずまライフライン,,,excel_workbook,data/raw/source_excels/アルボース３階入退所予定表.xls,R7.5月,230,right,00157857,2025-04-01,2025-05-29,0,matched_exact
S_9004ef30cb938904,3F,floor_in,2025-05-30,2025-05,金,ショート,1,,大和 米秋,大和米秋,AM,迎,自宅,,,,,excel_workbook,data/raw/source_excels/アルボース３階入退所予定表.xls,R7.5月,237,left,00050154,2025-05-30,2025-06-02,0,matched_exact
S_f9779e5ea6ca7bde,3F,floor_in,2025-05-31,2025-05,土,ショート,1,,原 文子,原文子,AM,迎,自宅,,,,,excel_workbook,data/raw/source_excels/アルボース３階入退所予定表.xls,R7.5月,245,left,00096466,2025-05-31,2025-06-12,0,matched_exact
S_ab09e63ca980de96,3F,floor_out,2025-05-31,2025-05,土,ショート,1,,横澤 英子,横澤英子,AM,送,自宅,,自宅,自宅退所,,excel_workbook,data/raw/source_excels/アルボース３階入退所予定表.xls,R7.5月,245,right,00107995,2025-05-28,2025-05-31,0,matched_exact
S_e8c1229a204c63b6,3F,floor_in,2025-06-02,2025-06,月,ショート,1,,森 クニ子,森クニ子,10:30,,自宅,,,,,excel_workbook,data/raw/source_excels/アルボース３階入退所予定表.xls,R7.6月,13,left,00100859,2025-06-02,2025-06-11,0,matched_exact
S_13de325357b7a613,3F,floor_out,2025-06-02,2025-06,月,ショート,1,,大和 米秋,大和米秋,AM,送,自宅,,自宅,自宅退所,,excel_workbook,data/raw/source_excels/アルボース３階入退所予定表.xls,R7.6月,13,right,00050154,2025-05-30,2025-06-02,0,matched_exact
S_151e43729ec018f4,3F,floor_out,2025-06-04,2025-06,水,入所,1,,井村 紀子,井村紀子,10:00,,住宅型有料「笑ふく」,,住宅型有料「笑ふく」,施設退所,施設退所,excel_workbook,data/raw/source_excels/アルボース３階入退所予定表.xls,R7.6月,29,right,00100621,2025-04-01,2025-06-04,0,matched_exact
S_8ee41f83745aeb07,3F,floor_out,2025-06-04,2025-06,水,入所,1,,板橋 好子,板橋好子,10:30,,伊勢崎佐波医師会病院,,伊勢崎佐波医師会病院,病院退所,,excel_workbook,data/raw/source_excels/アルボース３階入退所予定表.xls,R7.6月,30,right,00054284,2025-04-01,2025-06-04,0,matched_exact
S_aa539da09a5fe651,3F,floor_in,2025-06-05,2025-06,木,ショート,1,,目黒 重夫,目黒重夫,AM,迎,自宅,,,,,excel_workbook,data/raw/source_excels/アルボース３階入退所予定表.xls,R7.6月,37,left,00102827,2025-06-05,2025-06-09,0,matched_exact
S_5f419a1f9de6ea14,3F,floor_out,2025-06-05,2025-06,木,入所,1,,萩原 幸子,萩原幸子,10:00,,自宅,,自宅,自宅退所,,excel_workbook,data/raw/source_excels/アルボース３階入退所予定表.xls,R7.6月,37,right,00101111,2025-04-01,2025-06-05,0,matched_exact
S_a61849c6e31af03b,3F,floor_in,2025-06-05,2025-06,木,ショート,1,,栗原 文子,栗原文子,13:30,,自宅,,,,,excel_workbook,data/raw/source_excels/アルボース３階入退所予定表.xls,R7.6月,38,left,00083160,2025-06-05,2025-06-09,0,matched_exact
S_5931638cbe8bcd21,3F,floor_in,2025-06-06,2025-06,金,ショート,1,,横澤 英子,横澤英子,AM,迎,自宅,,,,,excel_workbook,data/raw/source_excels/アルボース３階入退所予定表.xls,R7.6月,45,left,00107995,2025-06-06,2025-06-13,0,matched_exact
S_1bdd88ecae1d3483,3F,floor_out,2025-06-06,2025-06,金,入所,1,,古舘 春枝,古舘春枝,10:00,,サ高住「こうばやしの家」,,サ高住「こうばやしの家」,施設退所,施設退所,excel_workbook,data/raw/source_excels/アルボース３階入退所予定表.xls,R7.6月,45,right,00106631,2025-04-01,2025-06-06,0,matched_exact
S_c083f95cd0eb9421,3F,floor_in,2025-06-09,2025-06,月,ショート,1,新,天童 猛,天童猛,10:30,,自宅,,,,,excel_workbook,data/raw/source_excels/アルボース３階入退所予定表.xls,R7.6月,69,left,00088736,2025-06-09,2025-06-13,0,matched_exact
S_4a2cbbc281e54184,3F,floor_out,2025-06-09,2025-06,月,入所,1,,木村 孝一,木村孝一,10:00,,自宅,,自宅,自宅退所,,excel_workbook,data/raw/source_excels/アルボース３階入退所予定表.xls,R7.6月,69,right,00112027,2025-04-01,2025-06-09,0,matched_exact
S_189d5c872277006c,3F,floor_in,2025-06-09,2025-06,月,ショート,1,,萩原 幸子,萩原幸子,AM,迎,自宅,,,,,excel_workbook,data/raw/source_excels/アルボース３階入退所予定表.xls,R7.6月,70,left,00101111,2025-06-09,2025-06-23,0,matched_exact
S_dbed928531b789f5,3F,floor_out,2025-06-09,2025-06,月,ショート,1,,目黒 重夫,目黒重夫,AM,送,自宅,,自宅,自宅退所,,excel_workbook,data/raw/source_excels/アルボース３階入退所予定表.xls,R7.6月,70,right,00102827,2025-06-05,2025-06-09,0,matched_exact
S_9304bdce77f49161,3F,floor_in,2025-06-09,2025-06,月,ショート,1,,菊池 二三男,菊池二三男,AM,迎,自宅,,,,,excel_workbook,data/raw/source_excels/アルボース３階入退所予定表.xls,R7.6月,76,left,00141670,2025-06-09,2025-06-11,0,matched_exact
S_9584831782e9ed6b,3F,floor_out,2025-06-09,2025-06,月,ショート,1,,栗原 文子,栗原文子,AM,送,自宅,,自宅,自宅退所,,excel_workbook,data/raw/source_excels/アルボース３階入退所予定表.xls,R7.6月,76,right,00083160,2025-06-05,2025-06-09,0,matched_exact
S_747a3f34fc4d93e1,3F,floor_in,2025-06-11,2025-06,水,ショート,1,,小林 壯吉,小林壯吉,10:30,,併設,,,,,excel_workbook,data/raw/source_excels/アルボース３階入退所予定表.xls,R7.6月,85,left,00028545,2025-06-11,2025-09-11,0,matched_exact
S_84e25ce8aab517a1,3F,floor_out,2025-06-11,2025-06,水,ショート,1,,菊池 二三男,菊池二三男,AM,送,自宅,,自宅,自宅退所,,excel_workbook,data/raw/source_excels/アルボース３階入退所予定表.xls,R7.6月,85,right,00141670,2025-06-09,2025-06-11,0,matched_exact
S_3c37aa31291b8248,3F,floor_out,2025-06-11,2025-06,水,ショート,1,,森 クニ子,森クニ子,10:00,,自宅,,自宅,自宅退所,,excel_workbook,data/raw/source_excels/アルボース３階入退所予定表.xls,R7.6月,86,right,00100859,2025-06-02,2025-06-11,0,matched_exact
S_a44c99c533867d8f,3F,floor_in,2025-06-12,2025-06,木,ショート,1,,木村 孝一,木村孝一,AM,迎,自宅,,,,,excel_workbook,data/raw/source_excels/アルボース３階入退所予定表.xls,R7.6月,93,left,00112027,2025-06-12,2025-06-25,0,matched_exact
S_bc73390fe532c5b5,3F,floor_out,2025-06-12,2025-06,木,ショート,1,,原 文子,原文子,AM,送,自宅,,自宅,自宅退所,,excel_workbook,data/raw/source_excels/アルボース３階入退所予定表.xls,R7.6月,93,right,00096466,2025-05-31,2025-06-12,0,matched_exact
S_7c39a85b120f984f,3F,floor_out,2025-06-12,2025-06,木,入所,1,,清水 フミ,清水フミ,10:30,,美原Hsp,,美原Hsp,,,excel_workbook,data/raw/source_excels/アルボース３階入退所予定表.xls,R7.6月,94,right,00163072,2025-05-21,2025-06-11,-1,matched_within_tolerance
S_cb1cfc49b66a8a55,3F,floor_in,2025-06-13,2025-06,金,入所,1,新,小嶌 静枝,小嶌静枝,10:30,,自宅,,,,,excel_workbook,data/raw/source_excels/アルボース３階入退所予定表.xls,R7.6月,101,left,,,,,not_matched_name_unknown
S_9e0e1f3ec4aec124,3F,floor_out,2025-06-13,2025-06,金,ショート,1,,横澤 英子,横澤英子,AM,送,自宅,,自宅,自宅退所,,excel_workbook,data/raw/source_excels/アルボース３階入退所予定表.xls,R7.6月,101,right,00107995,2025-06-06,2025-06-13,0,matched_exact
S_145f7ba53d002510,3F,floor_out,2025-06-13,2025-06,金,ショート,1,,天童 猛,天童猛,10:00,,自宅,,自宅,自宅退所,,excel_workbook,data/raw/source_excels/アルボース３階入退所予定表.xls,R7.6月,102,right,00088736,2025-06-09,2025-06-13,0,matched_exact
S_003752441c31fee5,3F,floor_in,2025-06-14,2025-06,土,ショート,1,,本木 初江,本木初江,AM,迎,自宅,,,,,excel_workbook,data/raw/source_excels/アルボース３階入退所予定表.xls,R7.6月,109,left,00096864,2025-06-14,2025-06-19,0,matched_exact
S_83f980481ca6852f,3F,floor_in,2025-06-16,2025-06,月,ショート,1,新,本山 二郎,本山二郎,10:30,,自宅,,,,,excel_workbook,data/raw/source_excels/アルボース３階入退所予定表.xls,R7.6月,125,left,00081292,2025-06-16,2025-06-18,0,matched_exact
S_1b7b1be380dc9718,3F,floor_out,2025-06-16,2025-06,月,入所,1,,根岸 光江,根岸光江,10:00,,自宅,,自宅,自宅退所,,excel_workbook,data/raw/source_excels/アルボース３階入退所予定表.xls,R7.6月,125,right,00132185,2025-04-01,2025-06-16,0,matched_exact
S_015b36ac91f10f44,3F,floor_in,2025-06-16,2025-06,月,ショート,1,,目黒 重夫,目黒重夫,AM,迎,自宅,,,,,excel_workbook,data/raw/source_excels/アルボース３階入退所予定表.xls,R7.6月,126,left,00102827,2025-06-16,2025-06-23,0,matched_exact
S_262b8279f5236d3b,3F,floor_out,2025-06-16,2025-06,月,ショート,1,,町田 ふみ枝,町田ふみ枝,AM,送,自宅,,自宅,自宅退所,,excel_workbook,data/raw/source_excels/アルボース３階入退所予定表.xls,R7.6月,126,right,00089244,2025-05-29,2025-06-16,0,matched_exact
S_8466154e2af09daa,3F,floor_in,2025-06-16,2025-06,月,入所,1,,原 文子,原文子,10:30,,自宅,介護タクシー,,,,excel_workbook,data/raw/source_excels/アルボース３階入退所予定表.xls,R7.6月,132,left,00096466,2025-06-16,2025-11-17,0,matched_exact
S_21de4e2b0ab0c7c5,3F,floor_out,2025-06-16,2025-06,月,ショート,1,,遠藤 幸義,遠藤幸義,,,,書類上,,ショート終了,,excel_workbook,data/raw/source_excels/アルボース３階入退所予定表.xls,R7.6月,132,right,00127244,2025-04-01,2025-05-16,-31,not_matched_boundary_mismatch
S_247f7317b3c7d05f,3F,floor_in,2025-06-17,2025-06,火,入所,1,,遠藤 幸義,遠藤幸義,,,,書類上,,,,excel_workbook,data/raw/source_excels/アルボース３階入退所予定表.xls,R7.6月,133,left,00127244,2025-05-24,2026-05-31,-24,not_matched_boundary_mismatch
S_ee54b0f8eb4a3bdd,3F,floor_in,2025-06-18,2025-06,水,入所,1,,町田 ふみ枝,町田ふみ枝,10:30,,自宅,介護タクシー,,,,excel_workbook,data/raw/source_excels/アルボース３階入退所予定表.xls,R7.6月,141,left,00089244,2025-06-18,2025-10-14,0,matched_exact
S_00500a86f48d9643,3F,floor_out,2025-06-18,2025-06,水,ショート,1,,本山 二郎,本山二郎,10:00,,自宅,,自宅,自宅退所,,excel_workbook,data/raw/source_excels/アルボース３階入退所予定表.xls,R7.6月,141,right,00081292,2025-06-16,2025-06-18,0,matched_exact
S_20301064d1dd9dd7,3F,floor_in,2025-06-18,2025-06,水,入所,1,,清水 フミ,清水フミ,10:30,,併設,,,,,excel_workbook,data/raw/source_excels/アルボース３階入退所予定表.xls,R7.6月,142,left,00163072,2025-06-18,2025-08-29,0,matched_exact
S_976fb84f6fcad5c6,3F,floor_in,2025-06-18,2025-06,水,入所,1,,板橋 好子,板橋好子,10:30,,伊勢崎佐波医師会病院,,,,,excel_workbook,data/raw/source_excels/アルボース３階入退所予定表.xls,R7.6月,148,left,00054284,2025-06-18,2025-07-22,0,matched_exact
S_9e6ee0286d7ae7e0,3F,floor_out,2025-06-19,2025-06,木,ショート,1,,本木 初江,本木初江,AM,送,自宅,,自宅,自宅退所,,excel_workbook,data/raw/source_excels/アルボース３階入退所予定表.xls,R7.6月,149,right,00096864,2025-06-14,2025-06-19,0,matched_exact
S_6ab3c339db127f38,3F,floor_in,2025-06-20,2025-06,金,入所,1,新,星野 榮次,星野榮次,AM,迎,併設,,,,,excel_workbook,data/raw/source_excels/アルボース３階入退所予定表.xls,R7.6月,157,left,00163013,2025-06-20,2025-06-24,0,matched_exact
S_d02e29e29d8f06a3,3F,floor_out,2025-06-20,2025-06,金,入所,1,,石原 ヨシエ,石原ヨシエ,10:00,,自宅,,自宅,自宅退所,,excel_workbook,data/raw/source_excels/アルボース３階入退所予定表.xls,R7.6月,157,right,00116523,2025-04-01,2025-06-20,0,matched_exact
S_1d18b3f54b55bf59,3F,floor_in,2025-06-20,2025-06,金,ショート,1,,根岸 光江,根岸光江,AM,迎,自宅,,,,,excel_workbook,data/raw/source_excels/アルボース３階入退所予定表.xls,R7.6月,158,left,00132185,2025-06-20,2025-06-25,0,matched_exact
S_9116f17a16a18369,3F,floor_out,2025-06-21,2025-06,土,入所,1,,佐々木 とみ子,佐々木とみ子,14:00,,死去,,死亡,死亡退所,死亡退所,excel_workbook,data/raw/source_excels/アルボース３階入退所予定表.xls,R7.6月,165,right,00090744,2025-04-01,2025-06-21,0,matched_exact
S_fb7b8e5a831c6055,3F,floor_in,2025-06-22,2025-06,日,ショート,1,,横澤 英子,横澤英子,,,2F,転床,,,,excel_workbook,data/raw/source_excels/アルボース３階入退所予定表.xls,R7.6月,173,left,00107995,2025-06-22,2025-06-27,0,matched_exact
S_2843b23c8dd29ec5,3F,floor_in,2025-06-23,2025-06,月,ショート,1,,栗原 文子,栗原文子,14:00,,自宅,,,,,excel_workbook,data/raw/source_excels/アルボース３階入退所予定表.xls,R7.6月,181,left,00083160,2025-06-23,2025-06-27,0,matched_exact
S_b0dae779442a6eb9,3F,floor_out,2025-06-23,2025-06,月,入所,1,,野崎 千代子,野崎千代子,10:00,,自宅,,自宅,自宅退所,,excel_workbook,data/raw/source_excels/アルボース３階入退所予定表.xls,R7.6月,181,right,00113600,2025-04-01,2025-06-23,0,matched_exact
S_de773c671ae12817,3F,floor_in,2025-06-23,2025-06,月,ショート,1,,石原 ヨシエ,石原ヨシエ,10:30,,自宅,,,,,excel_workbook,data/raw/source_excels/アルボース３階入退所予定表.xls,R7.6月,182,left,00116523,2025-06-23,2025-07-19,0,matched_exact
S_5d3ea42bd809adba,3F,floor_out,2025-06-23,2025-06,月,ショート,1,,萩原 幸子,萩原幸子,AM,送,自宅,,自宅,自宅退所,,excel_workbook,data/raw/source_excels/アルボース３階入退所予定表.xls,R7.6月,182,right,00101111,2025-06-09,2025-06-23,0,matched_exact
S_02659dad4ee2dc7e,3F,floor_out,2025-06-23,2025-06,月,ショート,1,,目黒 重夫,目黒重夫,AM,送,自宅,,自宅,自宅退所,,excel_workbook,data/raw/source_excels/アルボース３階入退所予定表.xls,R7.6月,183,right,00102827,2025-06-16,2025-06-23,0,matched_exact
S_4cfced5ad7c32129,3F,floor_in,2025-06-24,2025-06,火,入所,1,新,小賀野 博也,小賀野博也,10:30,,併設,,,,,excel_workbook,data/raw/source_excels/アルボース３階入退所予定表.xls,R7.6月,189,left,00162971,2025-06-24,2025-06-24,0,matched_exact
S_d1a04658d333e516,3F,floor_out,2025-06-24,2025-06,火,入所,1,,星野 榮次,星野榮次,10:00,,住宅型有料「つつじヶ丘」,,住宅型有料「つつじヶ丘」,施設退所,施設退所,excel_workbook,data/raw/source_excels/アルボース３階入退所予定表.xls,R7.6月,189,right,00163013,2025-06-20,2025-06-24,0,matched_exact
S_a35522434aac5d40,3F,floor_in,2025-06-25,2025-06,水,ショート,1,,野崎 千代子,野崎千代子,AM,迎,自宅,,,,,excel_workbook,data/raw/source_excels/アルボース３階入退所予定表.xls,R7.6月,197,left,00113600,2025-06-25,2025-07-07,0,matched_exact
S_2b4244796397b7b0,3F,floor_out,2025-06-25,2025-06,水,ショート,1,,根岸 光江,根岸光江,AM,送,自宅,,自宅,自宅退所,,excel_workbook,data/raw/source_excels/アルボース３階入退所予定表.xls,R7.6月,197,right,00132185,2025-06-20,2025-06-25,0,matched_exact
S_2d80e71732c4ff9e,3F,floor_in,2025-06-25,2025-06,水,ショート,1,,萩原 幸子,萩原幸子,AM,迎,自宅,,,,,excel_workbook,data/raw/source_excels/アルボース３階入退所予定表.xls,R7.6月,198,left,00101111,2025-06-25,2025-07-04,0,matched_exact
S_4837157b6353ced6,3F,floor_out,2025-06-25,2025-06,水,ショート,1,,木村 孝一,木村孝一,AM,送,自宅,,自宅,自宅退所,,excel_workbook,data/raw/source_excels/アルボース３階入退所予定表.xls,R7.6月,198,right,00112027,2025-06-12,2025-06-25,0,matched_exact
S_d2efd791a3d5e5e7,3F,floor_out,2025-06-25,2025-06,水,入所,1,,小賀野 博也,小賀野博也,,,2F,,2F,施設内移動,,excel_workbook,data/raw/source_excels/アルボース３階入退所予定表.xls,R7.6月,199,right,00162971,2025-06-24,2025-06-24,-1,matched_within_tolerance
S_8f8ef579f5f035fb,3F,floor_out,2025-06-25,2025-06,水,ショート,1,,小林 壯吉,小林壯吉,,,書類上,,書類上,ショート終了,,excel_workbook,data/raw/source_excels/アルボース３階入退所予定表.xls,R7.6月,200,right,00028545,2025-04-15,2025-04-16,-70,not_matched_boundary_mismatch
S_b59220d88fd5066e,3F,floor_in,2025-06-26,2025-06,木,入所,1,,小林 壯吉,小林壯吉,,,書類上,入所切替,,,,excel_workbook,data/raw/source_excels/アルボース３階入退所予定表.xls,R7.6月,205,left,00028545,2025-06-11,2025-09-11,-15,not_matched_boundary_mismatch
S_2a159471929adc0b,3F,floor_in,2025-06-27,2025-06,金,ショート,1,,根岸 光江,根岸光江,AM,迎,自宅,,,,,excel_workbook,data/raw/source_excels/アルボース３階入退所予定表.xls,R7.6月,213,left,00132185,2025-06-27,2025-07-14,0,matched_exact
S_5ad40f94f744b75f,3F,floor_out,2025-06-27,2025-06,金,ショート,1,,横澤 英子,横澤英子,AM,送,自宅,,自宅,自宅退所,,excel_workbook,data/raw/source_excels/アルボース３階入退所予定表.xls,R7.6月,213,right,00107995,2025-06-22,2025-06-27,0,matched_exact
S_7c0731dedd01f064,3F,floor_in,2025-06-27,2025-06,金,ショート,1,,目黒 重夫,目黒重夫,AM,迎,自宅,,,,,excel_workbook,data/raw/source_excels/アルボース３階入退所予定表.xls,R7.6月,214,left,00102827,2025-06-27,2025-06-30,0,matched_exact
S_a355c3716351d500,3F,floor_out,2025-06-27,2025-06,金,ショート,1,,栗原 文子,栗原文子,14:00,,自宅,家族送迎,自宅,自宅退所,,excel_workbook,data/raw/source_excels/アルボース３階入退所予定表.xls,R7.6月,214,right,00083160,2025-06-23,2025-06-27,0,matched_exact
S_9a1f529c84dbd860,3F,floor_in,2025-06-28,2025-06,土,ショート,1,,木村 孝一,木村孝一,AM,迎,自宅,,,,,excel_workbook,data/raw/source_excels/アルボース３階入退所予定表.xls,R7.6月,221,left,00112027,2025-06-28,2025-07-07,0,matched_exact
S_719585cce4ec907c,3F,floor_out,2025-06-30,2025-06,月,ショート,1,,目黒 重夫,目黒重夫,AM,送,自宅,,自宅,自宅退所,,excel_workbook,data/raw/source_excels/アルボース３階入退所予定表.xls,R7.6月,237,right,00102827,2025-06-27,2025-06-30,0,matched_exact
S_e62ce5c30d523811,3F,floor_in,2025-07-01,2025-07,火,ショート,1,,森 クニ子,森クニ子,10:30,,自宅,,,,,excel_workbook,data/raw/source_excels/アルボース３階入退所予定表.xls,R7.7月,5,left,00100859,2025-07-01,2025-07-05,0,matched_exact
S_622bfbe523c0819a,3F,floor_in,2025-07-02,2025-07,水,ショート,1,,栗原 文子,栗原文子,AM,迎,自宅,,,,,excel_workbook,data/raw/source_excels/アルボース３階入退所予定表.xls,R7.7月,13,left,00083160,2025-07-02,2025-07-09,0,matched_exact
S_577bfa9935b9f075,3F,floor_out,2025-07-03,2025-07,木,入所,1,,佐藤 歩,佐藤歩,09:30,,大島病院,,大島病院,病院退所,,excel_workbook,data/raw/source_excels/アルボース３階入退所予定表.xls,R7.7月,21,right,00146699,2025-05-27,2025-07-03,0,matched_exact
S_cc79a0b443ceddf0,3F,floor_in,2025-07-04,2025-07,金,ショート,1,,目黒 重夫,目黒重夫,AM,迎,自宅,,,,,excel_workbook,data/raw/source_excels/アルボース３階入退所予定表.xls,R7.7月,29,left,00102827,2025-07-04,2025-07-08,0,matched_exact
S_e0466002d9ba4803,3F,floor_out,2025-07-04,2025-07,金,ショート,1,,萩原 幸子,萩原幸子,AM,送,自宅,,自宅,自宅退所,,excel_workbook,data/raw/source_excels/アルボース３階入退所予定表.xls,R7.7月,29,right,00101111,2025-06-25,2025-07-04,0,matched_exact
S_c7e59a630cb8a377,3F,floor_in,2025-07-05,2025-07,土,ショート,1,,横澤 英子,横澤英子,AM,迎,自宅,,,,,excel_workbook,data/raw/source_excels/アルボース３階入退所予定表.xls,R7.7月,37,left,00107995,2025-07-05,2025-07-12,0,matched_exact
S_aa09eb1b2448174e,3F,floor_out,2025-07-05,2025-07,土,ショート,1,,森 クニ子,森クニ子,10:00,,自宅,,自宅,自宅退所,,excel_workbook,data/raw/source_excels/アルボース３階入退所予定表.xls,R7.7月,37,right,00100859,2025-07-01,2025-07-05,0,matched_exact
S_959d3694cb180ae4,3F,floor_in,2025-07-07,2025-07,月,入所,1,,萩原 幸子,萩原幸子,10:30,,自宅,,,,,excel_workbook,data/raw/source_excels/アルボース３階入退所予定表.xls,R7.7月,53,left,00101111,2025-07-07,2026-03-10,0,matched_exact
S_b1eff47b1ff2a2b9,3F,floor_out,2025-07-07,2025-07,月,ショート,1,,木村 孝一,木村孝一,AM,送,自宅,,自宅,自宅退所,,excel_workbook,data/raw/source_excels/アルボース３階入退所予定表.xls,R7.7月,53,right,00112027,2025-06-28,2025-07-07,0,matched_exact
S_96554c572c2a1c50,3F,floor_in,2025-07-07,2025-07,月,ショート,1,,本山 二郎,本山二郎,10:30,,自宅,,,,,excel_workbook,data/raw/source_excels/アルボース３階入退所予定表.xls,R7.7月,54,left,00081292,2025-07-07,2025-07-10,0,matched_exact
S_d0fb3e10215f8783,3F,floor_out,2025-07-07,2025-07,月,ショート,1,,野崎 千代子,野崎千代子,AM,送,自宅,,自宅,自宅退所,,excel_workbook,data/raw/source_excels/アルボース３階入退所予定表.xls,R7.7月,54,right,00113600,2025-06-25,2025-07-07,0,matched_exact
S_1f77132a564e2362,3F,floor_out,2025-07-08,2025-07,火,ショート,1,,目黒 重夫,目黒重夫,AM,送,自宅,,自宅,自宅退所,,excel_workbook,data/raw/source_excels/アルボース３階入退所予定表.xls,R7.7月,61,right,00102827,2025-07-04,2025-07-08,0,matched_exact
S_0d96f493a37af5de,3F,floor_in,2025-07-09,2025-07,水,ショート,1,,野崎 千代子,野崎千代子,AM,迎,自宅,,,,,excel_workbook,data/raw/source_excels/アルボース３階入退所予定表.xls,R7.7月,69,left,00113600,2025-07-09,2025-07-22,0,matched_exact
S_7022c9ebb454b4a1,3F,floor_out,2025-07-09,2025-07,水,入所,1,,齋藤 文子,齋藤文子,10:00,,自宅,,自宅,自宅退所,,excel_workbook,data/raw/source_excels/アルボース３階入退所予定表.xls,R7.7月,69,right,00142228,2025-04-01,2025-07-09,0,matched_exact
S_c0cb25fc0ae99b4b,3F,floor_in,2025-07-09,2025-07,水,ショート,1,,本木 初江,本木初江,AM,迎,自宅,,,,,excel_workbook,data/raw/source_excels/アルボース３階入退所予定表.xls,R7.7月,70,left,00096864,2025-07-09,2025-07-17,0,matched_exact
S_f9b958133abebede,3F,floor_out,2025-07-09,2025-07,水,ショート,1,,栗原 文子,栗原文子,AM,送,自宅,,自宅,自宅退所,,excel_workbook,data/raw/source_excels/アルボース３階入退所予定表.xls,R7.7月,70,right,00083160,2025-07-02,2025-07-09,0,matched_exact
S_85f48da4841d7274,3F,floor_in,2025-07-10,2025-07,木,入所,1,新,小川 ハツエ,小川ハツエ,10:30,,自宅,,,,,excel_workbook,data/raw/source_excels/アルボース３階入退所予定表.xls,R7.7月,77,left,00163816,2025-07-10,2025-10-14,0,matched_exact
S_178d3f22c4a1a4bc,3F,floor_out,2025-07-10,2025-07,木,入所,1,,藤田 惠美子,藤田惠美子,15:00,,自宅,,自宅,自宅退所,,excel_workbook,data/raw/source_excels/アルボース３階入退所予定表.xls,R7.7月,77,right,00130963,2025-04-01,2025-07-10,0,matched_exact
S_79a4890156ad56ff,3F,floor_in,2025-07-10,2025-07,木,入所,1,,木村 孝一,木村孝一,10:30,,自宅,,,,,excel_workbook,data/raw/source_excels/アルボース３階入退所予定表.xls,R7.7月,78,left,00112027,2025-07-10,2025-11-14,0,matched_exact
S_8981fdb7bc7e4ea1,3F,floor_out,2025-07-10,2025-07,木,ショート,1,,本山 二郎,本山二郎,10:00,,自宅,,自宅,自宅退所,,excel_workbook,data/raw/source_excels/アルボース３階入退所予定表.xls,R7.7月,78,right,00081292,2025-07-07,2025-07-10,0,matched_exact
S_50e19a45a005e3f6,3F,floor_in,2025-07-10,2025-07,木,ショート,1,,菊池 二三男,菊池二三男,AM,迎,自宅,,,,,excel_workbook,data/raw/source_excels/アルボース３階入退所予定表.xls,R7.7月,84,left,00141670,2025-07-10,2025-07-14,0,matched_exact
S_b1a28f5621a58432,3F,floor_in,2025-07-12,2025-07,土,ショート,1,,大和 米秋,大和米秋,AM,迎,自宅,,,,,excel_workbook,data/raw/source_excels/アルボース３階入退所予定表.xls,R7.7月,93,left,00050154,2025-07-12,2025-07-14,0,matched_exact
S_f63eadeb0c38e9bf,3F,floor_out,2025-07-12,2025-07,土,ショート,1,,横澤 英子,横澤英子,AM,送,自宅,,自宅,自宅退所,,excel_workbook,data/raw/source_excels/アルボース３階入退所予定表.xls,R7.7月,93,right,00107995,2025-07-05,2025-07-12,0,matched_exact
S_ff45b2497d931f40,3F,floor_in,2025-07-14,2025-07,月,ショート,1,,天童 猛,天童猛,10:30,,自宅,,,,,excel_workbook,data/raw/source_excels/アルボース３階入退所予定表.xls,R7.7月,109,left,00088736,2025-07-14,2025-07-18,0,matched_exact
S_39e636e2987cbb46,3F,floor_out,2025-07-14,2025-07,月,ショート,1,,根岸 光江,根岸光江,AM,送,自宅,,自宅,自宅退所,,excel_workbook,data/raw/source_excels/アルボース３階入退所予定表.xls,R7.7月,109,right,00132185,2025-06-27,2025-07-14,0,matched_exact
S_a0d1238e312fbf47,3F,floor_in,2025-07-14,2025-07,月,ショート,1,,藤田 惠美子,藤田惠美子,AM,迎,自宅,,,,,excel_workbook,data/raw/source_excels/アルボース３階入退所予定表.xls,R7.7月,110,left,00130963,2025-07-14,2025-08-01,0,matched_exact
S_d5cd159c3403c5d4,3F,floor_out,2025-07-14,2025-07,月,ショート,1,,菊池 二三男,菊池二三男,AM,送,自宅,,自宅,自宅退所,,excel_workbook,data/raw/source_excels/アルボース３階入退所予定表.xls,R7.7月,110,right,00141670,2025-07-10,2025-07-14,0,matched_exact
S_51b64d4fbbcdd1d2,3F,floor_in,2025-07-14,2025-07,月,ショート,1,,目黒 重夫,目黒重夫,AM,迎,自宅,,,,,excel_workbook,data/raw/source_excels/アルボース３階入退所予定表.xls,R7.7月,111,left,00102827,2025-07-14,2025-07-19,0,matched_exact
S_c689e51ce62dd94f,3F,floor_out,2025-07-14,2025-07,月,入所,1,,佐藤 哲子,佐藤哲子,AM,,「住宅型有料」WILL,,「住宅型有料」WILL,施設退所,施設退所,excel_workbook,data/raw/source_excels/アルボース３階入退所予定表.xls,R7.7月,111,right,00103812,2025-04-01,2025-07-14,0,matched_exact
S_0ed64a3f3741cd95,3F,floor_out,2025-07-14,2025-07,月,ショート,1,,大和 米秋,大和米秋,AM,送,自宅,,自宅,自宅退所,,excel_workbook,data/raw/source_excels/アルボース３階入退所予定表.xls,R7.7月,112,right,00050154,2025-07-12,2025-07-14,0,matched_exact
S_ff59add58a4768c3,3F,floor_out,2025-07-15,2025-07,火,転床,1,,吉野 勝三,吉野勝三,AM,,2F,,2F,施設内移動,,excel_workbook,data/raw/source_excels/アルボース３階入退所予定表.xls,R7.7月,118,right,00109276,2025-05-07,2025-07-14,-1,matched_within_tolerance
S_2da01fafe361f327,3F,floor_in,2025-07-16,2025-07,水,ショート,1,,齋藤 文子,齋藤文子,AM,迎,自宅,,,,,excel_workbook,data/raw/source_excels/アルボース３階入退所予定表.xls,R7.7月,125,left,00142228,2025-07-16,2025-07-25,0,matched_exact
S_31bda39602a253b4,3F,floor_in,2025-07-17,2025-07,木,入所,1,,根岸 光江,根岸光江,10:30,,自宅,,,,,excel_workbook,data/raw/source_excels/アルボース３階入退所予定表.xls,R7.7月,133,left,00132185,2025-07-17,2026-05-31,0,matched_exact
S_d06118c60be89381,3F,floor_out,2025-07-17,2025-07,木,ショート,1,,本木 初江,本木初江,AM,送,自宅,,自宅,自宅退所,,excel_workbook,data/raw/source_excels/アルボース３階入退所予定表.xls,R7.7月,133,right,00096864,2025-07-09,2025-07-17,0,matched_exact
S_dfa1acbd7723d91a,3F,floor_in,2025-07-17,2025-07,木,ショート,1,新,矢野 幸久,矢野幸久,10:30,,自宅,,,,,excel_workbook,data/raw/source_excels/アルボース３階入退所予定表.xls,R7.7月,134,left,00070078,2025-07-17,2025-07-19,0,matched_exact
S_e71dc226a2a142a3,3F,floor_in,2025-07-18,2025-07,金,入所,1,新,吉村 リツ子,吉村リツ子,10:30,,堀江病院,,,,,excel_workbook,data/raw/source_excels/アルボース３階入退所予定表.xls,R7.7月,141,left,00163928,2025-07-18,2026-04-09,0,matched_exact
S_3e388f4e7837086a,3F,floor_out,2025-07-18,2025-07,金,ショート,1,,天童 猛,天童猛,10:00,,自宅,,自宅,自宅退所,,excel_workbook,data/raw/source_excels/アルボース３階入退所予定表.xls,R7.7月,141,right,00088736,2025-07-14,2025-07-18,0,matched_exact
S_f3e1baf95ac2afbf,3F,floor_in,2025-07-19,2025-07,土,ショート,1,,横澤 英子,横澤英子,AM,迎,自宅,,,,,excel_workbook,data/raw/source_excels/アルボース３階入退所予定表.xls,R7.7月,149,left,00107995,2025-07-19,2025-07-26,0,matched_exact
S_bcf5b98419224520,3F,floor_out,2025-07-19,2025-07,土,ショート,1,,矢野 幸久,矢野幸久,10:00,,自宅,,自宅,自宅退所,,excel_workbook,data/raw/source_excels/アルボース３階入退所予定表.xls,R7.7月,149,right,00070078,2025-07-17,2025-07-19,0,matched_exact
S_500518c4defbb686,3F,floor_in,2025-07-19,2025-07,土,ショート,1,,栗原 文子,栗原文子,AM,迎,自宅,,,,,excel_workbook,data/raw/source_excels/アルボース３階入退所予定表.xls,R7.7月,150,left,00083160,2025-07-19,2025-07-22,0,matched_exact
S_5864f7533b386f7c,3F,floor_out,2025-07-19,2025-07,土,ショート,1,,目黒 重夫,目黒重夫,AM,送,自宅,,自宅,自宅退所,,excel_workbook,data/raw/source_excels/アルボース３階入退所予定表.xls,R7.7月,150,right,00102827,2025-07-14,2025-07-19,0,matched_exact
S_a87c14fd3132f051,3F,floor_out,2025-07-19,2025-07,土,ショート,1,,石原 ヨシエ,石原ヨシエ,10:00,,自宅,,自宅,自宅退所,,excel_workbook,data/raw/source_excels/アルボース３階入退所予定表.xls,R7.7月,156,right,00116523,2025-06-23,2025-07-19,0,matched_exact
S_a1b33cf04d86207d,3F,floor_in,2025-07-21,2025-07,月,入所,1,,石原 ヨシエ,石原ヨシエ,10:30,,自宅,,,,,excel_workbook,data/raw/source_excels/アルボース３階入退所予定表.xls,R7.7月,165,left,00116523,2025-07-21,2026-05-31,0,matched_exact
S_0ad4d3afc8f01d8b,3F,floor_in,2025-07-22,2025-07,火,入所,1,,天童 猛,天童猛,10:30,,自宅,,,,,excel_workbook,data/raw/source_excels/アルボース３階入退所予定表.xls,R7.7月,173,left,00088736,2025-07-22,2025-09-13,0,matched_exact
S_9a906807c60fac5b,3F,floor_out,2025-07-22,2025-07,火,ショート,1,,野崎 千代子,野崎千代子,AM,送,自宅,,自宅,自宅退所,,excel_workbook,data/raw/source_excels/アルボース３階入退所予定表.xls,R7.7月,173,right,00113600,2025-07-09,2025-07-22,0,matched_exact
S_519919374dbd4eee,3F,floor_in,2025-07-22,2025-07,火,ショート,1,,大和 米秋,大和米秋,AM,迎,自宅,,,,,excel_workbook,data/raw/source_excels/アルボース３階入退所予定表.xls,R7.7月,174,left,00050154,2025-07-22,2025-07-24,0,matched_exact
S_c2e0427b73013e59,3F,floor_out,2025-07-22,2025-07,火,ショート,1,,栗原 文子,栗原文子,AM,送,自宅,,自宅,自宅退所,,excel_workbook,data/raw/source_excels/アルボース３階入退所予定表.xls,R7.7月,174,right,00083160,2025-07-19,2025-07-22,0,matched_exact
S_f21bb99471e39cf7,3F,floor_out,2025-07-22,2025-07,火,入所,1,,板橋 好子,板橋好子,,,伊勢崎佐波医師会病院,,伊勢崎佐波医師会病院,病院退所,,excel_workbook,data/raw/source_excels/アルボース３階入退所予定表.xls,R7.7月,180,right,00054284,2025-06-18,2025-07-22,0,matched_exact
S_481f099e93ecbe39,3F,floor_in,2025-07-23,2025-07,水,入所,1,新,田邊 稔,田邊稔,10:30,,自宅,,,,,excel_workbook,data/raw/source_excels/アルボース３階入退所予定表.xls,R7.7月,181,left,,,,,not_matched_name_unknown
S_9160de30a5bec89c,3F,floor_in,2025-07-24,2025-07,木,入所,1,,野崎 千代子,野崎千代子,10;:30,,自宅,,,,,excel_workbook,data/raw/source_excels/アルボース３階入退所予定表.xls,R7.7月,189,left,00113600,2025-07-24,2026-05-31,0,matched_exact
S_b0cb2796d617292e,3F,floor_out,2025-07-24,2025-07,木,ショート,1,,大和 米秋,大和米秋,AM,送,自宅,,自宅,自宅退所,,excel_workbook,data/raw/source_excels/アルボース３階入退所予定表.xls,R7.7月,189,right,00050154,2025-07-22,2025-07-24,0,matched_exact
S_a68f7845ec6f6b09,3F,floor_in,2025-07-25,2025-07,金,ショート,1,,目黒 重夫,目黒重夫,AM,迎,自宅,,,,,excel_workbook,data/raw/source_excels/アルボース３階入退所予定表.xls,R7.7月,197,left,00102827,2025-07-25,2025-07-29,0,matched_exact
S_25906dc6e10bffb4,3F,floor_out,2025-07-25,2025-07,金,ショート,1,,齋藤 文子,齋藤文子,AM,送,自宅,,自宅,自宅退所,,excel_workbook,data/raw/source_excels/アルボース３階入退所予定表.xls,R7.7月,197,right,00142228,2025-07-16,2025-07-25,0,matched_exact
S_8f9d38535fc71e1a,3F,floor_out,2025-07-26,2025-07,土,ショート,1,,横澤 英子,横澤英子,AM,送,自宅,,自宅,自宅退所,,excel_workbook,data/raw/source_excels/アルボース３階入退所予定表.xls,R7.7月,205,right,00107995,2025-07-19,2025-07-26,0,matched_exact
S_ab515f22c1934d56,3F,floor_in,2025-07-29,2025-07,火,ショート,1,,齋藤 文子,齋藤文子,AM,迎,自宅,,,,,excel_workbook,data/raw/source_excels/アルボース３階入退所予定表.xls,R7.7月,229,left,00142228,2025-07-29,2025-08-13,0,matched_exact
S_2fb9a8dd01c0d66e,3F,floor_out,2025-07-29,2025-07,火,ショート,1,,目黒 重夫,目黒重夫,AM,送,自宅,,自宅,自宅退所,,excel_workbook,data/raw/source_excels/アルボース３階入退所予定表.xls,R7.7月,229,right,00102827,2025-07-25,2025-07-29,0,matched_exact
S_0f8f019f6985cfc5,3F,floor_in,2025-07-29,2025-07,火,入所,1,,板橋 好子,板橋好子,11:00,,伊勢崎佐波医師会病院,,,,,excel_workbook,data/raw/source_excels/アルボース３階入退所予定表.xls,R7.7月,230,left,00054284,2025-07-29,2026-05-31,0,matched_exact
S_964d904a8c8b4cc5,3F,floor_in,2025-08-01,2025-08,金,ショート,1,,目黒 重夫,目黒重夫,AM,迎,自宅,,,,,excel_workbook,data/raw/source_excels/アルボース３階入退所予定表.xls,R7.8月,5,left,00102827,2025-08-01,2025-08-04,0,matched_exact
S_ccda94b54c577cb3,3F,floor_out,2025-08-01,2025-08,金,ショート,1,,藤田 惠美子,藤田惠美子,AM,送,自宅,,自宅,自宅退所,,excel_workbook,data/raw/source_excels/アルボース３階入退所予定表.xls,R7.8月,5,right,00130963,2025-07-14,2025-08-01,0,matched_exact
S_5ac78c62e7a9da7b,3F,floor_in,2025-08-02,2025-08,土,ショート,1,,栗原 文子,栗原文子,AM,迎,自宅,,,,,excel_workbook,data/raw/source_excels/アルボース３階入退所予定表.xls,R7.8月,13,left,00083160,2025-08-02,2025-08-04,0,matched_exact
S_5dfeb5f802788e2f,3F,floor_in,2025-08-04,2025-08,月,ショート,1,,藤田 惠美子,藤田惠美子,AM,迎,自宅,,,,,excel_workbook,data/raw/source_excels/アルボース３階入退所予定表.xls,R7.8月,29,left,00130963,2025-08-04,2025-08-07,0,matched_exact
S_36925508fa748981,3F,floor_out,2025-08-04,2025-08,月,ショート,1,,目黒 重夫,目黒重夫,AM,送,自宅,,自宅,自宅退所,,excel_workbook,data/raw/source_excels/アルボース３階入退所予定表.xls,R7.8月,29,right,00102827,2025-08-01,2025-08-04,0,matched_exact
S_1347d3d3aa27f7b1,3F,floor_in,2025-08-04,2025-08,月,ショート,1,,横澤 英子,横澤英子,AN,迎,自宅,,,,,excel_workbook,data/raw/source_excels/アルボース３階入退所予定表.xls,R7.8月,30,left,00107995,2025-08-04,2025-08-09,0,matched_exact
S_d61800b0bc00ec8f,3F,floor_out,2025-08-04,2025-08,月,ショート,1,,栗原 文子,栗原文子,AM,送,自宅,,自宅,自宅退所,,excel_workbook,data/raw/source_excels/アルボース３階入退所予定表.xls,R7.8月,30,right,00083160,2025-08-02,2025-08-04,0,matched_exact
S_b6e70f0d54311711,3F,floor_in,2025-08-07,2025-08,木,ショート,1,,目黒 重夫,目黒重夫,AM,迎,自宅,,,,,excel_workbook,data/raw/source_excels/アルボース３階入退所予定表.xls,R7.8月,53,left,00102827,2025-08-07,2025-08-09,0,matched_exact
S_d06b3b9f0aa47e32,3F,floor_out,2025-08-07,2025-08,木,ショート,1,,藤田 惠美子,藤田惠美子,AM,送,自宅,,自宅,自宅退所,,excel_workbook,data/raw/source_excels/アルボース３階入退所予定表.xls,R7.8月,53,right,00130963,2025-08-04,2025-08-07,0,matched_exact
S_f8b3f3d7c62e0b76,3F,floor_in,2025-08-09,2025-08,土,ショート,1,,本木 初江,本木初江,AM,迎,自宅,,,,,excel_workbook,data/raw/source_excels/アルボース３階入退所予定表.xls,R7.8月,69,left,00096864,2025-08-09,2025-08-16,0,matched_exact
S_14f8dda9fdf0de08,3F,floor_out,2025-08-09,2025-08,土,入所,1,,小林 ます子,小林ます子,10:00,,自宅,,自宅,自宅退所,,excel_workbook,data/raw/source_excels/アルボース３階入退所予定表.xls,R7.8月,69,right,00054821,2025-04-01,2025-08-09,0,matched_exact
S_e114fbdedbacae82,3F,floor_in,2025-08-09,2025-08,土,ショート,1,,本山 二郎,本山二郎,10:30,,自宅,,,,,excel_workbook,data/raw/source_excels/アルボース３階入退所予定表.xls,R7.8月,70,left,00081292,2025-08-09,2025-08-13,0,matched_exact
S_59629c3874e05e2d,3F,floor_out,2025-08-09,2025-08,土,ショート,1,,横澤 英子,横澤英子,AM,送,自宅,,自宅,自宅退所,,excel_workbook,data/raw/source_excels/アルボース３階入退所予定表.xls,R7.8月,70,right,00107995,2025-08-04,2025-08-09,0,matched_exact
S_2452a4b069cbcf3e,3F,floor_in,2025-08-09,2025-08,土,ショート,1,,大和 米秋,大和米秋,AM,迎,自宅,,,,,excel_workbook,data/raw/source_excels/アルボース３階入退所予定表.xls,R7.8月,76,left,00050154,2025-08-09,2025-08-11,0,matched_exact
S_5c598eed915c0068,3F,floor_out,2025-08-09,2025-08,土,ショート,1,,目黒 重夫,目黒重夫,AM,送,自宅,,自宅,自宅退所,,excel_workbook,data/raw/source_excels/アルボース３階入退所予定表.xls,R7.8月,76,right,00102827,2025-08-07,2025-08-09,0,matched_exact
S_bd73452373fd052e,3F,floor_in,2025-08-11,2025-08,月,入所,1,,藤田 惠美子,藤田惠美子,10:30,,自宅,,,,,excel_workbook,data/raw/source_excels/アルボース３階入退所予定表.xls,R7.8月,85,left,00130963,2025-08-11,2026-05-31,0,matched_exact
S_ccbd4b4636a7286d,3F,floor_out,2025-08-11,2025-08,月,ショート,1,,大和 米秋,大和米秋,10:00,,自宅,,自宅,自宅退所,,excel_workbook,data/raw/source_excels/アルボース３階入退所予定表.xls,R7.8月,85,right,00050154,2025-08-09,2025-08-11,0,matched_exact
S_5c739aa003712d91,3F,floor_out,2025-08-13,2025-08,水,ショート,1,,齋藤 文子,齋藤文子,AM,送,自宅,,自宅,自宅退所,,excel_workbook,data/raw/source_excels/アルボース３階入退所予定表.xls,R7.8月,101,right,00142228,2025-07-29,2025-08-13,0,matched_exact
S_58753daef2c25938,3F,floor_in,2025-08-13,2025-08,水,ショート,1,,目黒 重夫,目黒重夫,AM,迎,自宅,,,,,excel_workbook,data/raw/source_excels/アルボース３階入退所予定表.xls,R7.8月,102,left,00102827,2025-08-13,2025-08-20,0,matched_exact
S_234d02d7f63bde71,3F,floor_out,2025-08-13,2025-08,水,ショート,1,,本山 二郎,本山二郎,10:00,,自宅,,自宅,自宅退所,,excel_workbook,data/raw/source_excels/アルボース３階入退所予定表.xls,R7.8月,102,right,00081292,2025-08-09,2025-08-13,0,matched_exact
S_f11a41b69d2b50d2,3F,floor_in,2025-08-13,2025-08,水,ショート,1,,菊池 二三男,菊池二三男,AM,迎,自宅,,,,,excel_workbook,data/raw/source_excels/アルボース３階入退所予定表.xls,R7.8月,108,left,00141670,2025-08-13,2025-08-16,0,matched_exact
S_356d8f5c07572b9e,3F,floor_in,2025-08-14,2025-08,木,ショート,1,,横澤 英子,横澤英子,AM,迎,自宅,,,,,excel_workbook,data/raw/source_excels/アルボース３階入退所予定表.xls,R7.8月,109,left,00107995,2025-08-14,2025-08-18,0,matched_exact
S_11ee2754c916158b,3F,floor_out,2025-08-14,2025-08,木,入所,1,,矢内 正,矢内正,10:00,,自宅,,自宅,自宅退所,,excel_workbook,data/raw/source_excels/アルボース３階入退所予定表.xls,R7.8月,109,right,00059906,2025-04-01,2025-08-14,0,matched_exact
S_b248cb858aae9877,3F,floor_in,2025-08-16,2025-08,土,ショート,1,,小林 ます子,小林ます子,10:30,,自宅,,,,,excel_workbook,data/raw/source_excels/アルボース３階入退所予定表.xls,R7.8月,125,left,00054821,2025-08-16,2025-09-06,0,matched_exact
S_fbc22c4e032daa87,3F,floor_out,2025-08-16,2025-08,土,ショート,1,,本木 初江,本木初江,AM,送,自宅,,自宅,自宅退所,,excel_workbook,data/raw/source_excels/アルボース３階入退所予定表.xls,R7.8月,125,right,00096864,2025-08-09,2025-08-16,0,matched_exact
S_1c34932c1227d7be,3F,floor_out,2025-08-16,2025-08,土,ショート,1,,菊池 二三男,菊池二三男,AM,送,自宅,,自宅,自宅退所,,excel_workbook,data/raw/source_excels/アルボース３階入退所予定表.xls,R7.8月,126,right,00141670,2025-08-13,2025-08-16,0,matched_exact
S_32d70407b25ea5e2,3F,floor_in,2025-08-18,2025-08,月,入所,1,,齋藤 文子,齋藤文子,10:30,,自宅,,,,,excel_workbook,data/raw/source_excels/アルボース３階入退所予定表.xls,R7.8月,141,left,00142228,2025-08-18,2025-10-02,0,matched_exact
S_fc490adc845ef8a3,3F,floor_out,2025-08-18,2025-08,月,ショート,1,,横澤 英子,横澤英子,AM,送,自宅,,自宅,自宅退所,,excel_workbook,data/raw/source_excels/アルボース３階入退所予定表.xls,R7.8月,141,right,00107995,2025-08-14,2025-08-18,0,matched_exact
S_2744c935896b8a75,3F,floor_in,2025-08-18,2025-08,月,ショート,1,,本山 二郎,本山二郎,10:30,,自宅,,,,,excel_workbook,data/raw/source_excels/アルボース３階入退所予定表.xls,R7.8月,142,left,00081292,2025-08-18,2025-08-20,0,matched_exact
S_f3f31cab3f59aea7,3F,floor_in,2025-08-20,2025-08,水,ショート,1,新,諏訪 政子,諏訪政子,AM,迎,自宅,,,,,excel_workbook,data/raw/source_excels/アルボース３階入退所予定表.xls,R7.8月,157,left,00135983,2025-08-20,2025-08-22,0,matched_exact
S_b9a43fd4c29b3656,3F,floor_out,2025-08-20,2025-08,水,ショート,1,,本山 二郎,本山二郎,10:00,,自宅,,自宅,自宅退所,,excel_workbook,data/raw/source_excels/アルボース３階入退所予定表.xls,R7.8月,157,right,00081292,2025-08-18,2025-08-20,0,matched_exact
S_fd9c0a4f384aa18b,3F,floor_in,2025-08-20,2025-08,水,ショート,1,,栗原 文子,栗原文子,AM,迎,自宅,,,,,excel_workbook,data/raw/source_excels/アルボース３階入退所予定表.xls,R7.8月,158,left,00083160,2025-08-20,2025-08-23,0,matched_exact
S_42020eaf55893083,3F,floor_out,2025-08-20,2025-08,水,ショート,1,,目黒 重夫,目黒重夫,AM,送,自宅,,自宅,自宅退所,,excel_workbook,data/raw/source_excels/アルボース３階入退所予定表.xls,R7.8月,158,right,00102827,2025-08-13,2025-08-20,0,matched_exact
S_0f9ee1a634a7fd83,3F,floor_in,2025-08-22,2025-08,金,ショート,1,,五十嵐 秀夫,五十嵐秀夫,10:30,,自宅,,,,,excel_workbook,data/raw/source_excels/アルボース３階入退所予定表.xls,R7.8月,173,left,00152259,2025-08-22,2025-08-24,0,matched_exact
S_6120104c7e412ba9,3F,floor_out,2025-08-22,2025-08,金,ショート,1,,諏訪 政子,諏訪政子,AM,送,自宅,,自宅,自宅退所,,excel_workbook,data/raw/source_excels/アルボース３階入退所予定表.xls,R7.8月,173,right,00135983,2025-08-20,2025-08-22,0,matched_exact
S_84bc61c3a8ab35e5,3F,floor_in,2025-08-23,2025-08,土,ショート,1,,横澤 英子,横澤英子,AM,迎,自宅,,,,,excel_workbook,data/raw/source_excels/アルボース３階入退所予定表.xls,R7.8月,181,left,00107995,2025-08-23,2025-08-27,0,matched_exact
S_a7bbaa0aaa3f2619,3F,floor_out,2025-08-23,2025-08,土,ショート,1,,栗原 文子,栗原文子,AM,送,自宅,,自宅,自宅退所,,excel_workbook,data/raw/source_excels/アルボース３階入退所予定表.xls,R7.8月,181,right,00083160,2025-08-20,2025-08-23,0,matched_exact
S_e7c8bee91d3c6dc0,3F,floor_out,2025-08-24,2025-08,日,ショート,1,,五十嵐 秀夫,五十嵐秀夫,10:00,,自宅,,自宅,自宅退所,,excel_workbook,data/raw/source_excels/アルボース３階入退所予定表.xls,R7.8月,189,right,00152259,2025-08-22,2025-08-24,0,matched_exact
S_3781d2058ddef0d9,3F,floor_in,2025-08-25,2025-08,月,入所,1,新,及川 房子,及川房子,10:30,,小規模多機能「日の出」,,,,,excel_workbook,data/raw/source_excels/アルボース３階入退所予定表.xls,R7.8月,197,left,00163923,2025-08-25,2026-01-31,0,matched_exact
S_cc0b7a8b026b6e28,3F,floor_in,2025-08-27,2025-08,水,ショート,1,,目黒 重夫,目黒重夫,AM,迎,自宅,,,,,excel_workbook,data/raw/source_excels/アルボース３階入退所予定表.xls,R7.8月,213,left,00102827,2025-08-27,2025-08-29,0,matched_exact
S_abf495f1129e8284,3F,floor_out,2025-08-27,2025-08,水,ショート,1,,横澤 英子,横澤英子,AM,送,自宅,,自宅,自宅退所,,excel_workbook,data/raw/source_excels/アルボース３階入退所予定表.xls,R7.8月,213,right,00107995,2025-08-23,2025-08-27,0,matched_exact
S_61bd04d102252d01,3F,floor_in,2025-08-29,2025-08,金,ショート,1,,栗原 文子,栗原文子,AM,迎え,自宅,,,,,excel_workbook,data/raw/source_excels/アルボース３階入退所予定表.xls,R7.8月,229,left,00083160,2025-08-29,2025-09-01,0,matched_exact
S_cff3be69398a5f9b,3F,floor_out,2025-08-29,2025-08,金,ショート,1,,目黒 重夫,目黒重夫,AM,送,自宅,,自宅,自宅退所,,excel_workbook,data/raw/source_excels/アルボース３階入退所予定表.xls,R7.8月,229,right,00102827,2025-08-27,2025-08-29,0,matched_exact
S_0f73e615816a1ca4,3F,floor_in,2025-08-29,2025-08,金,ショート,1,,本山 二郎,本山二郎,10:30,,自宅,,,,,excel_workbook,data/raw/source_excels/アルボース３階入退所予定表.xls,R7.8月,230,left,00081292,2025-08-29,2025-09-05,0,matched_exact
S_1e89da1e15c448db,3F,floor_out,2025-08-29,2025-08,金,入所,1,,淸水 フミ,淸水フミ,10:00,,自宅,介護タクシー,自宅,自宅退所,,excel_workbook,data/raw/source_excels/アルボース３階入退所予定表.xls,R7.8月,230,right,,,,,not_matched_name_unknown
S_2a638abac08f4f58,3F,floor_out,2025-09-01,2025-09,月,ショート,1,,栗原 文子,栗原文子,AM,送,自宅,,自宅,自宅退所,,excel_workbook,data/raw/source_excels/アルボース３階入退所予定表.xls,R7.9月,5,right,00083160,2025-08-29,2025-09-01,0,matched_exact
S_1b1905abc63baf19,3F,floor_in,2025-09-04,2025-09,木,ショート,1,,横澤 英子,横澤英子,AM,迎,自宅,,,,,excel_workbook,data/raw/source_excels/アルボース３階入退所予定表.xls,R7.9月,29,left,00107995,2025-09-04,2025-09-11,0,matched_exact
S_26da1880421c4cff,3F,floor_in,2025-09-05,2025-09,金,ショート,1,,目黒 重夫,目黒重夫,AM,迎,自宅,,,,,excel_workbook,data/raw/source_excels/アルボース３階入退所予定表.xls,R7.9月,37,left,00102827,2025-09-05,2025-09-09,0,matched_exact
S_1793d695df4d9ff0,3F,floor_out,2025-09-05,2025-09,金,入所,1,,大山 岩雄,大山岩雄,10:00,,,ロータスヴィレッジ,,,,excel_workbook,data/raw/source_excels/アルボース３階入退所予定表.xls,R7.9月,37,right,00066541,2025-04-01,2025-09-05,0,matched_exact
S_170d3bb3ebe443e1,3F,floor_in,2025-09-05,2025-09,金,ショート,1,,大和 米秋,大和米秋,AM,迎,自宅,,,,,excel_workbook,data/raw/source_excels/アルボース３階入退所予定表.xls,R7.9月,38,left,00050154,2025-09-05,2025-09-07,0,matched_exact
S_f8691ef82d4c9393,3F,floor_out,2025-09-05,2025-09,金,ショート,1,,本山 二郎,本山二郎,10:00,,自宅,,自宅,自宅退所,,excel_workbook,data/raw/source_excels/アルボース３階入退所予定表.xls,R7.9月,38,right,00081292,2025-08-29,2025-09-05,0,matched_exact
S_0d64b3ddf299c69c,3F,floor_in,2025-09-06,2025-09,土,ショート,1,新,木暮 禮子,木暮禮子,15:30,,自宅,緊急、家族送迎,,,,excel_workbook,data/raw/source_excels/アルボース３階入退所予定表.xls,R7.9月,45,left,00142443,2025-09-06,2025-09-08,0,matched_exact
S_e20416a5b4864701,3F,floor_out,2025-09-06,2025-09,土,ショート,1,,小林 ます子,小林ます子,AM,送,自宅,,自宅,自宅退所,,excel_workbook,data/raw/source_excels/アルボース３階入退所予定表.xls,R7.9月,45,right,00054821,2025-08-16,2025-09-06,0,matched_exact
S_b3ad40ed071727c0,3F,floor_out,2025-09-06,2025-09,土,入所,1,,根岸 克彦,根岸克彦,08:59,,死去,,死亡,死亡退所,死亡退所,excel_workbook,data/raw/source_excels/アルボース３階入退所予定表.xls,R7.9月,46,right,00072267,2025-04-01,2025-09-06,0,matched_exact
S_29878302bfa3e00b,3F,floor_out,2025-09-07,2025-09,日,ショート,1,,大和 米秋,大和米秋,10:00,,自宅,,自宅,自宅退所,,excel_workbook,data/raw/source_excels/アルボース３階入退所予定表.xls,R7.9月,53,right,00050154,2025-09-05,2025-09-07,0,matched_exact
S_2834788503648a23,3F,floor_out,2025-09-08,2025-09,月,ショート,1,,木暮 禮子,木暮禮子,10:00,,自宅,家族送迎,自宅,自宅退所,,excel_workbook,data/raw/source_excels/アルボース３階入退所予定表.xls,R7.9月,61,right,00142443,2025-09-06,2025-09-08,0,matched_exact
S_707f4b2a7f0f9342,3F,floor_in,2025-09-08,2025-09,月,ショート,1,,本木 初江,本木初江,AM,迎,自宅,,,,,excel_workbook,data/raw/source_excels/アルボース３階入退所予定表.xls,R7.9月,62,left,00096864,2025-09-08,2025-09-17,0,matched_exact
S_6d1d86fab2391cc0,3F,floor_out,2025-09-09,2025-09,火,ショート,1,,目黒 重夫,目黒重夫,AM,送,自宅,,自宅,自宅退所,,excel_workbook,data/raw/source_excels/アルボース３階入退所予定表.xls,R7.9月,69,right,00102827,2025-09-05,2025-09-09,0,matched_exact
S_b84d6722f53bbb01,3F,floor_in,2025-09-09,2025-09,火,入所,1,新,真下 ひで子,真下ひで子,10:30,,自宅,,,,,excel_workbook,data/raw/source_excels/アルボース３階入退所予定表.xls,R7.9月,70,left,00164488,2025-09-09,2026-05-31,0,matched_exact
S_f59ab33cdf6e40c0,3F,floor_in,2025-09-10,2025-09,水,ショート,1,,本山 二郎,本山二郎,10:30,,自宅,,,,,excel_workbook,data/raw/source_excels/アルボース３階入退所予定表.xls,R7.9月,77,left,00081292,2025-09-10,2025-09-13,0,matched_exact
S_a70380a2af7d8d17,3F,floor_in,2025-09-11,2025-09,木,入所,1,新,監物 勝善,監物勝善,10:30,,自宅,,,,,excel_workbook,data/raw/source_excels/アルボース３階入退所予定表.xls,R7.9月,85,left,00077047,2025-09-11,2026-05-31,0,matched_exact
S_1bed6bbade0d6a81,3F,floor_out,2025-09-11,2025-09,木,ショート,1,,横澤 英子,横澤英子,AM,送,自宅,,自宅,自宅退所,,excel_workbook,data/raw/source_excels/アルボース３階入退所予定表.xls,R7.9月,85,right,00107995,2025-09-04,2025-09-11,0,matched_exact
S_ac18fcc2b1e53e1a,3F,floor_out,2025-09-11,2025-09,木,入所,1,,齋藤 宗之助,齋藤宗之助,14:07,,死去,,死亡,死亡退所,死亡退所,excel_workbook,data/raw/source_excels/アルボース３階入退所予定表.xls,R7.9月,86,right,00099724,2025-04-01,2025-09-11,0,matched_exact
S_4ee40381414a8179,3F,floor_in,2025-09-12,2025-09,金,ショート,1,,栗原 文子,栗原文子,AM,迎,自宅,,,,,excel_workbook,data/raw/source_excels/アルボース３階入退所予定表.xls,R7.9月,93,left,00083160,2025-09-12,2025-09-20,0,matched_exact
S_46279ad50c81a00b,3F,floor_out,2025-09-12,2025-09,金,転棟,1,,小林 壯吉,小林壯吉,AM,,2F,,2F,施設内移動,,excel_workbook,data/raw/source_excels/アルボース３階入退所予定表.xls,R7.9月,93,right,00028545,2025-06-11,2025-09-11,-1,matched_within_tolerance
S_8ca4dca10bdf758c,3F,floor_in,2025-09-12,2025-09,金,入所,1,,菊池 二三男,菊池二三男,9:30~,,自宅,,,,,excel_workbook,data/raw/source_excels/アルボース３階入退所予定表.xls,R7.9月,94,left,00141670,2025-09-12,2025-10-27,0,matched_exact
S_8982c016811e1749,3F,floor_in,2025-09-13,2025-09,土,入所,1,,小林 ます子,小林ます子,10:30,,自宅,,,,,excel_workbook,data/raw/source_excels/アルボース３階入退所予定表.xls,R7.9月,101,left,00054821,2025-09-13,2026-03-21,0,matched_exact
S_a1d782fff5072264,3F,floor_out,2025-09-13,2025-09,土,ショート,1,,本山 二郎,本山二郎,10:00,,自宅,,自宅,自宅退所,,excel_workbook,data/raw/source_excels/アルボース３階入退所予定表.xls,R7.9月,101,right,00081292,2025-09-10,2025-09-13,0,matched_exact
S_041f85665294a445,3F,floor_in,2025-09-13,2025-09,土,ショート,1,,目黒 重夫,目黒重夫,AM,迎,自宅,,,,,excel_workbook,data/raw/source_excels/アルボース３階入退所予定表.xls,R7.9月,102,left,00102827,2025-09-13,2025-09-20,0,matched_exact
S_d7da6bf6d2597b42,3F,floor_out,2025-09-13,2025-09,土,入所,1,,天童 猛,天童猛,10:00,,自宅,,自宅,自宅退所,,excel_workbook,data/raw/source_excels/アルボース３階入退所予定表.xls,R7.9月,102,right,00088736,2025-07-22,2025-09-13,0,matched_exact
S_fa487d93d4665b3a,3F,floor_in,2025-09-17,2025-09,水,入所,1,,矢野 幸久,矢野幸久,10:30,,自宅,,,,,excel_workbook,data/raw/source_excels/アルボース３階入退所予定表.xls,R7.9月,133,left,00070078,2025-09-17,2025-10-21,0,matched_exact
S_083327fe5f5ee702,3F,floor_out,2025-09-17,2025-09,水,ショート,1,,本木 初江,本木初江,AM,送,自宅,,自宅,自宅退所,,excel_workbook,data/raw/source_excels/アルボース３階入退所予定表.xls,R7.9月,133,right,00096864,2025-09-08,2025-09-17,0,matched_exact
S_b05cbc6ae1336ca8,3F,floor_in,2025-09-20,2025-09,土,入所,1,,本山 二郎,本山二郎,10:30,,自宅,,,,,excel_workbook,data/raw/source_excels/アルボース３階入退所予定表.xls,R7.9月,157,left,00081292,2025-09-20,2026-05-31,0,matched_exact
S_60f6c49e5a949e9a,3F,floor_out,2025-09-20,2025-09,土,ショート,1,,栗原 文子,栗原文子,AM,送,自宅,,自宅,自宅退所,,excel_workbook,data/raw/source_excels/アルボース３階入退所予定表.xls,R7.9月,157,right,00083160,2025-09-12,2025-09-20,0,matched_exact
S_5b663172c162a935,3F,floor_in,2025-09-20,2025-09,土,ショート,1,,矢内 弘司,矢内弘司,10:30,,自宅,,,,,excel_workbook,data/raw/source_excels/アルボース３階入退所予定表.xls,R7.9月,158,left,00108883,2025-09-20,2025-09-22,0,matched_exact
S_8972ce28a8b01d98,3F,floor_out,2025-09-20,2025-09,土,ショート,1,,目黒 重夫,目黒重夫,AM,送,自宅,,自宅,自宅退所,,excel_workbook,data/raw/source_excels/アルボース３階入退所予定表.xls,R7.9月,158,right,00102827,2025-09-13,2025-09-20,0,matched_exact
S_98449ebf12a19f7d,3F,floor_in,2025-09-20,2025-09,土,ショート,1,,横澤 英子,横澤英子,AM,迎,自宅,,,,,excel_workbook,data/raw/source_excels/アルボース３階入退所予定表.xls,R7.9月,159,left,00107995,2025-09-20,2025-09-29,0,matched_exact
S_e0bfb342fbe7c6e2,3F,floor_out,2025-09-22,2025-09,月,ショート,1,,矢内 弘司,矢内弘司,15:30,,自宅,,自宅,自宅退所,,excel_workbook,data/raw/source_excels/アルボース３階入退所予定表.xls,R7.9月,163,right,00108883,2025-09-20,2025-09-22,0,matched_exact
S_aefb517d2b10c15a,3F,floor_in,2025-09-23,2025-09,火,ショート,1,,大和 米秋,大和米秋,10:30,,自宅,,,,,excel_workbook,data/raw/source_excels/アルボース３階入退所予定表.xls,R7.9月,171,left,00050154,2025-09-23,2025-09-24,0,matched_exact
S_20ebca1c84079a6e,3F,floor_in,2025-09-24,2025-09,水,ショート,1,,目黒 重夫,目黒重夫,AM,迎,自宅,,,,,excel_workbook,data/raw/source_excels/アルボース３階入退所予定表.xls,R7.9月,179,left,00102827,2025-09-24,2025-09-27,0,matched_exact
S_7e39be6f2cf0b895,3F,floor_out,2025-09-24,2025-09,水,ショート,1,,大和 米秋,大和米秋,AM,送,自宅,,自宅,自宅退所,,excel_workbook,data/raw/source_excels/アルボース３階入退所予定表.xls,R7.9月,179,right,00050154,2025-09-23,2025-09-24,0,matched_exact
S_ce5fcd0a2daf88a7,3F,floor_in,2025-09-27,2025-09,土,ショート,1,,栗原 文子,栗原文子,AM,迎,自宅,,,,,excel_workbook,data/raw/source_excels/アルボース３階入退所予定表.xls,R7.9月,203,left,00083160,2025-09-27,2025-10-04,0,matched_exact
S_7ea1d917c70b3026,3F,floor_out,2025-09-27,2025-09,土,ショート,1,,目黒 重夫,目黒重夫,AM,送,自宅,,自宅,自宅退所,,excel_workbook,data/raw/source_excels/アルボース３階入退所予定表.xls,R7.9月,203,right,00102827,2025-09-24,2025-09-27,0,matched_exact
S_77f2acd6380a7388,3F,floor_in,2025-09-29,2025-09,月,ショート,1,,天童 猛,天童猛,10:30,,自宅,,,,,excel_workbook,data/raw/source_excels/アルボース３階入退所予定表.xls,R7.9月,219,left,00088736,2025-09-29,2025-10-04,0,matched_exact
S_a281b991661caa0e,3F,floor_out,2025-09-29,2025-09,月,ショート,1,,横澤 英子,横澤英子,AM,送,自宅,,自宅,自宅退所,,excel_workbook,data/raw/source_excels/アルボース３階入退所予定表.xls,R7.9月,219,right,00107995,2025-09-20,2025-09-29,0,matched_exact
S_f222722f15f95b11,3F,floor_out,2025-10-02,2025-10,木,入所,1,,齊藤 文子,齊藤文子,10:00,,自宅,介護タクシー,自宅,自宅退所,,excel_workbook,data/raw/source_excels/アルボース３階入退所予定表.xls,R7.10月,13,right,00142228,2025-08-18,2025-10-02,0,matched_boundary_only_name_mismatch
S_4866cb6a117c33fd,3F,floor_in,2025-10-03,2025-10,金,ショート,1,,目黒 重夫,目黒重夫,AM,迎,自宅,,,,,excel_workbook,data/raw/source_excels/アルボース３階入退所予定表.xls,R7.10月,21,left,00102827,2025-10-03,2025-10-07,0,matched_exact
S_ff1f2187963ca295,3F,floor_in,2025-10-04,2025-10,土,ショート,1,,横澤 英子,横澤英子,AM,迎,自宅,,,,,excel_workbook,data/raw/source_excels/アルボース３階入退所予定表.xls,R7.10月,29,left,00107995,2025-10-04,2025-10-23,0,matched_exact
S_191f8ba7cd765c8e,3F,floor_out,2025-10-04,2025-10,土,ショート,1,,天童 猛,天童猛,10:00,,自宅,,自宅,自宅退所,,excel_workbook,data/raw/source_excels/アルボース３階入退所予定表.xls,R7.10月,29,right,00088736,2025-09-29,2025-10-04,0,matched_exact
S_e47932414c14e93d,3F,floor_in,2025-10-04,2025-10,土,ショート,1,,本木 初江,本木初江,AM,迎,自宅,,,,,excel_workbook,data/raw/source_excels/アルボース３階入退所予定表.xls,R7.10月,30,left,00096864,2025-10-04,2025-10-14,0,matched_exact
S_8b1c80264dc50c78,3F,floor_out,2025-10-04,2025-10,土,ショート,1,,栗原 文子,栗原文子,AM,送,自宅,,自宅,自宅退所,,excel_workbook,data/raw/source_excels/アルボース３階入退所予定表.xls,R7.10月,30,right,00083160,2025-09-27,2025-10-04,0,matched_exact
S_8731345dd9f42233,3F,floor_out,2025-10-07,2025-10,火,ショート,1,,目黒 重夫,目黒重夫,AM,送,自宅,,自宅,自宅退所,,excel_workbook,data/raw/source_excels/アルボース３階入退所予定表.xls,R7.10月,53,right,00102827,2025-10-03,2025-10-07,0,matched_exact
S_8a41103f0de2d046,3F,floor_in,2025-10-08,2025-10,水,ショート,1,,齊藤 文子,齊藤文子,AM,迎,自宅,,,,,excel_workbook,data/raw/source_excels/アルボース３階入退所予定表.xls,R7.10月,61,left,,,,,not_matched_name_unknown
S_e180a8945b9e465e,3F,floor_in,2025-10-09,2025-10,木,入所,1,,大出 文代,大出文代,10:30,,石井HP,,,,,excel_workbook,data/raw/source_excels/アルボース３階入退所予定表.xls,R7.10月,69,left,00094866,2025-10-09,2026-05-31,0,matched_exact
S_940261d1acd57149,3F,floor_out,2025-10-09,2025-10,木,ショート,1,,齊藤 文子,齊藤文子,AM,,2F,,2F,施設内移動,,excel_workbook,data/raw/source_excels/アルボース３階入退所予定表.xls,R7.10月,69,right,,,,,not_matched_name_unknown
S_fffd4aad474a87de,3F,floor_in,2025-10-10,2025-10,金,ショート,1,,齊藤 文子,齊藤文子,AM,,3F,,,,,excel_workbook,data/raw/source_excels/アルボース３階入退所予定表.xls,R7.10月,77,left,,,,,not_matched_name_unknown
S_77dc6ab3c8d190d3,3F,floor_out,2025-10-10,2025-10,金,入所,1,,山岸 君代,山岸君代,10:00,,自宅,,自宅,自宅退所,,excel_workbook,data/raw/source_excels/アルボース３階入退所予定表.xls,R7.10月,77,right,00137071,2025-04-25,2025-10-10,0,matched_exact
S_b86de9c891dd06b4,3F,floor_in,2025-10-14,2025-10,火,ショート,1,,目黒 重夫,目黒重夫,AM,迎,自宅,,,,,excel_workbook,data/raw/source_excels/アルボース３階入退所予定表.xls,R7.10月,109,left,00102827,2025-10-14,2025-12-09,0,matched_exact
S_0aff23dffb115552,3F,floor_out,2025-10-14,2025-10,火,ショート,1,,本木 初江,本木初江,AM,送,自宅,,自宅,自宅退所,,excel_workbook,data/raw/source_excels/アルボース３階入退所予定表.xls,R7.10月,109,right,00096864,2025-10-04,2025-10-14,0,matched_exact
S_dd4ef3ce41a96fbf,3F,floor_in,2025-10-14,2025-10,火,ショート,1,,栗原 文子,栗原文子,AM,迎,自宅,,,,,excel_workbook,data/raw/source_excels/アルボース３階入退所予定表.xls,R7.10月,110,left,00083160,2025-10-14,2025-10-21,0,matched_exact
S_95ba9c16280be223,3F,floor_out,2025-10-14,2025-10,火,入所,1,,小川 ハツエ,小川ハツエ,10:00,,自宅,,自宅,自宅退所,,excel_workbook,data/raw/source_excels/アルボース３階入退所予定表.xls,R7.10月,110,right,00163816,2025-07-10,2025-10-14,0,matched_exact
S_09abc2d5b5a35161,3F,floor_out,2025-10-14,2025-10,火,入所,1,,町田 ふみ枝,町田ふみ枝,08:58,,死去,,死亡,死亡退所,死亡退所,excel_workbook,data/raw/source_excels/アルボース３階入退所予定表.xls,R7.10月,111,right,00089244,2025-06-18,2025-10-14,0,matched_exact
S_fcd9a8f261a64523,3F,floor_out,2025-10-17,2025-10,金,ショート,1,,齊藤 文子,齊藤文子,AM,送,自宅,,自宅,自宅退所,,excel_workbook,data/raw/source_excels/アルボース３階入退所予定表.xls,R7.10月,133,right,00142228,2025-10-10,2025-10-17,0,matched_boundary_only_name_mismatch
S_f338a0abeec53e40,3F,floor_in,2025-10-21,2025-10,火,ショート,1,,山岸 君代,山岸君代,AM,,2F,,,,,excel_workbook,data/raw/source_excels/アルボース３階入退所予定表.xls,R7.10月,165,left,00137071,2025-10-21,2025-11-01,0,matched_exact
S_524b840883874f3f,3F,floor_out,2025-10-21,2025-10,火,ショート,1,,栗原 文子,栗原文子,AM,送,自宅,,自宅,自宅退所,,excel_workbook,data/raw/source_excels/アルボース３階入退所予定表.xls,R7.10月,165,right,00083160,2025-10-14,2025-10-21,0,matched_exact
S_6ad009379265ee72,3F,floor_out,2025-10-21,2025-10,火,入所,1,,矢野 幸久,矢野幸久,10:00,,自宅,家族送迎,自宅,自宅退所,,excel_workbook,data/raw/source_excels/アルボース３階入退所予定表.xls,R7.10月,166,right,00070078,2025-09-17,2025-10-21,0,matched_exact
S_e5480a70c76c6106,3F,floor_in,2025-10-22,2025-10,水,ショート,1,,鯉登 和子,鯉登和子,AM,迎,自宅,,,,,excel_workbook,data/raw/source_excels/アルボース３階入退所予定表.xls,R7.10月,173,left,00082806,2025-10-22,2025-10-31,0,matched_exact
S_fb4c87d433ead2fe,3F,floor_out,2025-10-22,2025-10,水,ショート,1,,目黒 重夫,目黒重夫,,,,書類上,,ショート終了,,excel_workbook,data/raw/source_excels/アルボース３階入退所予定表.xls,R7.10月,173,right,00102827,2025-10-03,2025-10-07,-15,not_matched_boundary_mismatch
S_090739d2567b2c72,3F,floor_in,2025-10-23,2025-10,木,入所,1,,目黒 重夫,目黒重夫,,,,書類上(入所切替),,,,excel_workbook,data/raw/source_excels/アルボース３階入退所予定表.xls,R7.10月,181,left,00102827,2025-10-14,2025-12-09,-9,not_matched_boundary_mismatch
S_2449d7efc30945ec,3F,floor_out,2025-10-23,2025-10,木,ショート,1,,横澤 英子,横澤英子,AM,送,自宅,,自宅,自宅退所,,excel_workbook,data/raw/source_excels/アルボース３階入退所予定表.xls,R7.10月,182,right,00107995,2025-10-04,2025-10-23,0,matched_exact
S_6c0be30e38504923,3F,floor_in,2025-10-24,2025-10,金,ショート,1,,齊藤 文子,齊藤文子,AM,迎,自宅,,,,,excel_workbook,data/raw/source_excels/アルボース３階入退所予定表.xls,R7.10月,189,left,00142228,2025-10-24,2025-11-04,0,matched_boundary_only_name_mismatch
S_785a668ceccba688,3F,floor_out,2025-10-27,2025-10,月,入所,1,,菊池 二三男,菊池二三男,10:00,,住宅型有料「優楽舎」,,住宅型有料「優楽舎」,施設退所,施設退所,excel_workbook,data/raw/source_excels/アルボース３階入退所予定表.xls,R7.10月,213,right,00141670,2025-09-12,2025-10-27,0,matched_exact
S_bf1257d133fc5e40,3F,floor_out,2025-10-31,2025-10,金,ショート,1,,鯉登 和子,鯉登和子,AM,,2F,入所切替,2F,施設内移動,,excel_workbook,data/raw/source_excels/アルボース３階入退所予定表.xls,R7.10月,245,right,00082806,2025-10-22,2025-10-31,0,matched_exact
S_988f5677069ae726,3F,floor_in,2025-11-01,2025-11,土,ショート,1,,栗原 文子,栗原文子,AM,迎,自宅,,,,,excel_workbook,data/raw/source_excels/アルボース３階入退所予定表.xls,R7.11月,5,left,00083160,2025-11-01,2025-11-10,0,matched_exact
S_f97a9542b563b686,3F,floor_out,2025-11-01,2025-11,土,ショート,1,,山岸 君代,山岸君代,10:00,家族,自宅,,自宅,自宅退所,,excel_workbook,data/raw/source_excels/アルボース３階入退所予定表.xls,R7.11月,5,right,00137071,2025-10-21,2025-11-01,0,matched_exact
S_181d89e4a4d34c3a,3F,floor_in,2025-11-01,2025-11,土,ショート,1,,横澤 英子,横澤英子,AM,迎,自宅,,,,,excel_workbook,data/raw/source_excels/アルボース３階入退所予定表.xls,R7.11月,6,left,00107995,2025-11-01,2025-11-08,0,matched_exact
S_49878001ebbfd8ef,3F,floor_in,2025-11-03,2025-11,月,ショート,1,,山岸 君代,山岸君代,10:30,家族,自宅,,,,,excel_workbook,data/raw/source_excels/アルボース３階入退所予定表.xls,R7.11月,21,left,00137071,2025-11-03,2025-11-14,0,matched_exact
S_d612f94f5da28d09,3F,floor_in,2025-11-04,2025-11,火,入所,1,,金子 稔,金子稔,AM,,ユニット,,,,,excel_workbook,data/raw/source_excels/アルボース３階入退所予定表.xls,R7.11月,29,left,00160020,2025-11-04,2026-05-31,0,matched_exact
S_e32f491eb233169f,3F,floor_out,2025-11-04,2025-11,火,ショート,1,,齋籐 文子,齋籐文子,AM,送,自宅,,自宅,自宅退所,,excel_workbook,data/raw/source_excels/アルボース３階入退所予定表.xls,R7.11月,29,right,00142228,2025-10-24,2025-11-04,0,matched_boundary_only_name_mismatch
S_926542e910970135,3F,floor_in,2025-11-05,2025-11,水,入所,1,新,澁川 則明,澁川則明,14:00,家族,自宅,,,,,excel_workbook,data/raw/source_excels/アルボース３階入退所予定表.xls,R7.11月,37,left,00009045,2025-11-05,2026-05-31,0,matched_exact
S_9aa749a6c2c2e98f,3F,floor_in,2025-11-06,2025-11,木,入所,1,新,矢内 辰男,矢内辰男,10:30,,併設Hsp,,,,,excel_workbook,data/raw/source_excels/アルボース３階入退所予定表.xls,R7.11月,45,left,00045762,2025-11-06,2025-11-11,0,matched_exact
S_6a72d465faea3ad9,3F,floor_out,2025-11-08,2025-11,土,ショート,1,,横澤 英子,横澤英子,AM,送,自宅,,自宅,自宅退所,,excel_workbook,data/raw/source_excels/アルボース３階入退所予定表.xls,R7.11月,61,right,00107995,2025-11-01,2025-11-08,0,matched_exact
S_7a70e9f9182e91e6,3F,floor_in,2025-11-10,2025-11,月,ショート,1,,齋籐 文子,齋籐文子,AM,迎,自宅,,,,,excel_workbook,data/raw/source_excels/アルボース３階入退所予定表.xls,R7.11月,77,left,,,,,not_matched_name_unknown
S_8fa4d6258f520698,3F,floor_out,2025-11-10,2025-11,月,ショート,1,,栗原 文子,栗原文子,AM,送,自宅,,自宅,自宅退所,,excel_workbook,data/raw/source_excels/アルボース３階入退所予定表.xls,R7.11月,77,right,00083160,2025-11-01,2025-11-10,0,matched_exact
S_e816aaa2624ce2b2,3F,floor_in,2025-11-10,2025-11,月,ショート,1,,本木 初江,本木初江,AM,迎,自宅,,,,,excel_workbook,data/raw/source_excels/アルボース３階入退所予定表.xls,R7.11月,78,left,00096864,2025-11-10,2025-11-15,0,matched_exact
S_707bf35aa4ee8fc7,3F,floor_out,2025-11-12,2025-11,水,転床,1,,矢内 辰男,矢内辰男,AM,,2F,,2F,施設内移動,,excel_workbook,data/raw/source_excels/アルボース３階入退所予定表.xls,R7.11月,93,right,00045762,2025-11-06,2025-11-11,-1,matched_within_tolerance
S_33cd0f201e5ee183,3F,floor_in,2025-11-13,2025-11,木,ショート,1,,栗原 文子,栗原文子,AM,迎,自宅,,,,,excel_workbook,data/raw/source_excels/アルボース３階入退所予定表.xls,R7.11月,101,left,00083160,2025-11-13,2025-11-18,0,matched_exact
S_26fc13a589ac652d,3F,floor_out,2025-11-13,2025-11,木,入所,1,,栗原 俊夫,栗原俊夫,10:00,介護タクシー,自宅,,自宅,自宅退所,,excel_workbook,data/raw/source_excels/アルボース３階入退所予定表.xls,R7.11月,101,right,00132208,2025-04-01,2025-11-13,0,matched_exact
S_b24a9f3ba00b3307,3F,floor_in,2025-11-14,2025-11,金,ショート,1,,横澤 英子,横澤英子,AM,迎,自宅,,,,,excel_workbook,data/raw/source_excels/アルボース３階入退所予定表.xls,R7.11月,109,left,00107995,2025-11-14,2025-11-18,0,matched_exact
S_1be91a12fa1ee47d,3F,floor_out,2025-11-14,2025-11,金,入所,1,,木村 孝一,木村孝一,10:00,家族,自宅,,自宅,自宅退所,,excel_workbook,data/raw/source_excels/アルボース３階入退所予定表.xls,R7.11月,109,right,00112027,2025-07-10,2025-11-14,0,matched_exact
S_d97c1ca9e5515e15,3F,floor_in,2025-11-14,2025-11,金,ショート,1,再,森 クニ子,森クニ子,10:30,家族,自宅,,,,,excel_workbook,data/raw/source_excels/アルボース３階入退所予定表.xls,R7.11月,110,left,00100859,2025-11-14,2025-11-21,0,matched_exact
S_3b7b1ffdea224eeb,3F,floor_out,2025-11-14,2025-11,金,ショート,1,,山岸 君代,山岸君代,10:00,家族,自宅,,自宅,自宅退所,,excel_workbook,data/raw/source_excels/アルボース３階入退所予定表.xls,R7.11月,110,right,00137071,2025-11-03,2025-11-14,0,matched_exact
S_e53a6a19a4816613,3F,floor_out,2025-11-15,2025-11,土,ショート,1,,本木 初江,本木初江,AM,送,自宅,,自宅,自宅退所,,excel_workbook,data/raw/source_excels/アルボース３階入退所予定表.xls,R7.11月,117,right,00096864,2025-11-10,2025-11-15,0,matched_exact
S_f68c8c6ef96aa0f8,3F,floor_in,2025-11-16,2025-11,日,入所,1,,山岸 君代,山岸君代,10:30,家族,自宅,,,,,excel_workbook,data/raw/source_excels/アルボース３階入退所予定表.xls,R7.11月,125,left,00137071,2025-11-16,2026-02-03,0,matched_exact
S_270621bec447c944,3F,floor_in,2025-11-17,2025-11,月,ショート,1,,木村 孝一,木村孝一,AM,迎,自宅,,,,,excel_workbook,data/raw/source_excels/アルボース３階入退所予定表.xls,R7.11月,133,left,00112027,2025-11-17,2025-11-27,0,matched_exact
S_9531fd8399215e91,3F,floor_in,2025-11-17,2025-11,月,ショート,1,,栗原 俊夫,栗原俊夫,AM,迎,自宅,,,,,excel_workbook,data/raw/source_excels/アルボース３階入退所予定表.xls,R7.11月,134,left,00132208,2025-11-17,2025-12-11,0,matched_exact
S_378aa775ed3f60d1,3F,floor_out,2025-11-17,2025-11,月,ショート,1,,齋籐 文子,齋籐文子,AM,送,自宅,,自宅,自宅退所,,excel_workbook,data/raw/source_excels/アルボース３階入退所予定表.xls,R7.11月,134,right,,,,,not_matched_name_unknown
S_226014dd7ee52624,3F,floor_out,2025-11-17,2025-11,月,入所,1,,原 文子,原文子,10:00,介護タクシー,自宅,,自宅,自宅退所,,excel_workbook,data/raw/source_excels/アルボース３階入退所予定表.xls,R7.11月,140,right,00096466,2025-06-16,2025-11-17,0,matched_exact
S_751ef6044c37680d,3F,floor_out,2025-11-18,2025-11,火,ショート,1,,横澤 英子,横澤英子,AM,送,自宅,,自宅,自宅退所,,excel_workbook,data/raw/source_excels/アルボース３階入退所予定表.xls,R7.11月,141,right,00107995,2025-11-14,2025-11-18,0,matched_exact
S_5cc99473c0ff71e5,3F,floor_out,2025-11-18,2025-11,火,ショート,1,,栗原 文子,栗原文子,AM,送,自宅,,自宅,自宅退所,,excel_workbook,data/raw/source_excels/アルボース３階入退所予定表.xls,R7.11月,142,right,00083160,2025-11-13,2025-11-18,0,matched_exact
S_71b5805227fd5fc8,3F,floor_out,2025-11-19,2025-11,水,入所,1,,田邉 稔,田邉稔,10:30,,住宅型有料,,住宅型有料,施設退所,施設退所,excel_workbook,data/raw/source_excels/アルボース３階入退所予定表.xls,R7.11月,149,right,00115009,2025-07-23,2025-11-19,0,matched_exact
S_edc9942f7223f541,3F,floor_in,2025-11-19,2025-11,水,ショート,1,新,堀越 圭子,堀越圭子,10:30,,併設Hsp,~25,,,,excel_workbook,data/raw/source_excels/アルボース３階入退所予定表.xls,R7.11月,150,left,00149982,2025-11-19,2026-03-29,0,matched_exact
S_d7c323b3d72d43ec,3F,floor_in,2025-11-21,2025-11,金,ショート,1,,齋籐 文子,齋籐文子,AM,迎,自宅,,,,,excel_workbook,data/raw/source_excels/アルボース３階入退所予定表.xls,R7.11月,165,left,,,,,not_matched_name_unknown
S_52bda096a1c914c2,3F,floor_out,2025-11-21,2025-11,金,ショート,1,,森 クニ子,森クニ子,10:00,家族,自宅,,自宅,自宅退所,,excel_workbook,data/raw/source_excels/アルボース３階入退所予定表.xls,R7.11月,165,right,00100859,2025-11-14,2025-11-21,0,matched_exact
S_60ec5570124d2d12,3F,floor_in,2025-11-21,2025-11,金,ショート,1,,大和 米秋,大和米秋,AM,迎,自宅,,,,,excel_workbook,data/raw/source_excels/アルボース３階入退所予定表.xls,R7.11月,166,left,00050154,2025-11-21,2025-11-22,0,matched_exact
S_c19ab05f8b449f93,3F,floor_out,2025-11-21,2025-11,金,入所,1,,島田 芳一,島田芳一,15:45,,市民Hsp,,市民Hsp,,,excel_workbook,data/raw/source_excels/アルボース３階入退所予定表.xls,R7.11月,166,right,00021571,2025-11-21,2025-11-21,0,matched_exact
S_ab747bdd25ebb7d9,3F,floor_in,2025-11-21,2025-11,金,入所,1,新,島田 芳一,島田芳一,10:30,,市民Hsp,,,,,excel_workbook,data/raw/source_excels/アルボース３階入退所予定表.xls,R7.11月,172,left,00021571,2025-11-21,2025-11-21,0,matched_exact
S_6e48a7cdcd95ebdf,3F,floor_in,2025-11-22,2025-11,土,ショート,1,,原 文子,原文子,AM,迎,自宅,,,,,excel_workbook,data/raw/source_excels/アルボース３階入退所予定表.xls,R7.11月,173,left,00096466,2025-11-22,2025-12-06,0,matched_exact
S_b59a5d6c4b4f8215,3F,floor_out,2025-11-22,2025-11,土,ショート,1,,大和 米秋,大和米秋,AM,送,自宅,,自宅,自宅退所,,excel_workbook,data/raw/source_excels/アルボース３階入退所予定表.xls,R7.11月,173,right,00050154,2025-11-21,2025-11-22,0,matched_exact
S_399c7a3bcc226236,3F,floor_in,2025-11-22,2025-11,土,ショート,1,,横澤 英子,横澤英子,AM,迎,自宅,,,,,excel_workbook,data/raw/source_excels/アルボース３階入退所予定表.xls,R7.11月,174,left,00107995,2025-11-22,2025-11-25,0,matched_exact
S_97a0cb9ff5bdf36b,3F,floor_in,2025-11-25,2025-11,火,入所,1,新,上野 節子,上野節子,10:30,,本庄駅前Hsp,,,,,excel_workbook,data/raw/source_excels/アルボース３階入退所予定表.xls,R7.11月,197,left,00159547,2025-11-25,2026-02-10,0,matched_exact
S_1ac2ac0e470de980,3F,floor_out,2025-11-25,2025-11,火,ショート,1,,横澤 英子,横澤英子,AM,送,自宅,,自宅,自宅退所,,excel_workbook,data/raw/source_excels/アルボース３階入退所予定表.xls,R7.11月,197,right,00107995,2025-11-22,2025-11-25,0,matched_exact
S_409d46da3901649f,3F,floor_out,2025-11-25,2025-11,火,ショート,1,,堀越 圭子,堀越圭子,切替,,書類上,,書類上,ショート終了,,excel_workbook,data/raw/source_excels/アルボース３階入退所予定表.xls,R7.11月,198,right,00149982,2025-11-19,2026-03-29,124,not_matched_boundary_mismatch
S_8db04aa61f177b45,3F,floor_in,2025-11-26,2025-11,水,入所,1,,堀越 圭子,堀越圭子,切替,,書類上,,,,,excel_workbook,data/raw/source_excels/アルボース３階入退所予定表.xls,R7.11月,205,left,00149982,2025-11-19,2026-03-29,-7,not_matched_boundary_mismatch
S_0b1194fc8efdd6fd,3F,floor_in,2025-11-27,2025-11,木,ショート,1,新,菊池 照子,菊池照子,14:00,,自宅,~12/1,,,,excel_workbook,data/raw/source_excels/アルボース３階入退所予定表.xls,R7.11月,213,left,00158374,2025-11-27,2025-12-01,0,matched_exact
S_9e3603c1b4935762,3F,floor_out,2025-11-27,2025-11,木,ショート,1,,木村 孝一,木村孝一,AM,送,自宅,,自宅,自宅退所,,excel_workbook,data/raw/source_excels/アルボース３階入退所予定表.xls,R7.11月,213,right,00112027,2025-11-17,2025-11-27,0,matched_exact
S_48d2548f45a2d20e,3F,floor_out,2025-11-28,2025-11,金,ショート,1,,齋籐 文子,齋籐文子,AM,送,自宅,,自宅,自宅退所,,excel_workbook,data/raw/source_excels/アルボース３階入退所予定表.xls,R7.11月,221,right,,,,,not_matched_name_unknown
S_41f9613e5787db35,3F,floor_in,2025-12-01,2025-12,月,ショート,1,,木村 孝一,木村孝一,AM,迎,自宅,,,,,excel_workbook,data/raw/source_excels/アルボース３階入退所予定表.xls,R7.12月,5,left,00112027,2025-12-01,2025-12-15,0,matched_exact
S_8d1a62eda50d1a2d,3F,floor_out,2025-12-01,2025-12,月,ショート,1,,菊池 照子,菊池照子,AM,送,自宅,,自宅,自宅退所,,excel_workbook,data/raw/source_excels/アルボース３階入退所予定表.xls,R7.12月,5,right,00158374,2025-11-27,2025-12-01,0,matched_exact
S_303cf816808956c7,3F,floor_in,2025-12-02,2025-12,火,ショート,1,,横澤 英子,横澤英子,AM,迎,自宅,,,,,excel_workbook,data/raw/source_excels/アルボース３階入退所予定表.xls,R7.12月,13,left,00107995,2025-12-02,2025-12-04,0,matched_exact
S_98d2f323e19753d6,3F,floor_in,2025-12-03,2025-12,水,入所,1,,齋藤 文子,齋藤文子,10:30,,自宅,,,,,excel_workbook,data/raw/source_excels/アルボース３階入退所予定表.xls,R7.12月,21,left,00142228,2025-12-03,2026-04-11,0,matched_exact
S_382e947a686cb083,3F,floor_out,2025-12-04,2025-12,木,ショート,1,,横澤 英子,横澤英子,AM,送,自宅,,自宅,自宅退所,,excel_workbook,data/raw/source_excels/アルボース３階入退所予定表.xls,R7.12月,29,right,00107995,2025-12-02,2025-12-04,0,matched_exact
S_c23091c1692ba659,3F,floor_in,2025-12-06,2025-12,土,ショート,1,,本木 初江,本木初江,AM,迎,自宅,,,,,excel_workbook,data/raw/source_excels/アルボース３階入退所予定表.xls,R7.12月,45,left,00096864,2025-12-06,2025-12-12,0,matched_exact
S_dacc52d323e03afa,3F,floor_out,2025-12-06,2025-12,土,ショート,1,,原 文子,原文子,AM,送,自宅,,自宅,自宅退所,,excel_workbook,data/raw/source_excels/アルボース３階入退所予定表.xls,R7.12月,45,right,00096466,2025-11-22,2025-12-06,0,matched_exact
S_b8455b02c24ffc10,3F,floor_out,2025-12-09,2025-12,火,入所,1,,目黒 重夫,目黒重夫,10:00,,自宅,介護タクシー,自宅,自宅退所,,excel_workbook,data/raw/source_excels/アルボース３階入退所予定表.xls,R7.12月,69,right,00102827,2025-10-14,2025-12-09,0,matched_exact
S_b709cecac9f76f59,3F,floor_in,2025-12-10,2025-12,水,ショート,1,,大和 米秋,大和米秋,AM,迎,自宅,,,,,excel_workbook,data/raw/source_excels/アルボース３階入退所予定表.xls,R7.12月,77,left,00050154,2025-12-10,2025-12-15,0,matched_exact
S_a5d697090191b753,3F,floor_out,2025-12-10,2025-12,水,入所,1,,鈴木 ヒロ子,鈴木ヒロ子,10:00,,GH,まんさく,GH,,,excel_workbook,data/raw/source_excels/アルボース３階入退所予定表.xls,R7.12月,77,right,00092160,2025-04-01,2025-12-10,0,matched_exact
S_15fd7d509d52348c,3F,floor_in,2025-12-11,2025-12,木,ショート,1,,横澤 英子,横澤英子,AM,迎,自宅,,,,,excel_workbook,data/raw/source_excels/アルボース３階入退所予定表.xls,R7.12月,85,left,00107995,2025-12-11,2025-12-18,0,matched_exact
S_9c9dcc56e0b70c20,3F,floor_out,2025-12-11,2025-12,木,ショート,1,,栗原 俊夫,栗原俊夫,AM,送,自宅,,自宅,自宅退所,,excel_workbook,data/raw/source_excels/アルボース３階入退所予定表.xls,R7.12月,85,right,00132208,2025-11-17,2025-12-11,0,matched_exact
S_03e2a8baa63641f8,3F,floor_in,2025-12-12,2025-12,金,ショート,1,,原 文子,原文子,AM,迎,自宅,,,,,excel_workbook,data/raw/source_excels/アルボース３階入退所予定表.xls,R7.12月,93,left,00096466,2025-12-12,2025-12-15,0,matched_exact
S_c2fa42f356bdcad6,3F,floor_out,2025-12-12,2025-12,金,ショート,1,,本木 初江,本木初江,AM,送,自宅,,自宅,自宅退所,,excel_workbook,data/raw/source_excels/アルボース３階入退所予定表.xls,R7.12月,93,right,00096864,2025-12-06,2025-12-12,0,matched_exact
S_03203bcfee5d5f54,3F,floor_in,2025-12-12,2025-12,金,転棟,1,,内山 美津子,内山美津子,AM,,2F,,,,,excel_workbook,data/raw/source_excels/アルボース３階入退所予定表.xls,R7.12月,94,left,00165904,2025-12-12,2026-03-30,0,matched_exact
S_669b9ebddab8db8f,3F,floor_out,2025-12-14,2025-12,日,入所,1,,櫻井 幸子,櫻井幸子,10:00,,自宅,,自宅,自宅退所,,excel_workbook,data/raw/source_excels/アルボース３階入退所予定表.xls,R7.12月,109,right,00027925,2025-04-01,2025-12-14,0,matched_exact
S_79a581f87e4a8645,3F,floor_in,2025-12-15,2025-12,月,入所,1,,栗原 俊夫,栗原俊夫,10:30,,自宅,介護タクシー,,,,excel_workbook,data/raw/source_excels/アルボース３階入退所予定表.xls,R7.12月,117,left,00132208,2025-12-15,2026-01-13,0,matched_exact
S_5fe2c9f447ecf7ff,3F,floor_out,2025-12-15,2025-12,月,ショート,1,,原 文子,原文子,AM,送,自宅,,自宅,自宅退所,,excel_workbook,data/raw/source_excels/アルボース３階入退所予定表.xls,R7.12月,117,right,00096466,2025-12-12,2025-12-15,0,matched_exact
S_9ffc3b44e203bb4e,3F,floor_in,2025-12-15,2025-12,月,ショート,1,,目黒 重夫,目黒重夫,AM,迎,自宅,,,,,excel_workbook,data/raw/source_excels/アルボース３階入退所予定表.xls,R7.12月,118,left,00102827,2025-12-15,2025-12-19,0,matched_exact
S_29c4e55796db3669,3F,floor_out,2025-12-15,2025-12,月,ショート,1,,木村 孝一,木村孝一,AM,送,自宅,,自宅,自宅退所,,excel_workbook,data/raw/source_excels/アルボース３階入退所予定表.xls,R7.12月,118,right,00112027,2025-12-01,2025-12-15,0,matched_exact
S_e39ce1e448c749ea,3F,floor_in,2025-12-15,2025-12,月,ショート,1,,栗原 文子,栗原文子,AM,迎,自宅,,,,,excel_workbook,data/raw/source_excels/アルボース３階入退所予定表.xls,R7.12月,124,left,00083160,2025-12-15,2025-12-22,0,matched_exact
S_365636a42a362ca6,3F,floor_out,2025-12-15,2025-12,月,ショート,1,,大和 米秋,大和米秋,AM,送,自宅,,自宅,自宅退所,,excel_workbook,data/raw/source_excels/アルボース３階入退所予定表.xls,R7.12月,124,right,00050154,2025-12-10,2025-12-15,0,matched_exact
S_85bcbb19d4700fcb,3F,floor_in,2025-12-17,2025-12,水,ショート,1,,櫻井 幸子,櫻井幸子,10:30,,自宅,,,,,excel_workbook,data/raw/source_excels/アルボース３階入退所予定表.xls,R7.12月,133,left,00027925,2025-12-17,2026-01-11,0,matched_exact
S_725ee81b5401653a,3F,floor_in,2025-12-18,2025-12,木,入所,1,,原 文子,原文子,10:30,,自宅,,,,,excel_workbook,data/raw/source_excels/アルボース３階入退所予定表.xls,R7.12月,141,left,00096466,2025-12-18,2026-05-31,0,matched_exact
S_206b76a5b066f758,3F,floor_out,2025-12-18,2025-12,木,ショート,1,,横澤 英子,横澤英子,AM,送,自宅,,自宅,自宅退所,,excel_workbook,data/raw/source_excels/アルボース３階入退所予定表.xls,R7.12月,141,right,00107995,2025-12-11,2025-12-18,0,matched_exact
S_43d71f0b37d798dd,3F,floor_in,2025-12-19,2025-12,金,入所,1,,木村 孝一,木村孝一,10:30,,自宅,,,,,excel_workbook,data/raw/source_excels/アルボース３階入退所予定表.xls,R7.12月,149,left,00112027,2025-12-19,2026-03-22,0,matched_exact
S_bf596cd3ca201247,3F,floor_out,2025-12-19,2025-12,金,ショート,1,,目黒 重夫,目黒重夫,AM,送,自宅,,自宅,自宅退所,,excel_workbook,data/raw/source_excels/アルボース３階入退所予定表.xls,R7.12月,149,right,00102827,2025-12-15,2025-12-19,0,matched_exact
S_3500c75d2ba59469,3F,floor_in,2025-12-22,2025-12,月,ショート,1,,横澤 英子,横澤英子,AM,迎,自宅,~27,,,,excel_workbook,data/raw/source_excels/アルボース３階入退所予定表.xls,R7.12月,173,left,00107995,2025-12-22,2025-12-27,0,matched_exact
S_dac9e4d01a7bf36e,3F,floor_out,2025-12-22,2025-12,月,ショート,1,,栗原 文子,栗原文子,AM,送,自宅,,自宅,自宅退所,,excel_workbook,data/raw/source_excels/アルボース３階入退所予定表.xls,R7.12月,173,right,00083160,2025-12-15,2025-12-22,0,matched_exact
S_ea53bd9276998ae1,3F,floor_in,2025-12-22,2025-12,月,ショート,1,,森 クニ子,森クニ子,10:30,,自宅,~25,,,,excel_workbook,data/raw/source_excels/アルボース３階入退所予定表.xls,R7.12月,174,left,00100859,2025-12-22,2025-12-25,0,matched_exact
S_bbd82a159a8d40ed,3F,floor_in,2025-12-25,2025-12,木,ショート,1,,目黒 重夫,目黒重夫,AM,迎,自宅,~1/7,,,,excel_workbook,data/raw/source_excels/アルボース３階入退所予定表.xls,R7.12月,197,left,00102827,2025-12-25,2026-01-07,0,matched_exact
S_abc2057172b7b334,3F,floor_out,2025-12-25,2025-12,木,ショート,1,,森 クニ子,森クニ子,10:00,,自宅,,自宅,自宅退所,,excel_workbook,data/raw/source_excels/アルボース３階入退所予定表.xls,R7.12月,197,right,00100859,2025-12-22,2025-12-25,0,matched_exact
S_ea3a89a54c92dc40,3F,floor_out,2025-12-27,2025-12,土,ショート,1,,横澤 英子,横澤英子,AM,送,自宅,,自宅,自宅退所,,excel_workbook,data/raw/source_excels/アルボース３階入退所予定表.xls,R7.12月,213,right,00107995,2025-12-22,2025-12-27,0,matched_exact
S_271880dcf5fb1f23,3F,floor_in,2025-12-29,2025-12,月,ショート,1,,栗原 文子,栗原文子,AM,迎,自宅,~1/5,,,,excel_workbook,data/raw/source_excels/アルボース３階入退所予定表.xls,R7.12月,229,left,00083160,2025-12-29,2026-01-05,0,matched_exact
S_54b32c5c357bee47,3F,floor_out,2026-01-05,2026-01,月,ショート,1,,栗原 文子,栗原文子,AM,送,自宅,,自宅,自宅退所,,excel_workbook,data/raw/source_excels/アルボース３階入退所予定表.xls,R8.1月,37,right,00083160,2025-12-29,2026-01-05,0,matched_exact
S_1a9aec9b823fd647,3F,floor_in,2026-01-06,2026-01,火,入所,1,新,稲崎 義治,稲崎義治,10:30,,福島Hsp,介護タクシー,,,,excel_workbook,data/raw/source_excels/アルボース３階入退所予定表.xls,R8.1月,45,left,,,,,not_matched_name_unknown
S_d0ae9055ecf8c4f7,3F,floor_in,2026-01-07,2026-01,水,ショート,1,,横澤 英子,横澤英子,AM,迎,自宅,~14,,,,excel_workbook,data/raw/source_excels/アルボース３階入退所予定表.xls,R8.1月,53,left,00107995,2026-01-07,2026-01-14,0,matched_exact
S_993a2096ef155a9c,3F,floor_out,2026-01-07,2026-01,水,ショート,1,,目黒 重夫,目黒重夫,AM,送,自宅,,自宅,自宅退所,,excel_workbook,data/raw/source_excels/アルボース３階入退所予定表.xls,R8.1月,53,right,00102827,2025-12-25,2026-01-07,0,matched_exact
S_3bbe2286fb971767,3F,floor_out,2026-01-11,2026-01,日,ショート,1,,櫻井 幸子,櫻井幸子,10:00,,自宅,,自宅,自宅退所,,excel_workbook,data/raw/source_excels/アルボース３階入退所予定表.xls,R8.1月,85,right,00027925,2025-12-17,2026-01-11,0,matched_exact
S_89861a42ddd67ff4,3F,floor_out,2026-01-12,2026-01,月,入所,1,,村田 守平,村田守平,10:00,,特養,ぶどうの郷,特養,施設退所,施設退所,excel_workbook,data/raw/source_excels/アルボース３階入退所予定表.xls,R8.1月,93,right,00097034,2025-05-12,2026-01-12,0,matched_exact
S_1bb71f21e71583a8,3F,floor_in,2026-01-13,2026-01,火,ショート,1,,本木 初江,本木初江,AM,迎,自宅,~19,,,,excel_workbook,data/raw/source_excels/アルボース３階入退所予定表.xls,R8.1月,101,left,00096864,2026-01-13,2026-01-19,0,matched_exact
S_19a84dec72f3cae6,3F,floor_out,2026-01-13,2026-01,火,入所,1,,栗原 俊夫,栗原俊夫,14:00,,鶴谷Hsp,,鶴谷Hsp,,,excel_workbook,data/raw/source_excels/アルボース３階入退所予定表.xls,R8.1月,101,right,00132208,2025-12-15,2026-01-13,0,matched_exact
S_5a38485ebb3ec412,3F,floor_in,2026-01-13,2026-01,火,入所,1,新,矢嶋 英次郎,矢嶋英次郎,10:30,,美原Hsp,,,,,excel_workbook,data/raw/source_excels/アルボース３階入退所予定表.xls,R8.1月,102,left,00147502,2026-01-13,2026-02-11,0,matched_exact
S_386ae30a9a05e523,3F,floor_in,2026-01-14,2026-01,水,入所,1,,櫻井 幸子,櫻井幸子,10:30,,自宅,,,,,excel_workbook,data/raw/source_excels/アルボース３階入退所予定表.xls,R8.1月,109,left,00027925,2026-01-14,2026-03-14,0,matched_exact
S_8c3378d252b179f9,3F,floor_out,2026-01-14,2026-01,水,ショート,1,,横澤 英子,横澤英子,AM,送,自宅,,自宅,自宅退所,,excel_workbook,data/raw/source_excels/アルボース３階入退所予定表.xls,R8.1月,109,right,00107995,2026-01-07,2026-01-14,0,matched_exact
S_29af4d0f9ea264c1,3F,floor_out,2026-01-15,2026-01,木,入所,1,,梅澤 一夫,梅澤一夫,10:00,,自宅,,自宅,自宅退所,,excel_workbook,data/raw/source_excels/アルボース３階入退所予定表.xls,R8.1月,117,right,00138385,2025-04-01,2026-01-15,0,matched_exact
S_679b3904f34f33d2,3F,floor_in,2026-01-16,2026-01,金,ショート,1,,目黒 重夫,目黒重夫,AM,迎,自宅,~20,,,,excel_workbook,data/raw/source_excels/アルボース３階入退所予定表.xls,R8.1月,125,left,00102827,2026-01-16,2026-01-20,0,matched_exact
S_37ab363aec9c8b6f,3F,floor_out,2026-01-19,2026-01,月,ショート,1,,本木 初江,本木初江,AM,送,自宅,,自宅,自宅退所,,excel_workbook,data/raw/source_excels/アルボース３階入退所予定表.xls,R8.1月,149,right,00096864,2026-01-13,2026-01-19,0,matched_exact
S_b519f20509d51516,3F,floor_out,2026-01-20,2026-01,火,ショート,1,,目黒 重夫,目黒重夫,AM,送,自宅,,自宅,自宅退所,,excel_workbook,data/raw/source_excels/アルボース３階入退所予定表.xls,R8.1月,157,right,00102827,2026-01-16,2026-01-20,0,matched_exact
S_6f7ce933043b5f16,3F,floor_in,2026-01-21,2026-01,水,ショート,1,,栗原 文子,栗原文子,AM,迎,自宅,~27,,,,excel_workbook,data/raw/source_excels/アルボース３階入退所予定表.xls,R8.1月,165,left,00083160,2026-01-21,2026-01-24,0,matched_exact
S_20afffd9267289ba,3F,floor_out,2026-01-21,2026-01,水,入所,1,,中嶋 けい子,中嶋けい子,10:00,,自宅,,自宅,自宅退所,,excel_workbook,data/raw/source_excels/アルボース３階入退所予定表.xls,R8.1月,165,right,00153629,2025-05-19,2026-01-21,0,matched_exact
S_991759f8244659d5,3F,floor_in,2026-01-21,2026-01,水,ショート,1,,横澤 英子,横澤英子,AM,迎,自宅,~27,,,,excel_workbook,data/raw/source_excels/アルボース３階入退所予定表.xls,R8.1月,166,left,00107995,2026-01-21,2026-01-27,0,matched_exact
S_6a610664329d8ec8,3F,floor_in,2026-01-22,2026-01,木,入所,1,,森 クニ子,森クニ子,10:30,,自宅,,,,,excel_workbook,data/raw/source_excels/アルボース３階入退所予定表.xls,R8.1月,173,left,00100859,2026-01-22,2026-04-02,0,matched_exact
S_8eb6346b0194ecb3,3F,floor_in,2026-01-24,2026-01,土,ショート,1,,梅澤 一夫,梅澤一夫,10:30,,自宅,~2/16,,,,excel_workbook,data/raw/source_excels/アルボース３階入退所予定表.xls,R8.1月,189,left,00138385,2026-01-24,2026-02-16,0,matched_exact
S_d2a61177392f40b3,3F,floor_out,2026-01-24,2026-01,土,ショート,1,,栗原 文子,栗原文子,AM,送,自宅,,自宅,自宅退所,,excel_workbook,data/raw/source_excels/アルボース３階入退所予定表.xls,R8.1月,189,right,00083160,2026-01-21,2026-01-24,0,matched_exact
S_948da40ec3e015cd,3F,floor_in,2026-01-27,2026-01,火,ショート,1,,中嶋 けい子,中嶋けい子,10:30,,自宅,~2/17,,,,excel_workbook,data/raw/source_excels/アルボース３階入退所予定表.xls,R8.1月,213,left,00153629,2026-01-27,2026-02-11,0,matched_exact
S_248b64903ab284a4,3F,floor_out,2026-01-27,2026-01,火,ショート,1,,横澤 英子,横澤英子,AM,送,自宅,,自宅,自宅退所,,excel_workbook,data/raw/source_excels/アルボース３階入退所予定表.xls,R8.1月,213,right,00107995,2026-01-21,2026-01-27,0,matched_exact
S_374f3c430809aef1,3F,floor_in,2026-01-28,2026-01,水,ショート,1,,目黒 重夫,目黒重夫,AM,迎,自宅,~2/2,,,,excel_workbook,data/raw/source_excels/アルボース３階入退所予定表.xls,R8.1月,221,left,00102827,2026-01-28,2026-02-02,0,matched_exact
S_3f2bed7387c16097,3F,floor_in,2026-01-31,2026-01,土,入所,1,,栗原 俊夫,栗原俊夫,AM,,2F,,,,,excel_workbook,data/raw/source_excels/アルボース３階入退所予定表.xls,R8.1月,245,left,00132208,2026-01-31,2026-05-31,0,matched_exact
S_293b9ca64baf974a,3F,floor_out,2026-01-31,2026-01,土,入所,1,,及川 房子,及川房子,10:00,,小多機,あかぼりの里,小多機,,,excel_workbook,data/raw/source_excels/アルボース３階入退所予定表.xls,R8.1月,245,right,00163923,2025-08-25,2026-01-31,0,matched_exact
S_191a8ba089136571,3F,floor_in,2026-02-02,2026-02,月,ショート,1,,横澤 英子,横澤英子,AM,迎,自宅,~6,,,,excel_workbook,data/raw/source_excels/アルボース３階入退所予定表.xls,R8.2月,13,left,00107995,2026-02-02,2026-02-06,0,matched_exact
S_f6a77c26abf777b5,3F,floor_out,2026-02-02,2026-02,月,ショート,1,,目黒 重夫,目黒重夫,AM,送,自宅,,自宅,自宅退所,,excel_workbook,data/raw/source_excels/アルボース３階入退所予定表.xls,R8.2月,13,right,00102827,2026-01-28,2026-02-02,0,matched_exact
S_6d5c42fe0977999a,3F,floor_in,2026-02-04,2026-02,水,入所,1,新,佐藤 登,佐藤登,10:30,,ショート,そよ風,,,,excel_workbook,data/raw/source_excels/アルボース３階入退所予定表.xls,R8.2月,29,left,00161830,2026-02-04,2026-05-31,0,matched_exact
S_fa08c2e94626b49a,3F,floor_out,2026-02-04,2026-02,水,転床,1,,山岸 君代,山岸君代,AM,,2F,,2F,施設内移動,,excel_workbook,data/raw/source_excels/アルボース３階入退所予定表.xls,R8.2月,29,right,00137071,2025-11-16,2026-02-03,-1,matched_within_tolerance
S_bff5ffd1a4d5a4e9,3F,floor_in,2026-02-06,2026-02,金,ショート,1,,目黒 重夫,目黒重夫,AM,迎,自宅,~10,,,,excel_workbook,data/raw/source_excels/アルボース３階入退所予定表.xls,R8.2月,45,left,00102827,2026-02-06,2026-02-10,0,matched_exact
S_b1079fca39b0d233,3F,floor_out,2026-02-06,2026-02,金,ショート,1,,横澤 英子,横澤英子,AM,送,自宅,,自宅,自宅退所,,excel_workbook,data/raw/source_excels/アルボース３階入退所予定表.xls,R8.2月,45,right,00107995,2026-02-02,2026-02-06,0,matched_exact
S_a21d047db0f51d53,3F,floor_in,2026-02-10,2026-02,火,ショート,1,,栗原 文子,栗原文子,AM,迎,自宅,~12,,,,excel_workbook,data/raw/source_excels/アルボース３階入退所予定表.xls,R8.2月,77,left,00083160,2026-02-10,2026-02-12,0,matched_exact
S_65707f81b6d0e0ac,3F,floor_out,2026-02-10,2026-02,火,ショート,1,,目黒 重夫,目黒重夫,AM,送,自宅,,自宅,自宅退所,,excel_workbook,data/raw/source_excels/アルボース３階入退所予定表.xls,R8.2月,77,right,00102827,2026-02-06,2026-02-10,0,matched_exact
S_9f1b41af64e0ce88,3F,floor_in,2026-02-10,2026-02,火,転棟,1,,山岸 君代,山岸君代,AM,,2F,,,,,excel_workbook,data/raw/source_excels/アルボース３階入退所予定表.xls,R8.2月,78,left,00137071,2026-02-10,2026-05-31,0,matched_exact
S_462fe11d0d5dd584,3F,floor_out,2026-02-10,2026-02,火,入所,1,,上野 節子,上野節子,10:00,,自宅,,自宅,自宅退所,,excel_workbook,data/raw/source_excels/アルボース３階入退所予定表.xls,R8.2月,78,right,00159547,2025-11-25,2026-02-10,0,matched_exact
S_cb403fc2d5a0446d,3F,floor_out,2026-02-11,2026-02,水,入所,1,,中嶋 けい子,中嶋けい子,18:59,,死去,,死亡,死亡退所,死亡退所,excel_workbook,data/raw/source_excels/アルボース３階入退所予定表.xls,R8.2月,85,right,00153629,2026-01-27,2026-02-11,0,matched_exact
S_374699782cca9210,3F,floor_out,2026-02-11,2026-02,水,入所,1,,矢嶋 英次郎,矢嶋英次郎,19:40,,死去,,死亡,死亡退所,死亡退所,excel_workbook,data/raw/source_excels/アルボース３階入退所予定表.xls,R8.2月,86,right,00147502,2026-01-13,2026-02-11,0,matched_exact
S_b8c053b1fbdd627d,3F,floor_out,2026-02-12,2026-02,木,ショート,1,,栗原 文子,栗原文子,AM,送,自宅,,自宅,自宅退所,,excel_workbook,data/raw/source_excels/アルボース３階入退所予定表.xls,R8.2月,93,right,00083160,2026-02-10,2026-02-12,0,matched_exact
S_609da1ba7d8e285d,3F,floor_in,2026-02-13,2026-02,金,ショート,1,,本木 初江,本木初江,AM,迎,自宅,~19,,,,excel_workbook,data/raw/source_excels/アルボース３階入退所予定表.xls,R8.2月,101,left,00096864,2026-02-13,2026-02-19,0,matched_exact
S_b17792effab05af3,3F,floor_out,2026-02-16,2026-02,月,ショート,1,,梅澤 一夫,梅澤一夫,10:00,,自宅,,自宅,自宅退所,,excel_workbook,data/raw/source_excels/アルボース３階入退所予定表.xls,R8.2月,125,right,00138385,2026-01-24,2026-02-16,0,matched_exact
S_f2f60f906d2b51ea,3F,floor_out,2026-02-19,2026-02,木,ショート,1,,本木 初江,本木初江,AM,送,自宅,,自宅,自宅退所,,excel_workbook,data/raw/source_excels/アルボース３階入退所予定表.xls,R8.2月,149,right,00096864,2026-02-13,2026-02-19,0,matched_exact
S_b4eddd38871d5d74,3F,floor_in,2026-02-20,2026-02,金,入所,1,,梅澤 一夫,梅澤一夫,10:30,,自宅,,,,,excel_workbook,data/raw/source_excels/アルボース３階入退所予定表.xls,R8.2月,157,left,00138385,2026-02-20,2026-05-31,0,matched_exact
S_05a7f7e4a06f8ea1,3F,floor_in,2026-02-24,2026-02,火,ショート,1,,横澤 英子,横澤英子,AM,迎,自宅,~27,,,,excel_workbook,data/raw/source_excels/アルボース３階入退所予定表.xls,R8.2月,189,left,00107995,2026-02-24,2026-02-27,0,matched_exact
S_54ea50a5bffab544,3F,floor_in,2026-02-25,2026-02,水,ショート,1,新,立澤 卓也,立澤卓也,AM,迎,自宅,~27,,,,excel_workbook,data/raw/source_excels/アルボース３階入退所予定表.xls,R8.2月,197,left,00141884,2026-02-25,2026-02-27,0,matched_exact
S_f1d93efc61eee9fe,3F,floor_in,2026-02-26,2026-02,木,ショート,1,,大和 米秋,大和米秋,AM,迎,自宅,~3/2,,,,excel_workbook,data/raw/source_excels/アルボース３階入退所予定表.xls,R8.2月,205,left,00050154,2026-02-26,2026-03-02,0,matched_exact
S_9900bfe5de7edb96,3F,floor_in,2026-02-27,2026-02,金,ショート,1,新,根岸 文作,根岸文作,10:30,,自宅,~3/3,,,,excel_workbook,data/raw/source_excels/アルボース３階入退所予定表.xls,R8.2月,213,left,00122184,2026-02-27,2026-03-03,0,matched_exact
S_2339f1e461a6c2cb,3F,floor_out,2026-02-27,2026-02,金,ショート,1,,立澤 卓也,立澤卓也,AM,送,自宅,,自宅,自宅退所,,excel_workbook,data/raw/source_excels/アルボース３階入退所予定表.xls,R8.2月,213,right,00141884,2026-02-25,2026-02-27,0,matched_exact
S_d92c20d012ac4ffc,3F,floor_out,2026-02-27,2026-02,金,ショート,1,,横澤 英子,横澤英子,AM,送,自宅,,自宅,自宅退所,,excel_workbook,data/raw/source_excels/アルボース３階入退所予定表.xls,R8.2月,214,right,00107995,2026-02-24,2026-02-27,0,matched_exact
S_afeeb0b8cc029483,3F,floor_in,2026-03-02,2026-03,月,入所,1,新,久保田 里美,久保田里美,10:30,,併設Hsp,,,,,excel_workbook,data/raw/source_excels/アルボース３階入退所予定表.xls,R8.3月,13,left,00165443,2026-03-02,2026-05-31,0,matched_exact
S_b8964dd6b3d901e9,3F,floor_out,2026-03-02,2026-03,月,ショート,1,,大和 米秋,大和米秋,AM,送,自宅,,自宅,自宅退所,,excel_workbook,data/raw/source_excels/アルボース３階入退所予定表.xls,R8.3月,13,right,00050154,2026-02-26,2026-03-02,0,matched_exact
S_a98701ae0d0249b5,3F,floor_in,2026-03-03,2026-03,火,ショート,1,,横澤 英子,横澤英子,AM,迎,自宅,~7,,,,excel_workbook,data/raw/source_excels/アルボース３階入退所予定表.xls,R8.3月,21,left,00107995,2026-03-03,2026-03-07,0,matched_exact
S_6a24a0549d9c20a2,3F,floor_out,2026-03-03,2026-03,火,ショート,1,,根岸 文作,根岸文作,10:00,,自宅,,自宅,自宅退所,,excel_workbook,data/raw/source_excels/アルボース３階入退所予定表.xls,R8.3月,21,right,00122184,2026-02-27,2026-03-03,0,matched_exact
S_3891498ece1e6e59,3F,floor_in,2026-03-06,2026-03,金,ショート,1,,立澤 卓也,立澤卓也,AM,迎,自宅,,,,,excel_workbook,data/raw/source_excels/アルボース３階入退所予定表.xls,R8.3月,45,left,00141884,2026-03-06,2026-03-12,0,matched_exact
S_70dfae01cbfb52c2,3F,floor_in,2026-03-07,2026-03,土,ショート,1,,大和 米秋,大和米秋,AM,迎,自宅,,,,,excel_workbook,data/raw/source_excels/アルボース３階入退所予定表.xls,R8.3月,53,left,00050154,2026-03-07,2026-03-08,0,matched_exact
S_accfed756946ff33,3F,floor_out,2026-03-07,2026-03,土,ショート,1,,横澤 英子,横澤英子,AM,送,自宅,,自宅,自宅退所,,excel_workbook,data/raw/source_excels/アルボース３階入退所予定表.xls,R8.3月,53,right,00107995,2026-03-03,2026-03-07,0,matched_exact
S_64ccf0a43ae9871d,3F,floor_out,2026-03-08,2026-03,日,ショート,1,,大和 米秋,大和米秋,10:00,,自宅,,自宅,自宅退所,,excel_workbook,data/raw/source_excels/アルボース３階入退所予定表.xls,R8.3月,61,right,00050154,2026-03-07,2026-03-08,0,matched_exact
S_60aa568aeba7dc68,3F,floor_in,2026-03-09,2026-03,月,入所,1,新,横田 美登利,横田美登利,10:30,,ショート,ことぶき,,,,excel_workbook,data/raw/source_excels/アルボース３階入退所予定表.xls,R8.3月,69,left,00053616,2026-03-09,2026-05-31,0,matched_exact
S_0de1115be7357e5b,3F,floor_out,2026-03-10,2026-03,火,入所,1,,萩原 幸子,萩原幸子,08:51,,死去,,死亡,死亡退所,死亡退所,excel_workbook,data/raw/source_excels/アルボース３階入退所予定表.xls,R8.3月,77,right,00101111,2025-07-07,2026-03-10,0,matched_exact
S_ed5d32fe87016bd2,3F,floor_in,2026-03-12,2026-03,木,ショート,1,,五十嵐 秀夫,五十嵐秀夫,AM,迎,自宅,~18,,,,excel_workbook,data/raw/source_excels/アルボース３階入退所予定表.xls,R8.3月,93,left,00152259,2026-03-12,2026-03-19,0,matched_exact
S_076ce27b25d918af,3F,floor_out,2026-03-12,2026-03,木,ショート,1,,立澤 卓也,立澤卓也,AM,送,自宅,,自宅,自宅退所,,excel_workbook,data/raw/source_excels/アルボース３階入退所予定表.xls,R8.3月,93,right,00141884,2026-03-06,2026-03-12,0,matched_exact
S_c653a9eb17ff6fee,3F,floor_in,2026-03-14,2026-03,土,ショート,1,,横澤 英子,横澤英子,AM,迎,自宅,~19,,,,excel_workbook,data/raw/source_excels/アルボース３階入退所予定表.xls,R8.3月,109,left,00107995,2026-03-14,2026-03-19,0,matched_exact
S_da9dceef3d2382e0,3F,floor_out,2026-03-14,2026-03,土,入所,1,,櫻井 幸子,櫻井幸子,10:00,,介護付有料,藤和の苑,介護付有料,施設退所,施設退所,excel_workbook,data/raw/source_excels/アルボース３階入退所予定表.xls,R8.3月,109,right,00027925,2026-01-14,2026-03-14,0,matched_exact
S_3e051e04040b9e9c,3F,floor_in,2026-03-18,2026-03,水,ショート,1,,大和 米秋,大和米秋,AM,迎,自宅,~20,,,,excel_workbook,data/raw/source_excels/アルボース３階入退所予定表.xls,R8.3月,142,left,00050154,2026-03-18,2026-03-20,0,matched_exact
S_bfc124d6acd572ea,3F,floor_in,2026-03-19,2026-03,木,入所,1,,吉田 信子,吉田信子,AM,,ユニット,,,,,excel_workbook,data/raw/source_excels/アルボース３階入退所予定表.xls,R8.3月,149,left,00129553,2026-03-19,2026-05-07,0,matched_exact
S_78ac15a7a9bf3d3d,3F,floor_out,2026-03-19,2026-03,木,ショート,1,,五十嵐 秀夫,五十嵐秀夫,AM,送,自宅,,自宅,自宅退所,,excel_workbook,data/raw/source_excels/アルボース３階入退所予定表.xls,R8.3月,149,right,00152259,2026-03-12,2026-03-19,0,matched_exact
S_f016ac6f07ce97df,3F,floor_in,2026-03-19,2026-03,木,ショート,1,,本木 初江,本木初江,AM,迎,自宅,~25,,,,excel_workbook,data/raw/source_excels/アルボース３階入退所予定表.xls,R8.3月,150,left,00096864,2026-03-19,2026-03-25,0,matched_exact
S_b13d8d9864c3224e,3F,floor_out,2026-03-19,2026-03,木,ショート,1,,横澤 英子,横澤英子,AM,送,自宅,,自宅,自宅退所,,excel_workbook,data/raw/source_excels/アルボース３階入退所予定表.xls,R8.3月,150,right,00107995,2026-03-14,2026-03-19,0,matched_exact
S_4d5bde03ee6a7162,3F,floor_out,2026-03-20,2026-03,金,ショート,1,,大和 米秋,大和米秋,10:00,,自宅,,自宅,自宅退所,,excel_workbook,data/raw/source_excels/アルボース３階入退所予定表.xls,R8.3月,157,right,00050154,2026-03-18,2026-03-20,0,matched_exact
S_3be27ed35c13fe10,3F,floor_in,2026-03-21,2026-03,土,ショート,1,,栗原 文子,栗原文子,AM,迎,自宅,~23,,,,excel_workbook,data/raw/source_excels/アルボース３階入退所予定表.xls,R8.3月,165,left,00083160,2026-03-21,2026-03-23,0,matched_exact
S_a47af08f27e2698c,3F,floor_out,2026-03-21,2026-03,土,入所,1,,小林 ます子,小林ます子,13:30,,住宅型有料,名和の樹,住宅型有料,施設退所,施設退所,excel_workbook,data/raw/source_excels/アルボース３階入退所予定表.xls,R8.3月,165,right,00054821,2025-09-13,2026-03-21,0,matched_exact
S_89ec526b7b828c55,3F,floor_out,2026-03-22,2026-03,日,退所,1,,木村 孝一,木村孝一,10:30,,死去,,死亡,死亡退所,死亡退所,excel_workbook,data/raw/source_excels/アルボース３階入退所予定表.xls,R8.3月,173,right,00112027,2025-12-19,2026-03-22,0,matched_exact
S_d96524ac35709b16,3F,floor_in,2026-03-23,2026-03,月,ショート,1,,立澤 卓也,立澤卓也,AM,迎,自宅,,,,,excel_workbook,data/raw/source_excels/アルボース３階入退所予定表.xls,R8.3月,181,left,00141884,2026-03-23,2026-03-27,0,matched_exact
S_0846ba21b411f1a8,3F,floor_out,2026-03-23,2026-03,月,ショート,1,,栗原 文子,栗原文子,AM,送,自宅,,自宅,自宅退所,,excel_workbook,data/raw/source_excels/アルボース３階入退所予定表.xls,R8.3月,181,right,00083160,2026-03-21,2026-03-23,0,matched_exact
S_b5b8759f19c8f68d,3F,floor_in,2026-03-23,2026-03,月,入所,1,新,髙野 健,髙野健,10:30,,併設Hsp,,,,,excel_workbook,data/raw/source_excels/アルボース３階入退所予定表.xls,R8.3月,182,left,00136094,2026-03-23,2026-05-24,0,matched_exact
S_7849513b3d73983e,3F,floor_out,2026-03-25,2026-03,水,ショート,1,,本木 初江,本木初江,AM,送,自宅,,自宅,自宅退所,,excel_workbook,data/raw/source_excels/アルボース３階入退所予定表.xls,R8.3月,197,right,00096864,2026-03-19,2026-03-25,0,matched_exact
S_0920c88c95438e10,3F,floor_out,2026-03-27,2026-03,金,ショート,1,,立澤 卓也,立澤卓也,AM,送,自宅,,自宅,自宅退所,,excel_workbook,data/raw/source_excels/アルボース３階入退所予定表.xls,R8.3月,213,right,00141884,2026-03-23,2026-03-27,0,matched_exact
S_feca4eac184d40d5,3F,floor_out,2026-03-29,2026-03,日,入所,1,,堀越 圭子,堀越圭子,08:52,,死去,,死亡,死亡退所,死亡退所,excel_workbook,data/raw/source_excels/アルボース３階入退所予定表.xls,R8.3月,229,right,00149982,2025-11-19,2026-03-29,0,matched_exact
S_32745ca2dc161220,3F,floor_in,2026-03-30,2026-03,月,ショート,1,,横澤 英子,横澤英子,AM,迎,自宅,,,,,excel_workbook,data/raw/source_excels/アルボース３階入退所予定表.xls,R8.3月,237,left,00107995,2026-03-30,2026-04-06,0,matched_exact
S_c284511fd24c2a52,3F,floor_out,2026-03-30,2026-03,月,入所,1,,内山 美津子,内山美津子,14:50,,死去,,死亡,死亡退所,死亡退所,excel_workbook,data/raw/source_excels/アルボース３階入退所予定表.xls,R8.3月,237,right,00165904,2025-12-12,2026-03-30,0,matched_exact
S_d67b53072bde80ea,3F,floor_in,2026-04-01,2026-04,水,入所,1,新,齊藤 守久,齊藤守久,10:30,,併設Hsp,,,,,excel_workbook,data/raw/source_excels/アルボース３階入退所予定表.xls,R8.4月,5,left,00167775,2026-04-01,2026-05-31,0,matched_exact
S_bd62e5f0929aea48,3F,floor_in,2026-04-02,2026-04,木,入所,1,,五十嵐 秀夫,五十嵐秀夫,AM,,ユニット,,,,,excel_workbook,data/raw/source_excels/アルボース３階入退所予定表.xls,R8.4月,13,left,00152259,2026-04-02,2026-05-31,0,matched_exact
S_38633921a3b7be55,3F,floor_out,2026-04-02,2026-04,木,入所,1,,森 クニ子,森クニ子,14:00,,自宅,,自宅,自宅退所,,excel_workbook,data/raw/source_excels/アルボース３階入退所予定表.xls,R8.4月,13,right,00100859,2026-01-22,2026-04-02,0,matched_exact
S_8ed4ce1f95bb86fe,3F,floor_in,2026-04-06,2026-04,月,ショート,1,,立澤 卓也,立澤卓也,AM,迎,自宅,~15,,,,excel_workbook,data/raw/source_excels/アルボース３階入退所予定表.xls,R8.4月,45,left,00141884,2026-04-06,2026-04-15,0,matched_exact
S_d554e39fbbf0157d,3F,floor_out,2026-04-06,2026-04,月,ショート,1,,横澤 英子,横澤英子,AM,送,自宅,,自宅,自宅退所,,excel_workbook,data/raw/source_excels/アルボース３階入退所予定表.xls,R8.4月,45,right,00107995,2026-03-30,2026-04-06,0,matched_exact
S_2e9c6485a52d67dc,3F,floor_in,2026-04-06,2026-04,月,ショート,1,,栗原 文子,栗原文子,AM,迎,自宅,~8,,,,excel_workbook,data/raw/source_excels/アルボース３階入退所予定表.xls,R8.4月,46,left,00083160,2026-04-06,2026-04-08,0,matched_exact
S_62658aa5bedb253e,3F,floor_in,2026-04-06,2026-04,月,ショート,1,新,栗原 保美,栗原保美,16:30,,黒沢Hsp,~12,,,,excel_workbook,data/raw/source_excels/アルボース３階入退所予定表.xls,R8.4月,52,left,00079686,2026-04-06,2026-04-12,0,matched_exact
S_400fea792da3d224,3F,floor_out,2026-04-08,2026-04,水,ショート,1,,栗原 文子,栗原文子,AM,送,自宅,,自宅,自宅退所,,excel_workbook,data/raw/source_excels/アルボース３階入退所予定表.xls,R8.4月,61,right,00083160,2026-04-06,2026-04-08,0,matched_exact
S_9f07c21987db980d,3F,floor_in,2026-04-09,2026-04,木,ショート,1,,本木 初江,本木初江,AM,迎,自宅,~16,,,,excel_workbook,data/raw/source_excels/アルボース３階入退所予定表.xls,R8.4月,69,left,00096864,2026-04-09,2026-04-16,0,matched_exact
S_c4e307bbe9954ceb,3F,floor_out,2026-04-09,2026-04,木,入所,1,,吉村 リツ子,吉村リツ子,10:00,,自宅,,自宅,自宅退所,,excel_workbook,data/raw/source_excels/アルボース３階入退所予定表.xls,R8.4月,69,right,00163928,2025-07-18,2026-04-09,0,matched_exact
S_48c450f435c21049,3F,floor_in,2026-04-11,2026-04,土,ショート,1,,大和 米秋,大和米秋,AM,迎,自宅,~13,,,,excel_workbook,data/raw/source_excels/アルボース３階入退所予定表.xls,R8.4月,85,left,00050154,2026-04-11,2026-04-13,0,matched_exact
S_cee6bc0c766f8e88,3F,floor_out,2026-04-11,2026-04,土,入所,1,,斎藤 文子,斎藤文子,10:00,,自宅,介護タクシー,自宅,自宅退所,,excel_workbook,data/raw/source_excels/アルボース３階入退所予定表.xls,R8.4月,85,right,,,,,not_matched_name_unknown
S_be3f95f582e6bfb1,3F,floor_out,2026-04-12,2026-04,日,ショート,1,,栗原 保美,栗原保美,10:00,,自宅,,自宅,自宅退所,,excel_workbook,data/raw/source_excels/アルボース３階入退所予定表.xls,R8.4月,93,right,00079686,2026-04-06,2026-04-12,0,matched_exact
S_70f4da8d2900db61,3F,floor_in,2026-04-13,2026-04,月,ショート,1,,吉村 リツ子,吉村リツ子,11:00,,自宅,~5月,,,,excel_workbook,data/raw/source_excels/アルボース３階入退所予定表.xls,R8.4月,101,left,00163928,2026-04-13,2026-05-08,0,matched_exact
S_7389e503ab80ec40,3F,floor_out,2026-04-13,2026-04,月,ショート,1,,大和 米秋,大和米秋,AM,送,自宅,,自宅,自宅退所,,excel_workbook,data/raw/source_excels/アルボース３階入退所予定表.xls,R8.4月,101,right,00050154,2026-04-11,2026-04-13,0,matched_exact
S_1a439642b2b94da8,3F,floor_in,2026-04-15,2026-04,水,ショート,1,,横澤 英子,横澤英子,AM,迎,自宅,~21,,,,excel_workbook,data/raw/source_excels/アルボース３階入退所予定表.xls,R8.4月,117,left,00107995,2026-04-15,2026-04-21,0,matched_exact
S_7ac679dd88a1f530,3F,floor_out,2026-04-15,2026-04,水,ショート,1,,立澤 卓也,立澤卓也,AM,送,自宅,,自宅,自宅退所,,excel_workbook,data/raw/source_excels/アルボース３階入退所予定表.xls,R8.4月,117,right,00141884,2026-04-06,2026-04-15,0,matched_exact
S_c6ed097630f73c96,3F,floor_out,2026-04-16,2026-04,木,ショート,1,,本木 初江,本木初江,AM,送,自宅,,自宅,自宅退所,,excel_workbook,data/raw/source_excels/アルボース３階入退所予定表.xls,R8.4月,125,right,00096864,2026-04-09,2026-04-16,0,matched_exact
S_ff1e4fefad04cc25,3F,floor_in,2026-04-20,2026-04,月,ショート,1,,斎藤 文子,斎藤文子,AM,迎,自宅,~4/30,,,,excel_workbook,data/raw/source_excels/アルボース３階入退所予定表.xls,R8.4月,157,left,,,,,not_matched_name_unknown
S_30bffe0bd05af19f,3F,floor_in,2026-04-21,2026-04,火,入所,1,新,鈴木 延子,鈴木延子,10:30,,併設Hsp,,,,,excel_workbook,data/raw/source_excels/アルボース３階入退所予定表.xls,R8.4月,165,left,00167325,2026-04-21,2026-04-29,0,matched_exact
S_a6f6b422b5a88ed8,3F,floor_out,2026-04-21,2026-04,火,ショート,1,,横澤 英子,横澤英子,AM,送,自宅,,自宅,自宅退所,,excel_workbook,data/raw/source_excels/アルボース３階入退所予定表.xls,R8.4月,165,right,00107995,2026-04-15,2026-04-21,0,matched_exact
S_d161d0508518d488,3F,floor_in,2026-04-22,2026-04,水,ショート,1,,立澤 卓也,立澤卓也,AM,迎,自宅,~27,,,,excel_workbook,data/raw/source_excels/アルボース３階入退所予定表.xls,R8.4月,173,left,00141884,2026-04-22,2026-04-27,0,matched_exact
S_aca7292d2e7bbe73,3F,floor_in,2026-04-24,2026-04,金,転棟,1,,吉永 昌代,吉永昌代,PM,,2階,,,,,excel_workbook,data/raw/source_excels/アルボース３階入退所予定表.xls,R8.4月,189,left,00060895,2026-04-24,2026-05-31,0,matched_exact
S_1c0ad3c2423a5d12,3F,floor_in,2026-04-27,2026-04,月,ショート,1,,栗原 文子,栗原文子,AM,迎,自宅,~5/11,,,,excel_workbook,data/raw/source_excels/アルボース３階入退所予定表.xls,R8.4月,213,left,00083160,2026-04-27,2026-05-13,0,matched_exact
S_915c964a696a159a,3F,floor_out,2026-04-27,2026-04,月,ショート,1,,立澤 卓也,立澤卓也,AM,送,自宅,,自宅,自宅退所,,excel_workbook,data/raw/source_excels/アルボース３階入退所予定表.xls,R8.4月,213,right,00141884,2026-04-22,2026-04-27,0,matched_exact
S_ecca3621ca2ecf3b,3F,floor_in,2026-04-30,2026-04,木,ショート,1,,横澤 英子,横澤英子,AM,迎,自宅,~5/8,,,,excel_workbook,data/raw/source_excels/アルボース３階入退所予定表.xls,R8.4月,237,left,00107995,2026-04-30,2026-05-07,0,matched_exact
S_6d68c0ad4a1b002e,3F,floor_out,2026-04-30,2026-04,木,ショート,1,,斎藤 文子,斎藤文子,AM,送,自宅,,自宅,自宅退所,,excel_workbook,data/raw/source_excels/アルボース３階入退所予定表.xls,R8.4月,237,right,,,,,not_matched_name_unknown
S_c10f599ed4ece77f,3F,floor_in,2026-04-30,2026-04,木,ショート,1,新,川端 道子,川端道子,10:30,,自宅,~5/6,,,,excel_workbook,data/raw/source_excels/アルボース３階入退所予定表.xls,R8.4月,238,left,00106138,2026-04-30,2026-05-06,0,matched_exact
S_2f8f0748ad07a58e,3F,floor_out,2026-04-30,2026-04,木,転床,1,,鈴木 延子,鈴木延子,AM,,2階,,2階,,,excel_workbook,data/raw/source_excels/アルボース３階入退所予定表.xls,R8.4月,238,right,00167325,2026-04-21,2026-04-29,-1,matched_within_tolerance
S_2ba2cedce7272664,3F,floor_in,2026-05-01,2026-05,金,ショート,1,新,安原 平造,安原平造,10:30,,自宅,,,,,excel_workbook,data/raw/source_excels/アルボース３階入退所予定表.xls,R8.5月,5,left,00020434,2026-05-01,2026-05-04,0,matched_exact
S_65affa60815fd087,3F,floor_out,2026-05-05,2026-05,火,ショート,1,,安原 平造,安原平造,06:30,,美原Hsp,,美原Hsp,ショート終了,,excel_workbook,data/raw/source_excels/アルボース３階入退所予定表.xls,R8.5月,37,right,00020434,2026-05-01,2026-05-04,-1,matched_within_tolerance
S_a6606e8245eff4c2,3F,floor_out,2026-05-06,2026-05,水,ショート,1,,川端 道子,川端道子,10:00,,自宅,,自宅,自宅退所,,excel_workbook,data/raw/source_excels/アルボース３階入退所予定表.xls,R8.5月,45,right,00106138,2026-04-30,2026-05-06,0,matched_exact
S_4f18fb7423586d5d,3F,floor_in,2026-05-07,2026-05,木,ショート,1,,立澤 卓也,立澤卓也,AM,迎,自宅,~15,,,,excel_workbook,data/raw/source_excels/アルボース３階入退所予定表.xls,R8.5月,53,left,00141884,2026-05-07,2026-05-15,0,matched_exact
S_f49f8f5d42e9259c,3F,floor_out,2026-05-07,2026-05,木,ショート,1,,横澤 英子,横澤英子,AM,送,自宅,,自宅,自宅退所,,excel_workbook,data/raw/source_excels/アルボース３階入退所予定表.xls,R8.5月,53,right,00107995,2026-04-30,2026-05-07,0,matched_exact
S_8e011633b1cb0b6a,3F,floor_in,2026-05-08,2026-05,金,ショート,1,,齋藤 文子,齋藤文子,AM,迎,自宅,~14,,,,excel_workbook,data/raw/source_excels/アルボース３階入退所予定表.xls,R8.5月,61,left,00142228,2026-05-08,2026-05-14,0,matched_exact
S_94ec16f7829ca993,3F,floor_out,2026-05-08,2026-05,金,ショート,1,,吉村 リツ子,吉村リツ子,10:00,,自宅,,自宅,自宅退所,,excel_workbook,data/raw/source_excels/アルボース３階入退所予定表.xls,R8.5月,61,right,00163928,2026-04-13,2026-05-08,0,matched_exact
S_2bd1805312389548,3F,floor_out,2026-05-08,2026-05,金,入所,1,,吉田 信子,吉田信子,AM,,ユニット,,ユニット,施設内移動,,excel_workbook,data/raw/source_excels/アルボース３階入退所予定表.xls,R8.5月,62,right,00129553,2026-03-19,2026-05-07,-1,matched_within_tolerance
S_74b62f7a65aac6df,3F,floor_in,2026-05-11,2026-05,月,入所,1,,吉村 リツ子,吉村リツ子,10:30,,自宅,,,,,excel_workbook,data/raw/source_excels/アルボース３階入退所予定表.xls,R8.5月,86,left,00163928,2026-05-11,2026-05-31,0,matched_exact
S_40ecd3ff3747b349,3F,floor_in,2026-05-13,2026-05,水,入所,1,新,森田 徳造,森田徳造,10:30,,自宅,,,,,excel_workbook,data/raw/source_excels/アルボース３階入退所予定表.xls,R8.5月,101,left,,,,,not_matched_name_unknown
S_13aa4b0784219a9c,3F,floor_out,2026-05-13,2026-05,水,ショート,1,,栗原 文子,栗原文子,AM,送,自宅,,自宅,自宅退所,,excel_workbook,data/raw/source_excels/アルボース３階入退所予定表.xls,R8.5月,101,right,00083160,2026-04-27,2026-05-13,0,matched_exact
S_c31084a0534d6bd1,3F,floor_in,2026-05-14,2026-05,木,ショート,1,,本木 初江,本木初江,AM,迎,自宅,~20,,,,excel_workbook,data/raw/source_excels/アルボース３階入退所予定表.xls,R8.5月,109,left,00096864,2026-05-14,2026-05-20,0,matched_exact
S_f447c9583f3101a4,3F,floor_out,2026-05-14,2026-05,木,ショート,1,,齋藤 文子,齋藤文子,AM,送,自宅,,自宅,自宅退所,,excel_workbook,data/raw/source_excels/アルボース３階入退所予定表.xls,R8.5月,109,right,00142228,2026-05-08,2026-05-14,0,matched_exact
S_2e84606cedc4afec,3F,floor_in,2026-05-15,2026-05,金,ショート,1,,横澤 英子,横澤英子,AM,迎,自宅,~19,,,,excel_workbook,data/raw/source_excels/アルボース３階入退所予定表.xls,R8.5月,117,left,00107995,2026-05-15,2026-05-19,0,matched_exact
S_457f3dd59366254a,3F,floor_out,2026-05-15,2026-05,金,ショート,1,,立澤 卓也,立澤卓也,AM,送,自宅,,自宅,自宅退所,,excel_workbook,data/raw/source_excels/アルボース３階入退所予定表.xls,R8.5月,117,right,00141884,2026-05-07,2026-05-15,0,matched_exact
S_448d7f157f040370,3F,floor_in,2026-05-15,2026-05,金,入所,1,新,女屋 榮一,女屋榮一,10:30,,美原Hsp,,,,,excel_workbook,data/raw/source_excels/アルボース３階入退所予定表.xls,R8.5月,118,left,00127161,2026-05-15,2026-05-31,0,matched_exact
S_64ad6a2c6b7ce61c,3F,floor_out,2026-05-19,2026-05,火,ショート,1,,横澤 英子,横澤英子,AM,送,自宅,,自宅,自宅退所,,excel_workbook,data/raw/source_excels/アルボース３階入退所予定表.xls,R8.5月,149,right,00107995,2026-05-15,2026-05-19,0,matched_exact
S_6c41424dd9876ba5,3F,floor_out,2026-05-19,2026-05,火,入所,1,,小嶌 静江,小嶌静江,13:21,,死去,,死亡,死亡退所,死亡退所,excel_workbook,data/raw/source_excels/アルボース３階入退所予定表.xls,R8.5月,150,right,,,,,not_matched_name_unknown
S_d12302412e3690b5,3F,floor_in,2026-05-20,2026-05,水,ショート,1,,齋藤 文子,齋藤文子,AM,迎,自宅,~22,,,,excel_workbook,data/raw/source_excels/アルボース３階入退所予定表.xls,R8.5月,157,left,00142228,2026-05-20,2026-05-22,0,matched_exact
S_7905e919d02fe5a3,3F,floor_out,2026-05-20,2026-05,水,ショート,1,,本木 初江,本木初江,AM,送,自宅,,自宅,自宅退所,,excel_workbook,data/raw/source_excels/アルボース３階入退所予定表.xls,R8.5月,157,right,00096864,2026-05-14,2026-05-20,0,matched_exact
S_81e9cbaf6fb781bd,3F,floor_in,2026-05-22,2026-05,金,ショート,1,,立澤 卓也,立澤卓也,AM,迎え,自宅,~27,,,,excel_workbook,data/raw/source_excels/アルボース３階入退所予定表.xls,R8.5月,173,left,00141884,2026-05-22,2026-05-25,0,matched_exact
S_35598ebb0aa27c1d,3F,floor_out,2026-05-22,2026-05,金,ショート,1,,齋藤 文子,齋藤文子,AM,送,自宅,,自宅,自宅退所,,excel_workbook,data/raw/source_excels/アルボース３階入退所予定表.xls,R8.5月,173,right,00142228,2026-05-20,2026-05-22,0,matched_exact
S_c1d456bd422c47b5,3F,floor_out,2026-05-25,2026-05,月,ショート,1,,立澤 卓也,立澤卓也,AM,送,自宅,,自宅,自宅退所,,excel_workbook,data/raw/source_excels/アルボース３階入退所予定表.xls,R8.5月,197,right,00141884,2026-05-22,2026-05-25,0,matched_exact
S_98398f92e7d73a38,3F,floor_out,2026-05-25,2026-05,月,入所,1,,髙野 健,髙野健,AM,,ユニット,,ユニット,施設内移動,,excel_workbook,data/raw/source_excels/アルボース３階入退所予定表.xls,R8.5月,198,right,00136094,2026-03-23,2026-05-24,-1,matched_within_tolerance
S_6b7e13b6e763e8a9,3F,floor_in,2026-05-26,2026-05,火,ショート,1,,大和 米秋,大和米秋,AM,迎,自宅,~28,,,,excel_workbook,data/raw/source_excels/アルボース３階入退所予定表.xls,R8.5月,205,left,00050154,2026-05-26,2026-05-28,0,matched_exact
S_061f043a6f49c5be,3F,floor_in,2026-05-26,2026-05,火,入所,1,新,小和瀬 潤,小和瀬潤,10:30,,原病院,,,,,excel_workbook,data/raw/source_excels/アルボース３階入退所予定表.xls,R8.5月,206,left,,,,,not_matched_name_unknown
S_e5ab8f2dc5ec68a9,3F,floor_in,2026-05-27,2026-05,水,ショート,1,,齋藤 文子,齋藤文子,AM,迎,自宅,~29,,,,excel_workbook,data/raw/source_excels/アルボース３階入退所予定表.xls,R8.5月,213,left,00142228,2026-05-27,2026-05-29,0,matched_exact
S_a77f4d62b45d75c7,3F,floor_out,2026-05-28,2026-05,木,ショート,1,,大和 米秋,大和米秋,AM,送,自宅,,自宅,自宅退所,,excel_workbook,data/raw/source_excels/アルボース３階入退所予定表.xls,R8.5月,221,right,00050154,2026-05-26,2026-05-28,0,matched_exact
S_fefca12fc421b70a,3F,floor_in,2026-05-29,2026-05,金,ショート,1,,横澤 英子,横澤英子,AM,迎,自宅,~6月,,,,excel_workbook,data/raw/source_excels/アルボース３階入退所予定表.xls,R8.5月,229,left,00107995,2026-05-29,2026-05-31,0,matched_exact
S_c99e6c6c83a435d8,3F,floor_out,2026-05-29,2026-05,金,ショート,1,,齋藤 文子,齋藤文子,AM,送,自宅,,自宅,自宅退所,,excel_workbook,data/raw/source_excels/アルボース３階入退所予定表.xls,R8.5月,229,right,00142228,2026-05-27,2026-05-29,0,matched_exact
S_f61a3a2b995c73f6,3F,floor_in,2026-05-30,2026-05,土,入所,1,,島田 芳一,島田芳一,AM,,2F,,,,,excel_workbook,data/raw/source_excels/アルボース３階入退所予定表.xls,R8.5月,237,left,00021571,2026-05-30,2026-05-31,0,matched_exact
