city,address_for_input,full_address,level,chome_num,lat,lng,map_x,map_y,map_x_ratio,map_y_ratio,source
群馬県伊勢崎市,群馬県伊勢崎市ひろせ町1,群馬県伊勢崎市ひろせ町一丁目,estimated,1,36.300218,139.196857,171.02411907401665,335.76742293578155,0.422819,0.659274,estimated-by-town
群馬県伊勢崎市,群馬県伊勢崎市ひろせ町2,群馬県伊勢崎市ひろせ町二丁目,estimated,2,36.300218,139.196857,201.03630046304096,342.97271020094587,0.422819,0.659274,estimated-by-town
群馬県伊勢崎市,群馬県伊勢崎市ひろせ町3,群馬県伊勢崎市ひろせ町三丁目,estimated,3,36.300218,139.196857,212.635386072293,322.83244373599365,0.422819,0.659274,estimated-by-town
群馬県伊勢崎市,群馬県伊勢崎市ひろせ町4,群馬県伊勢崎市ひろせ町四丁目,estimated,4,36.300218,139.196857,176.87975949384156,348.8654926784849,0.422819,0.659274,estimated-by-town
群馬県伊勢崎市,群馬県伊勢崎市ひろせ町5,群馬県伊勢崎市ひろせ町五丁目,estimated,5,36.300218,139.196857,204.93474079096305,316.65185833471446,0.422819,0.659274,estimated-by-town
群馬県伊勢崎市,群馬県伊勢崎市ひろせ町6,群馬県伊勢崎市ひろせ町六丁目,estimated,6,36.300218,139.196857,201.60505012640476,304.2598876143757,0.422819,0.659274,estimated-by-town
群馬県伊勢崎市,群馬県伊勢崎市ひろせ町7,群馬県伊勢崎市ひろせ町七丁目,estimated,7,36.300218,139.196857,201.7117339927073,302.0518173227257,0.422819,0.659274,estimated-by-town
群馬県伊勢崎市,群馬県伊勢崎市ひろせ町8,群馬県伊勢崎市ひろせ町八丁目,estimated,8,36.300218,139.196857,183.56480005284706,306.7155576479296,0.422819,0.659274,estimated-by-town
群馬県伊勢崎市,群馬県伊勢崎市ひろせ町9,群馬県伊勢崎市ひろせ町九丁目,estimated,9,36.300218,139.196857,166.16136355893497,316.83158392310503,0.422819,0.659274,estimated-by-town
群馬県伊勢崎市,群馬県伊勢崎市ひろせ町10,群馬県伊勢崎市ひろせ町十丁目,estimated,10,36.300218,139.196857,160.02222521132796,334.7645713530756,0.422819,0.659274,estimated-by-town
群馬県伊勢崎市,群馬県伊勢崎市三光町1,群馬県伊勢崎市三光町一丁目,estimated,1,36.318012,139.191756,208.02134497435782,249.38131840027697,0.425056,0.528226,estimated-by-town
群馬県伊勢崎市,群馬県伊勢崎市三光町2,群馬県伊勢崎市三光町二丁目,estimated,2,36.318012,139.191756,189.37180905935497,279.98903488634375,0.425056,0.528226,estimated-by-town
群馬県伊勢崎市,群馬県伊勢崎市三光町3,群馬県伊勢崎市三光町三丁目,estimated,3,36.318012,139.191756,186.93819177887855,240.21410248768547,0.425056,0.528226,estimated-by-town
群馬県伊勢崎市,群馬県伊勢崎市三光町4,群馬県伊勢崎市三光町四丁目,estimated,4,36.318012,139.191756,171.42137936306514,278.72826515897145,0.425056,0.528226,estimated-by-town
群馬県伊勢崎市,群馬県伊勢崎市三光町5,群馬県伊勢崎市三光町五丁目,estimated,5,36.318012,139.191756,206.603610764901,247.56670136220885,0.425056,0.528226,estimated-by-town
群馬県伊勢崎市,群馬県伊勢崎市三光町6,群馬県伊勢崎市三光町六丁目,estimated,6,36.318012,139.191756,170.77476608123362,267.51274711634,0.425056,0.528226,estimated-by-town
群馬県伊勢崎市,群馬県伊勢崎市三光町7,群馬県伊勢崎市三光町七丁目,estimated,7,36.318012,139.191756,218.19077862357724,272.2606042997701,0.425056,0.528226,estimated-by-town
群馬県伊勢崎市,群馬県伊勢崎市三光町8,群馬県伊勢崎市三光町八丁目,estimated,8,36.318012,139.191756,208.05445069456144,285.9590653014188,0.425056,0.528226,estimated-by-town
群馬県伊勢崎市,群馬県伊勢崎市三光町9,群馬県伊勢崎市三光町九丁目,estimated,9,36.318012,139.191756,210.48827959377476,278.0071983584671,0.425056,0.528226,estimated-by-town
群馬県伊勢崎市,群馬県伊勢崎市三光町10,群馬県伊勢崎市三光町十丁目,estimated,10,36.318012,139.191756,202.92889098183883,278.54822582574116,0.425056,0.528226,estimated-by-town
群馬県伊勢崎市,群馬県伊勢崎市三和町1,群馬県伊勢崎市三和町一丁目,estimated,1,36.350272,139.221884,248.82025990867248,247.66577056626858,0.548098,0.455645,estimated-by-town
群馬県伊勢崎市,群馬県伊勢崎市三和町2,群馬県伊勢崎市三和町二丁目,estimated,2,36.350272,139.221884,259.0841468835767,199.5115722142322,0.548098,0.455645,estimated-by-town
群馬県伊勢崎市,群馬県伊勢崎市三和町3,群馬県伊勢崎市三和町三丁目,estimated,3,36.350272,139.221884,269.9481826772743,238.7117339927073,0.548098,0.455645,estimated-by-town
群馬県伊勢崎市,群馬県伊勢崎市三和町4,群馬県伊勢崎市三和町四丁目,estimated,4,36.350272,139.221884,226.29716519119506,244.06111763193394,0.548098,0.455645,estimated-by-town
群馬県伊勢崎市,群馬県伊勢崎市三和町5,群馬県伊勢崎市三和町五丁目,estimated,5,36.350272,139.221884,261.8211351372409,241.68596228143747,0.548098,0.455645,estimated-by-town
群馬県伊勢崎市,群馬県伊勢崎市三和町6,群馬県伊勢崎市三和町六丁目,estimated,6,36.350272,139.221884,228.6864598333403,218.3928712886674,0.548098,0.455645,estimated-by-town
群馬県伊勢崎市,群馬県伊勢崎市三和町7,群馬県伊勢崎市三和町七丁目,estimated,7,36.350272,139.221884,224.92608180923426,248.29434476432183,0.548098,0.455645,estimated-by-town
群馬県伊勢崎市,群馬県伊勢崎市三和町8,群馬県伊勢崎市三和町八丁目,estimated,8,36.350272,139.221884,236.79464630172524,206.66939807749876,0.548098,0.455645,estimated-by-town
群馬県伊勢崎市,群馬県伊勢崎市三和町9,群馬県伊勢崎市三和町九丁目,estimated,9,36.350272,139.221884,233.6113739938776,251.57927281399282,0.548098,0.455645,estimated-by-town
群馬県伊勢崎市,群馬県伊勢崎市三和町10,群馬県伊勢崎市三和町十丁目,estimated,10,36.350272,139.221884,226.71615745952073,208.95004099843754,0.548098,0.455645,estimated-by-town
群馬県伊勢崎市,群馬県伊勢崎市三室町1,群馬県伊勢崎市三室町一丁目,estimated,1,36.325078,139.239008,288.7429186814864,261.68930938220217,0.630872,0.493952,estimated-by-town
群馬県伊勢崎市,群馬県伊勢崎市三室町2,群馬県伊勢崎市三室町二丁目,estimated,2,36.325078,139.239008,275.7100307144086,219.77231111682408,0.630872,0.493952,estimated-by-town
群馬県伊勢崎市,群馬県伊勢崎市三室町3,群馬県伊勢崎市三室町三丁目,estimated,3,36.325078,139.239008,304.04925050006705,258.7779008700633,0.630872,0.493952,estimated-by-town
群馬県伊勢崎市,群馬県伊勢崎市三室町4,群馬県伊勢崎市三室町四丁目,estimated,4,36.325078,139.239008,255.3704175437357,253.65247584249852,0.630872,0.493952,estimated-by-town
群馬県伊勢崎市,群馬県伊勢崎市三室町5,群馬県伊勢崎市三室町五丁目,estimated,5,36.325078,139.239008,301.6596490629358,258.7658344724251,0.630872,0.493952,estimated-by-town
群馬県伊勢崎市,群馬県伊勢崎市三室町6,群馬県伊勢崎市三室町六丁目,estimated,6,36.325078,139.239008,311.7080420622471,240.82480697119803,0.630872,0.493952,estimated-by-town
群馬県伊勢崎市,群馬県伊勢崎市三室町7,群馬県伊勢崎市三室町七丁目,estimated,7,36.325078,139.239008,255.52547988321913,254.1159083248004,0.630872,0.493952,estimated-by-town
群馬県伊勢崎市,群馬県伊勢崎市三室町8,群馬県伊勢崎市三室町八丁目,estimated,8,36.325078,139.239008,296.56230589874906,234.41986545873547,0.630872,0.493952,estimated-by-town
群馬県伊勢崎市,群馬県伊勢崎市三室町9,群馬県伊勢崎市三室町九丁目,estimated,9,36.325078,139.239008,301.05255888325763,256.0,0.630872,0.493952,estimated-by-town
群馬県伊勢崎市,群馬県伊勢崎市三室町10,群馬県伊勢崎市三室町十丁目,estimated,10,36.325078,139.239008,297.39153688314144,264.70026884016806,0.630872,0.493952,estimated-by-town
群馬県伊勢崎市,群馬県伊勢崎市上植木本町1,群馬県伊勢崎市上植木本町一丁目,estimated,1,36.336672,139.2113,208.91585311642328,258.48842778576784,0.498881,0.467742,estimated-by-town
群馬県伊勢崎市,群馬県伊勢崎市上植木本町2,群馬県伊勢崎市上植木本町二丁目,estimated,2,36.336672,139.2113,206.55618176243317,224.6787404246356,0.498881,0.467742,estimated-by-town
群馬県伊勢崎市,群馬県伊勢崎市上植木本町3,群馬県伊勢崎市上植木本町三丁目,estimated,3,36.336672,139.2113,247.5406795861916,227.2297751155864,0.498881,0.467742,estimated-by-town
群馬県伊勢崎市,群馬県伊勢崎市上植木本町4,群馬県伊勢崎市上植木本町四丁目,estimated,4,36.336672,139.2113,205.12564288648966,217.52563100585374,0.498881,0.467742,estimated-by-town
群馬県伊勢崎市,群馬県伊勢崎市上植木本町5,群馬県伊勢崎市上植木本町五丁目,estimated,5,36.336672,139.2113,204.48696876908053,227.72592996746656,0.498881,0.467742,estimated-by-town
群馬県伊勢崎市,群馬県伊勢崎市上植木本町6,群馬県伊勢崎市上植木本町六丁目,estimated,6,36.336672,139.2113,228.84743409445474,251.1260951192607,0.498881,0.467742,estimated-by-town
群馬県伊勢崎市,群馬県伊勢崎市上植木本町7,群馬県伊勢崎市上植木本町七丁目,estimated,7,36.336672,139.2113,243.30779463575533,242.79784594407548,0.498881,0.467742,estimated-by-town
群馬県伊勢崎市,群馬県伊勢崎市上植木本町8,群馬県伊勢崎市上植木本町八丁目,estimated,8,36.336672,139.2113,212.96569741273157,205.85974805807837,0.498881,0.467742,estimated-by-town
群馬県伊勢崎市,群馬県伊勢崎市上植木本町9,群馬県伊勢崎市上植木本町九丁目,estimated,9,36.336672,139.2113,248.99604007406617,232.45376256736938,0.498881,0.467742,estimated-by-town
群馬県伊勢崎市,群馬県伊勢崎市上植木本町10,群馬県伊勢崎市上植木本町十丁目,estimated,10,36.336672,139.2113,218.95088102181043,214.46133883386577,0.498881,0.467742,estimated-by-town
群馬県伊勢崎市,群馬県伊勢崎市上泉町1,群馬県伊勢崎市上泉町一丁目,estimated,1,36.312609,139.191178,214.56388884149084,261.1020477093301,0.44519,0.548387,estimated-by-town
群馬県伊勢崎市,群馬県伊勢崎市上泉町2,群馬県伊勢崎市上泉町二丁目,estimated,2,36.312609,139.191178,217.41395572168747,252.2534500562824,0.44519,0.548387,estimated-by-town
群馬県伊勢崎市,群馬県伊勢崎市上泉町3,群馬県伊勢崎市上泉町三丁目,estimated,3,36.312609,139.191178,193.444937610268,290.1697903632977,0.44519,0.548387,estimated-by-town
群馬県伊勢崎市,群馬県伊勢崎市上泉町4,群馬県伊勢崎市上泉町四丁目,estimated,4,36.312609,139.191178,178.19194488663297,253.26434302195196,0.44519,0.548387,estimated-by-town
群馬県伊勢崎市,群馬県伊勢崎市上泉町5,群馬県伊勢崎市上泉町五丁目,estimated,5,36.312609,139.191178,180.0,272.0,0.44519,0.548387,estimated-by-town
群馬県伊勢崎市,群馬県伊勢崎市上泉町6,群馬県伊勢崎市上泉町六丁目,estimated,6,36.312609,139.191178,189.76545613020693,246.62829923878047,0.44519,0.548387,estimated-by-town
群馬県伊勢崎市,群馬県伊勢崎市上泉町7,群馬県伊勢崎市上泉町七丁目,estimated,7,36.312609,139.191178,183.91064233321833,289.35832034512373,0.44519,0.548387,estimated-by-town
群馬県伊勢崎市,群馬県伊勢崎市上泉町8,群馬県伊勢崎市上泉町八丁目,estimated,8,36.312609,139.191178,215.8211351372409,256.31403771856253,0.44519,0.548387,estimated-by-town
群馬県伊勢崎市,群馬県伊勢崎市上泉町9,群馬県伊勢崎市上泉町九丁目,estimated,9,36.312609,139.191178,221.77616558105612,275.20098132208153,0.44519,0.548387,estimated-by-town
群馬県伊勢崎市,群馬県伊勢崎市上泉町10,群馬県伊勢崎市上泉町十丁目,estimated,10,36.312609,139.191178,190.9702530269267,254.78015204630364,0.44519,0.548387,estimated-by-town
群馬県伊勢崎市,群馬県伊勢崎市上田町1,群馬県伊勢崎市上田町一丁目,estimated,1,36.35291,139.23551,261.18636429302825,166.3075541856164,0.60179,0.381048,estimated-by-town
群馬県伊勢崎市,群馬県伊勢崎市上田町2,群馬県伊勢崎市上田町二丁目,estimated,2,36.35291,139.23551,249.0,189.0,0.60179,0.381048,estimated-by-town
群馬県伊勢崎市,群馬県伊勢崎市上田町3,群馬県伊勢崎市上田町三丁目,estimated,3,36.35291,139.23551,279.0684660204309,205.1129138269721,0.60179,0.381048,estimated-by-town
群馬県伊勢崎市,群馬県伊勢崎市上田町4,群馬県伊勢崎市上田町四丁目,estimated,4,36.35291,139.23551,251.94246524624683,208.62244908579208,0.60179,0.381048,estimated-by-town
群馬県伊勢崎市,群馬県伊勢崎市上田町5,群馬県伊勢崎市上田町五丁目,estimated,5,36.35291,139.23551,255.92866315963934,168.8719063693098,0.60179,0.381048,estimated-by-town
群馬県伊勢崎市,群馬県伊勢崎市上田町6,群馬県伊勢崎市上田町六丁目,estimated,6,36.35291,139.23551,269.4188577544948,165.0036553162466,0.60179,0.381048,estimated-by-town
群馬県伊勢崎市,群馬県伊勢崎市上田町7,群馬県伊勢崎市上田町七丁目,estimated,7,36.35291,139.23551,279.8157995731111,170.99948668525565,0.60179,0.381048,estimated-by-town
群馬県伊勢崎市,群馬県伊勢崎市上田町8,群馬県伊勢崎市上田町八丁目,estimated,8,36.35291,139.23551,291.4105114900604,194.1738742499089,0.60179,0.381048,estimated-by-town
群馬県伊勢崎市,群馬県伊勢崎市上田町9,群馬県伊勢崎市上田町九丁目,estimated,9,36.35291,139.23551,255.80774196392593,207.84049701864683,0.60179,0.381048,estimated-by-town
群馬県伊勢崎市,群馬県伊勢崎市上田町10,群馬県伊勢崎市上田町十丁目,estimated,10,36.35291,139.23551,259.4661995054695,170.28886299204427,0.60179,0.381048,estimated-by-town
群馬県伊勢崎市,群馬県伊勢崎市上蓮町1,群馬県伊勢崎市上蓮町一丁目,estimated,1,36.271613,139.216721,182.93347362831082,412.06491028788963,0.449664,0.790323,estimated-by-town
群馬県伊勢崎市,群馬県伊勢崎市上蓮町2,群馬県伊勢崎市上蓮町二丁目,estimated,2,36.271613,139.216721,221.07391819076574,414.2943447643218,0.449664,0.790323,estimated-by-town
群馬県伊勢崎市,群馬県伊勢崎市上蓮町3,群馬県伊勢崎市上蓮町三丁目,estimated,3,36.271613,139.216721,194.66034081620901,414.1090190065813,0.449664,0.790323,estimated-by-town
群馬県伊勢崎市,群馬県伊勢崎市上蓮町4,群馬県伊勢崎市上蓮町四丁目,estimated,4,36.271613,139.216721,179.78679656440357,413.2132034355964,0.449664,0.790323,estimated-by-town
群馬県伊勢崎市,群馬県伊勢崎市上蓮町5,群馬県伊勢崎市上蓮町五丁目,estimated,5,36.271613,139.216721,220.96588775118232,407.0453755788012,0.449664,0.790323,estimated-by-town
群馬県伊勢崎市,群馬県伊勢崎市上蓮町6,群馬県伊勢崎市上蓮町六丁目,estimated,6,36.271613,139.216721,207.72454920862293,370.0049906128502,0.449664,0.790323,estimated-by-town
群馬県伊勢崎市,群馬県伊勢崎市上蓮町7,群馬県伊勢崎市上蓮町七丁目,estimated,7,36.271613,139.216721,217.929123959579,383.3741805049486,0.449664,0.790323,estimated-by-town
群馬県伊勢崎市,群馬県伊勢崎市上蓮町8,群馬県伊勢崎市上蓮町八丁目,estimated,8,36.271613,139.216721,182.63138326891226,378.1582544675029,0.449664,0.790323,estimated-by-town
群馬県伊勢崎市,群馬県伊勢崎市上蓮町9,群馬県伊勢崎市上蓮町九丁目,estimated,9,36.271613,139.216721,178.7248368952908,380.65023750651136,0.449664,0.790323,estimated-by-town
群馬県伊勢崎市,群馬県伊勢崎市上蓮町10,群馬県伊勢崎市上蓮町十丁目,estimated,10,36.271613,139.216721,226.43183761907895,386.59429603873826,0.449664,0.790323,estimated-by-town
群馬県伊勢崎市,群馬県伊勢崎市上諏訪町1,群馬県伊勢崎市上諏訪町一丁目,estimated,1,36.328666,139.220342,223.802202101716,207.40420196415138,0.510067,0.461694,estimated-by-town
群馬県伊勢崎市,群馬県伊勢崎市上諏訪町2,群馬県伊勢崎市上諏訪町二丁目,estimated,2,36.328666,139.220342,255.48556113653459,223.65734812945675,0.510067,0.461694,estimated-by-town
群馬県伊勢崎市,群馬県伊勢崎市上諏訪町3,群馬県伊勢崎市上諏訪町三丁目,estimated,3,36.328666,139.220342,221.66034081620901,206.89098099341865,0.510067,0.461694,estimated-by-town
群馬県伊勢崎市,群馬県伊勢崎市上諏訪町4,群馬県伊勢崎市上諏訪町四丁目,estimated,4,36.328666,139.220342,242.55484441926058,241.21296458404424,0.510067,0.461694,estimated-by-town
群馬県伊勢崎市,群馬県伊勢崎市上諏訪町5,群馬県伊勢崎市上諏訪町五丁目,estimated,5,36.328666,139.220342,215.65650970185806,212.0106431181261,0.510067,0.461694,estimated-by-town
群馬県伊勢崎市,群馬県伊勢崎市上諏訪町6,群馬県伊勢崎市上諏訪町六丁目,estimated,6,36.328666,139.220342,255.4200386923802,219.55852352074245,0.510067,0.461694,estimated-by-town
群馬県伊勢崎市,群馬県伊勢崎市上諏訪町7,群馬県伊勢崎市上諏訪町七丁目,estimated,7,36.328666,139.220342,238.6658116454194,209.7583664429333,0.510067,0.461694,estimated-by-town
群馬県伊勢崎市,群馬県伊勢崎市上諏訪町8,群馬県伊勢崎市上諏訪町八丁目,estimated,8,36.328666,139.220342,222.8261257500911,251.4105114900604,0.510067,0.461694,estimated-by-town
群馬県伊勢崎市,群馬県伊勢崎市上諏訪町9,群馬県伊勢崎市上諏訪町九丁目,estimated,9,36.328666,139.220342,235.4238914412962,246.48959221559636,0.510067,0.461694,estimated-by-town
群馬県伊勢崎市,群馬県伊勢崎市上諏訪町10,群馬県伊勢崎市上諏訪町十丁目,estimated,10,36.328666,139.220342,206.98845447422016,219.6450572092566,0.510067,0.461694,estimated-by-town
群馬県伊勢崎市,群馬県伊勢崎市下植木町1,群馬県伊勢崎市下植木町一丁目,estimated,1,36.319502,139.213088,234.42062968329793,307.896901741321,0.494407,0.580645,estimated-by-town
群馬県伊勢崎市,群馬県伊勢崎市下植木町2,群馬県伊勢崎市下植木町二丁目,estimated,2,36.319502,139.213088,229.0297469730733,270.78015204630367,0.494407,0.580645,estimated-by-town
群馬県伊勢崎市,群馬県伊勢崎市下植木町3,群馬県伊勢崎市下植木町三丁目,estimated,3,36.319502,139.213088,203.14581721555592,265.1476881454051,0.494407,0.580645,estimated-by-town
群馬県伊勢崎市,群馬県伊勢崎市下植木町4,群馬県伊勢崎市下植木町四丁目,estimated,4,36.319502,139.213088,235.05174273353603,272.3939586649747,0.494407,0.580645,estimated-by-town
群馬県伊勢崎市,群馬県伊勢崎市下植木町5,群馬県伊勢崎市下植木町五丁目,estimated,5,36.319502,139.213088,231.0,270.6794919243112,0.494407,0.580645,estimated-by-town
群馬県伊勢崎市,群馬県伊勢崎市下植木町6,群馬県伊勢崎市下植木町六丁目,estimated,6,36.319502,139.213088,205.51343621852178,310.11710519580276,0.494407,0.580645,estimated-by-town
群馬県伊勢崎市,群馬県伊勢崎市下植木町7,群馬県伊勢崎市下植木町七丁目,estimated,7,36.319502,139.213088,243.8285614877504,290.8029948983184,0.494407,0.580645,estimated-by-town
群馬県伊勢崎市,群馬県伊勢崎市下植木町8,群馬県伊勢崎市下植木町八丁目,estimated,8,36.319502,139.213088,222.51774273104536,259.03974349211734,0.494407,0.580645,estimated-by-town
群馬県伊勢崎市,群馬県伊勢崎市下植木町9,群馬県伊勢崎市下植木町九丁目,estimated,9,36.319502,139.213088,204.0083494416544,308.98294095933824,0.494407,0.580645,estimated-by-town
群馬県伊勢崎市,群馬県伊勢崎市下植木町10,群馬県伊勢崎市下植木町十丁目,estimated,10,36.319502,139.213088,207.5,264.61731409782016,0.494407,0.580645,estimated-by-town
群馬県伊勢崎市,群馬県伊勢崎市下蓮町1,群馬県伊勢崎市下蓮町一丁目,estimated,1,36.269214,139.224771,217.84587572293125,426.7148479161486,0.46085,0.820565,estimated-by-town
群馬県伊勢崎市,群馬県伊勢崎市下蓮町2,群馬県伊勢崎市下蓮町二丁目,estimated,2,36.269214,139.224771,233.791292245957,410.41234161534413,0.46085,0.820565,estimated-by-town
群馬県伊勢崎市,群馬県伊勢崎市下蓮町3,群馬県伊勢崎市下蓮町三丁目,estimated,3,36.269214,139.224771,212.8089910413607,389.2619718965532,0.46085,0.820565,estimated-by-town
群馬県伊勢崎市,群馬県伊勢崎市下蓮町4,群馬県伊勢崎市下蓮町四丁目,estimated,4,36.269214,139.224771,224.70283480880494,388.93888236806606,0.46085,0.820565,estimated-by-town
群馬県伊勢崎市,群馬県伊勢崎市下蓮町5,群馬県伊勢崎市下蓮町五丁目,estimated,5,36.269214,139.224771,188.34104814282145,397.6105687442822,0.46085,0.820565,estimated-by-town
群馬県伊勢崎市,群馬県伊勢崎市下蓮町6,群馬県伊勢崎市下蓮町六丁目,estimated,6,36.269214,139.224771,183.61598554101388,422.09820839371014,0.46085,0.820565,estimated-by-town
群馬県伊勢崎市,群馬県伊勢崎市下蓮町7,群馬県伊勢崎市下蓮町七丁目,estimated,7,36.269214,139.224771,188.67949192431124,397.0,0.46085,0.820565,estimated-by-town
群馬県伊勢崎市,群馬県伊勢崎市下蓮町8,群馬県伊勢崎市下蓮町八丁目,estimated,8,36.269214,139.224771,200.964202847659,378.440575162646,0.46085,0.820565,estimated-by-town
群馬県伊勢崎市,群馬県伊勢崎市下蓮町9,群馬県伊勢崎市下蓮町九丁目,estimated,9,36.269214,139.224771,195.33418835458056,387.7583664429333,0.46085,0.820565,estimated-by-town
群馬県伊勢崎市,群馬県伊勢崎市下蓮町10,群馬県伊勢崎市下蓮町十丁目,estimated,10,36.269214,139.224771,225.97218684219823,413.4893568818739,0.46085,0.820565,estimated-by-town
群馬県伊勢崎市,群馬県伊勢崎市下触町1,群馬県伊勢崎市下触町一丁目,estimated,1,36.368786,139.20092,241.51136308914315,160.91037151198634,0.525727,0.28629,estimated-by-town
群馬県伊勢崎市,群馬県伊勢崎市下触町2,群馬県伊勢崎市下触町二丁目,estimated,2,36.368786,139.20092,247.67573219521904,118.16041499280897,0.525727,0.28629,estimated-by-town
群馬県伊勢崎市,群馬県伊勢崎市下触町3,群馬県伊勢崎市下触町三丁目,estimated,3,36.368786,139.20092,258.46149283687345,124.95422768351827,0.525727,0.28629,estimated-by-town
群馬県伊勢崎市,群馬県伊勢崎市下触町4,群馬県伊勢崎市下触町四丁目,estimated,4,36.368786,139.20092,258.635386072293,146.16755626400632,0.525727,0.28629,estimated-by-town
群馬県伊勢崎市,群馬県伊勢崎市下触町5,群馬県伊勢崎市下触町五丁目,estimated,5,36.368786,139.20092,221.5649711574556,128.5649711574556,0.525727,0.28629,estimated-by-town
群馬県伊勢崎市,群馬県伊勢崎市下触町6,群馬県伊勢崎市下触町六丁目,estimated,6,36.368786,139.20092,206.1588650343201,138.96867456523805,0.525727,0.28629,estimated-by-town
群馬県伊勢崎市,群馬県伊勢崎市下触町7,群馬県伊勢崎市下触町七丁目,estimated,7,36.368786,139.20092,217.0684954343486,143.56880336945784,0.525727,0.28629,estimated-by-town
群馬県伊勢崎市,群馬県伊勢崎市下触町8,群馬県伊勢崎市下触町八丁目,estimated,8,36.368786,139.20092,229.6777182968073,120.65349402192808,0.525727,0.28629,estimated-by-town
群馬県伊勢崎市,群馬県伊勢崎市下触町9,群馬県伊勢崎市下触町九丁目,estimated,9,36.368786,139.20092,213.6747713449639,133.38404835143402,0.525727,0.28629,estimated-by-town
群馬県伊勢崎市,群馬県伊勢崎市下触町10,群馬県伊勢崎市下触町十丁目,estimated,10,36.368786,139.20092,212.05602684402405,140.39560110388513,0.525727,0.28629,estimated-by-town
群馬県伊勢崎市,群馬県伊勢崎市下道寺町1,群馬県伊勢崎市下道寺町一丁目,estimated,1,36.277049,139.204572,240.31851652578138,393.8236190979496,0.494407,0.804435,estimated-by-town
群馬県伊勢崎市,群馬県伊勢崎市下道寺町2,群馬県伊勢崎市下道寺町二丁目,estimated,2,36.277049,139.204572,201.00304609687217,398.65095187125434,0.494407,0.804435,estimated-by-town
群馬県伊勢崎市,群馬県伊勢崎市下道寺町3,群馬県伊勢崎市下道寺町三丁目,estimated,3,36.277049,139.204572,227.4506230918154,415.8044476769496,0.494407,0.804435,estimated-by-town
群馬県伊勢崎市,群馬県伊勢崎市下道寺町4,群馬県伊勢崎市下道寺町四丁目,estimated,4,36.277049,139.204572,213.28215403712403,372.08467251372707,0.494407,0.804435,estimated-by-town
群馬県伊勢崎市,群馬県伊勢崎市下道寺町5,群馬県伊勢崎市下道寺町五丁目,estimated,5,36.277049,139.204572,238.97533162558233,399.942047212373,0.494407,0.804435,estimated-by-town
群馬県伊勢崎市,群馬県伊勢崎市下道寺町6,群馬県伊勢崎市下道寺町六丁目,estimated,6,36.277049,139.204572,244.83958500719103,386.32426780478096,0.494407,0.804435,estimated-by-town
群馬県伊勢崎市,群馬県伊勢崎市下道寺町7,群馬県伊勢崎市下道寺町七丁目,estimated,7,36.277049,139.204572,219.01395919791457,417.8959160119972,0.494407,0.804435,estimated-by-town
群馬県伊勢崎市,群馬県伊勢崎市下道寺町8,群馬県伊勢崎市下道寺町八丁目,estimated,8,36.277049,139.204572,206.46098450976058,420.55497688643106,0.494407,0.804435,estimated-by-town
群馬県伊勢崎市,群馬県伊勢崎市下道寺町9,群馬県伊勢崎市下道寺町九丁目,estimated,9,36.277049,139.204572,216.63385449282706,378.4589003845901,0.494407,0.804435,estimated-by-town
群馬県伊勢崎市,群馬県伊勢崎市下道寺町10,群馬県伊勢崎市下道寺町十丁目,estimated,10,36.277049,139.204572,201.8155453895054,390.4585304954082,0.494407,0.804435,estimated-by-town
群馬県伊勢崎市,群馬県伊勢崎市中央町1,群馬県伊勢崎市中央町一丁目,estimated,1,36.318862,139.200391,175.0,264.0,0.456376,0.532258,estimated-by-town
群馬県伊勢崎市,群馬県伊勢崎市中央町2,群馬県伊勢崎市中央町二丁目,estimated,2,36.318862,139.200391,181.6382057186758,247.14917935174265,0.456376,0.532258,estimated-by-town
群馬県伊勢崎市,群馬県伊勢崎市中央町3,群馬県伊勢崎市中央町三丁目,estimated,3,36.318862,139.200391,224.45995080187495,285.94061104857514,0.456376,0.532258,estimated-by-town
群馬県伊勢崎市,群馬県伊勢崎市中央町4,群馬県伊勢崎市中央町四丁目,estimated,4,36.318862,139.200391,182.0593889514249,243.54004919812505,0.456376,0.532258,estimated-by-town
群馬県伊勢崎市,群馬県伊勢崎市中央町5,群馬県伊勢崎市中央町五丁目,estimated,5,36.318862,139.200391,181.78471114954965,282.64084068090966,0.456376,0.532258,estimated-by-town
群馬県伊勢崎市,群馬県伊勢崎市中央町6,群馬県伊勢崎市中央町六丁目,estimated,6,36.318862,139.200391,214.56545654351748,241.34230532408375,0.456376,0.532258,estimated-by-town
群馬県伊勢崎市,群馬県伊勢崎市中央町7,群馬県伊勢崎市中央町七丁目,estimated,7,36.318862,139.200391,231.6151456035732,252.2780661453218,0.456376,0.532258,estimated-by-town
群馬県伊勢崎市,群馬県伊勢崎市中央町8,群馬県伊勢崎市中央町八丁目,estimated,8,36.318862,139.200391,222.45075249479933,252.01794122966942,0.456376,0.532258,estimated-by-town
群馬県伊勢崎市,群馬県伊勢崎市中央町9,群馬県伊勢崎市中央町九丁目,estimated,9,36.318862,139.200391,228.96573836886435,265.3083989060736,0.456376,0.532258,estimated-by-town
群馬県伊勢崎市,群馬県伊勢崎市中央町10,群馬県伊勢崎市中央町十丁目,estimated,10,36.318862,139.200391,225.80543476658102,278.1606149103907,0.456376,0.532258,estimated-by-town
群馬県伊勢崎市,群馬県伊勢崎市中町1,群馬県伊勢崎市中町一丁目,estimated,1,36.299444,139.172151,179.53346086591978,334.53281168001774,0.389262,0.731855,estimated-by-town
群馬県伊勢崎市,群馬県伊勢崎市中町2,群馬県伊勢崎市中町二丁目,estimated,2,36.299444,139.172151,183.2113827846804,346.3822255643515,0.389262,0.731855,estimated-by-town
群馬県伊勢崎市,群馬県伊勢崎市中町3,群馬県伊勢崎市中町三丁目,estimated,3,36.299444,139.172151,182.03444185374863,387.727469423674,0.389262,0.731855,estimated-by-town
群馬県伊勢崎市,群馬県伊勢崎市中町4,群馬県伊勢崎市中町四丁目,estimated,4,36.299444,139.172151,162.58930693300113,338.52968975001045,0.389262,0.731855,estimated-by-town
群馬県伊勢崎市,群馬県伊勢崎市中町5,群馬県伊勢崎市中町五丁目,estimated,5,36.299444,139.172151,157.78340579934834,387.0420896040962,0.389262,0.731855,estimated-by-town
群馬県伊勢崎市,群馬県伊勢崎市中町6,群馬県伊勢崎市中町六丁目,estimated,6,36.299444,139.172151,145.35703812274102,358.46340051383334,0.389262,0.731855,estimated-by-town
群馬県伊勢崎市,群馬県伊勢崎市中町7,群馬県伊勢崎市中町七丁目,estimated,7,36.299444,139.172151,157.9408654473874,345.16452418854254,0.389262,0.731855,estimated-by-town
群馬県伊勢崎市,群馬県伊勢崎市中町8,群馬県伊勢崎市中町八丁目,estimated,8,36.299444,139.172151,167.16306875639972,382.85589008758564,0.389262,0.731855,estimated-by-town
群馬県伊勢崎市,群馬県伊勢崎市中町9,群馬県伊勢崎市中町九丁目,estimated,9,36.299444,139.172151,169.08243814305212,381.3525906994923,0.389262,0.731855,estimated-by-town
群馬県伊勢崎市,群馬県伊勢崎市中町10,群馬県伊勢崎市中町十丁目,estimated,10,36.299444,139.172151,156.43001877895955,376.2399305093451,0.389262,0.731855,estimated-by-town
群馬県伊勢崎市,群馬県伊勢崎市乾町1,群馬県伊勢崎市乾町一丁目,estimated,1,36.339601,139.191394,164.79373936756684,239.9566374143321,0.395973,0.4375,estimated-by-town
群馬県伊勢崎市,群馬県伊勢崎市乾町2,群馬県伊勢崎市乾町二丁目,estimated,2,36.339601,139.191394,202.3766180370262,228.8333113287396,0.395973,0.4375,estimated-by-town
群馬県伊勢崎市,群馬県伊勢崎市乾町3,群馬県伊勢崎市乾町三丁目,estimated,3,36.339601,139.191394,179.43738686810295,197.14907696717356,0.395973,0.4375,estimated-by-town
群馬県伊勢崎市,群馬県伊勢崎市乾町4,群馬県伊勢崎市乾町四丁目,estimated,4,36.339601,139.191394,162.30536869268818,237.22542485937367,0.395973,0.4375,estimated-by-town
群馬県伊勢崎市,群馬県伊勢崎市乾町5,群馬県伊勢崎市乾町五丁目,estimated,5,36.339601,139.191394,182.84743409445474,236.1260951192607,0.395973,0.4375,estimated-by-town
群馬県伊勢崎市,群馬県伊勢崎市乾町6,群馬県伊勢崎市乾町六丁目,estimated,6,36.339601,139.191394,194.97588092598335,208.23257706421845,0.395973,0.4375,estimated-by-town
群馬県伊勢崎市,群馬県伊勢崎市乾町7,群馬県伊勢崎市乾町七丁目,estimated,7,36.339601,139.191394,174.4948841827188,199.17517476265175,0.395973,0.4375,estimated-by-town
群馬県伊勢崎市,群馬県伊勢崎市乾町8,群馬県伊勢崎市乾町八丁目,estimated,8,36.339601,139.191394,154.0140109785608,216.1973115758425,0.395973,0.4375,estimated-by-town
群馬県伊勢崎市,群馬県伊勢崎市乾町9,群馬県伊勢崎市乾町九丁目,estimated,9,36.339601,139.191394,202.52900154118154,208.20965982965677,0.395973,0.4375,estimated-by-town
群馬県伊勢崎市,群馬県伊勢崎市乾町10,群馬県伊勢崎市乾町十丁目,estimated,10,36.339601,139.191394,183.72929517266553,191.88592851648423,0.395973,0.4375,estimated-by-town
群馬県伊勢崎市,群馬県伊勢崎市五目牛町1,群馬県伊勢崎市五目牛町一丁目,estimated,1,36.356794,139.20679,199.3664424312258,159.27050983124843,0.485459,0.272177,estimated-by-town
群馬県伊勢崎市,群馬県伊勢崎市五目牛町2,群馬県伊勢崎市五目牛町二丁目,estimated,2,36.356794,139.20679,239.2524125096029,126.0094417580181,0.485459,0.272177,estimated-by-town
群馬県伊勢崎市,群馬県伊勢崎市五目牛町3,群馬県伊勢崎市五目牛町三丁目,estimated,3,36.356794,139.20679,231.69463130731182,155.22542485937367,0.485459,0.272177,estimated-by-town
群馬県伊勢崎市,群馬県伊勢崎市五目牛町4,群馬県伊勢崎市五目牛町四丁目,estimated,4,36.356794,139.20679,197.67823453758774,117.60260423466968,0.485459,0.272177,estimated-by-town
群馬県伊勢崎市,群馬県伊勢崎市五目牛町5,群馬県伊勢崎市五目牛町五丁目,estimated,5,36.356794,139.20679,200.22658864109152,145.89278070030053,0.485459,0.272177,estimated-by-town
群馬県伊勢崎市,群馬県伊勢崎市五目牛町6,群馬県伊勢崎市五目牛町六丁目,estimated,6,36.356794,139.20679,204.79373936756684,112.0433625856679,0.485459,0.272177,estimated-by-town
群馬県伊勢崎市,群馬県伊勢崎市五目牛町7,群馬県伊勢崎市五目牛町七丁目,estimated,7,36.356794,139.20679,195.82838837059387,126.01318404474671,0.485459,0.272177,estimated-by-town
群馬県伊勢崎市,群馬県伊勢崎市五目牛町8,群馬県伊勢崎市五目牛町八丁目,estimated,8,36.356794,139.20679,243.91532748627293,142.71784596287597,0.485459,0.272177,estimated-by-town
群馬県伊勢崎市,群馬県伊勢崎市五目牛町9,群馬県伊勢崎市五目牛町九丁目,estimated,9,36.356794,139.20679,212.01011942037377,111.52445758238866,0.485459,0.272177,estimated-by-town
群馬県伊勢崎市,群馬県伊勢崎市五目牛町10,群馬県伊勢崎市五目牛町十丁目,estimated,10,36.356794,139.20679,232.60604133502528,149.05174273353603,0.485459,0.272177,estimated-by-town
群馬県伊勢崎市,群馬県伊勢崎市今井町1,群馬県伊勢崎市今井町一丁目,estimated,1,36.30143,139.179295,175.25606294983066,352.96710883410975,0.389262,0.663306,estimated-by-town
群馬県伊勢崎市,群馬県伊勢崎市今井町2,群馬県伊勢崎市今井町二丁目,estimated,2,36.30143,139.179295,175.0990550811018,308.02877977015396,0.389262,0.663306,estimated-by-town
群馬県伊勢崎市,群馬県伊勢崎市今井町3,群馬県伊勢崎市今井町三丁目,estimated,3,36.30143,139.179295,186.0,349.7846096908265,0.389262,0.663306,estimated-by-town
群馬県伊勢崎市,群馬県伊勢崎市今井町4,群馬県伊勢崎市今井町四丁目,estimated,4,36.30143,139.179295,177.4729635533386,309.30384493975583,0.389262,0.663306,estimated-by-town
群馬県伊勢崎市,群馬県伊勢崎市今井町5,群馬県伊勢崎市今井町五丁目,estimated,5,36.30143,139.179295,194.06491028788963,310.9334736283108,0.389262,0.663306,estimated-by-town
群馬県伊勢崎市,群馬県伊勢崎市今井町6,群馬県伊勢崎市今井町六丁目,estimated,6,36.30143,139.179295,178.27407003253344,347.51303123091947,0.389262,0.663306,estimated-by-town
群馬県伊勢崎市,群馬県伊勢崎市今井町7,群馬県伊勢崎市今井町七丁目,estimated,7,36.30143,139.179295,193.5629520146761,324.8417661836448,0.389262,0.663306,estimated-by-town
群馬県伊勢崎市,群馬県伊勢崎市今井町8,群馬県伊勢崎市今井町八丁目,estimated,8,36.30143,139.179295,186.34349029814194,345.9893568818739,0.389262,0.663306,estimated-by-town
群馬県伊勢崎市,群馬県伊勢崎市今井町9,群馬県伊勢崎市今井町九丁目,estimated,9,36.30143,139.179295,200.85209117494338,326.17773149177333,0.389262,0.663306,estimated-by-town
群馬県伊勢崎市,群馬県伊勢崎市今井町10,群馬県伊勢崎市今井町十丁目,estimated,10,36.30143,139.179295,197.96710883410978,330.25606294983066,0.389262,0.663306,estimated-by-town
群馬県伊勢崎市,群馬県伊勢崎市今泉町1,群馬県伊勢崎市今泉町一丁目,chome,1,36.3115,139.207457,235,286,0.525727,0.576613,official-chome
群馬県伊勢崎市,群馬県伊勢崎市今泉町2,群馬県伊勢崎市今泉町二丁目,chome,2,36.311881,139.19778,210,286,0.469799,0.576613,official-chome
群馬県伊勢崎市,群馬県伊勢崎市今泉町3,群馬県伊勢崎市今泉町三丁目,estimated,3,36.3116905,139.2026185,247.8336216844161,280.1512725870595,0.49776300000000007,0.576613,estimated-by-town
群馬県伊勢崎市,群馬県伊勢崎市今泉町4,群馬県伊勢崎市今泉町四丁目,estimated,4,36.3116905,139.2026185,204.93001877895955,299.2399305093451,0.49776300000000007,0.576613,estimated-by-town
群馬県伊勢崎市,群馬県伊勢崎市今泉町5,群馬県伊勢崎市今泉町五丁目,estimated,5,36.3116905,139.2026185,246.95369001834513,280.802207729556,0.49776300000000007,0.576613,estimated-by-town
群馬県伊勢崎市,群馬県伊勢崎市今泉町6,群馬県伊勢崎市今泉町六丁目,estimated,6,36.3116905,139.2026185,232.3035026302705,270.90392977698235,0.49776300000000007,0.576613,estimated-by-town
群馬県伊勢崎市,群馬県伊勢崎市今泉町7,群馬県伊勢崎市今泉町七丁目,estimated,7,36.3116905,139.2026185,215.7261869232093,258.8317196642721,0.49776300000000007,0.576613,estimated-by-town
群馬県伊勢崎市,群馬県伊勢崎市今泉町8,群馬県伊勢崎市今泉町八丁目,estimated,8,36.3116905,139.2026185,229.3089910413607,268.2619718965532,0.49776300000000007,0.576613,estimated-by-town
群馬県伊勢崎市,群馬県伊勢崎市今泉町9,群馬県伊勢崎市今泉町九丁目,estimated,9,36.3116905,139.2026185,201.9589003845901,290.366145507173,0.49776300000000007,0.576613,estimated-by-town
群馬県伊勢崎市,群馬県伊勢崎市今泉町10,群馬県伊勢崎市今泉町十丁目,estimated,10,36.3116905,139.2026185,236.0,262.61731409782016,0.49776300000000007,0.576613,estimated-by-town
群馬県伊勢崎市,群馬県伊勢崎市八坂町1,群馬県伊勢崎市八坂町一丁目,estimated,1,36.313988,139.197812,189.66058909122387,295.4788011072248,0.456376,0.554435,estimated-by-town
群馬県伊勢崎市,群馬県伊勢崎市八坂町2,群馬県伊勢崎市八坂町二丁目,estimated,2,36.313988,139.197812,229.44144288469278,290.8975779269961,0.456376,0.554435,estimated-by-town
群馬県伊勢崎市,群馬県伊勢崎市八坂町3,群馬県伊勢崎市八坂町三丁目,estimated,3,36.313988,139.197812,220.7757871041224,250.12887282334876,0.456376,0.554435,estimated-by-town
群馬県伊勢崎市,群馬県伊勢崎市八坂町4,群馬県伊勢崎市八坂町四丁目,estimated,4,36.313988,139.197812,183.07675664150662,268.20162612375117,0.456376,0.554435,estimated-by-town
群馬県伊勢崎市,群馬県伊勢崎市八坂町5,群馬県伊勢崎市八坂町五丁目,estimated,5,36.313988,139.197812,181.5894885099396,269.8261257500911,0.456376,0.554435,estimated-by-town
群馬県伊勢崎市,群馬県伊勢崎市八坂町6,群馬県伊勢崎市八坂町六丁目,estimated,6,36.313988,139.197812,198.211615527843,295.1864956147047,0.456376,0.554435,estimated-by-town
群馬県伊勢崎市,群馬県伊勢崎市八坂町7,群馬県伊勢崎市八坂町七丁目,estimated,7,36.313988,139.197812,207.6185006249617,249.25303021271918,0.456376,0.554435,estimated-by-town
群馬県伊勢崎市,群馬県伊勢崎市八坂町8,群馬県伊勢崎市八坂町八丁目,estimated,8,36.313988,139.197812,184.93213583123404,287.86143677982716,0.456376,0.554435,estimated-by-town
群馬県伊勢崎市,群馬県伊勢崎市八坂町9,群馬県伊勢崎市八坂町九丁目,estimated,9,36.313988,139.197812,195.0,290.5884572681199,0.456376,0.554435,estimated-by-town
群馬県伊勢崎市,群馬県伊勢崎市八坂町10,群馬県伊勢崎市八坂町十丁目,estimated,10,36.313988,139.197812,195.38404835143402,253.6747713449639,0.456376,0.554435,estimated-by-town
群馬県伊勢崎市,群馬県伊勢崎市八寸町1,群馬県伊勢崎市八寸町一丁目,estimated,1,36.333609,139.229843,264.942047212373,208.02466837441767,0.590604,0.455645,estimated-by-town
群馬県伊勢崎市,群馬県伊勢崎市八寸町2,群馬県伊勢崎市八寸町二丁目,estimated,2,36.333609,139.229843,248.51343621852178,248.1171051958028,0.590604,0.455645,estimated-by-town
群馬県伊勢崎市,群馬県伊勢崎市八寸町3,群馬県伊勢崎市八寸町三丁目,estimated,3,36.333609,139.229843,285.29795315151375,211.08701265487278,0.590604,0.455645,estimated-by-town
群馬県伊勢崎市,群馬県伊勢崎市八寸町4,群馬県伊勢崎市八寸町四丁目,estimated,4,36.333609,139.229843,278.386796006773,239.89316740917994,0.590604,0.455645,estimated-by-town
群馬県伊勢崎市,群馬県伊勢崎市八寸町5,群馬県伊勢崎市八寸町五丁目,estimated,5,36.333609,139.229843,284.2254248593737,240.69463130731182,0.590604,0.455645,estimated-by-town
群馬県伊勢崎市,群馬県伊勢崎市八寸町6,群馬県伊勢崎市八寸町六丁目,estimated,6,36.333609,139.229843,261.6467949458132,199.10274315152287,0.590604,0.455645,estimated-by-town
群馬県伊勢崎市,群馬県伊勢崎市八寸町7,群馬県伊勢崎市八寸町七丁目,estimated,7,36.333609,139.229843,249.91585311642328,252.4884277857678,0.590604,0.455645,estimated-by-town
群馬県伊勢崎市,群馬県伊勢崎市八寸町8,群馬県伊勢崎市八寸町八丁目,estimated,8,36.333609,139.229843,258.59429603873826,200.56816238092105,0.590604,0.455645,estimated-by-town
群馬県伊勢崎市,群馬県伊勢崎市八寸町9,群馬県伊勢崎市八寸町九丁目,estimated,9,36.333609,139.229843,271.7645713530756,254.97777478867204,0.590604,0.455645,estimated-by-town
群馬県伊勢崎市,群馬県伊勢崎市八寸町10,群馬県伊勢崎市八寸町十丁目,estimated,10,36.333609,139.229843,240.16041499280897,238.67573219521904,0.590604,0.455645,estimated-by-town
群馬県伊勢崎市,群馬県伊勢崎市八幡町1,群馬県伊勢崎市八幡町一丁目,estimated,1,36.337875,139.19945,163.1040839880028,217.98604080208543,0.407159,0.435484,estimated-by-town
群馬県伊勢崎市,群馬県伊勢崎市八幡町2,群馬県伊勢崎市八幡町二丁目,estimated,2,36.337875,139.19945,185.53421095874927,187.21616160240166,0.407159,0.435484,estimated-by-town
群馬県伊勢崎市,群馬県伊勢崎市八幡町3,群馬県伊勢崎市八幡町三丁目,estimated,3,36.337875,139.19945,199.55248883886009,232.36796064149996,0.407159,0.435484,estimated-by-town
群馬県伊勢崎市,群馬県伊勢崎市八幡町4,群馬県伊勢崎市八幡町四丁目,estimated,4,36.337875,139.19945,181.12751258243748,191.0152293245226,0.407159,0.435484,estimated-by-town
群馬県伊勢崎市,群馬県伊勢崎市八幡町5,群馬県伊勢崎市八幡町五丁目,estimated,5,36.337875,139.19945,202.7645232612296,200.35280939804676,0.407159,0.435484,estimated-by-town
群馬県伊勢崎市,群馬県伊勢崎市八幡町6,群馬県伊勢崎市八幡町六丁目,estimated,6,36.337875,139.19945,179.35571108175876,234.81509330608984,0.407159,0.435484,estimated-by-town
群馬県伊勢崎市,群馬県伊勢崎市八幡町7,群馬県伊勢崎市八幡町七丁目,estimated,7,36.337875,139.19945,199.07708687968417,224.32905178899247,0.407159,0.435484,estimated-by-town
群馬県伊勢崎市,群馬県伊勢崎市八幡町8,群馬県伊勢崎市八幡町八丁目,estimated,8,36.337875,139.19945,199.73802810344682,222.8089910413607,0.407159,0.435484,estimated-by-town
群馬県伊勢崎市,群馬県伊勢崎市八幡町9,群馬県伊勢崎市八幡町九丁目,estimated,9,36.337875,139.19945,196.1606149103907,237.80543476658102,0.407159,0.435484,estimated-by-town
群馬県伊勢崎市,群馬県伊勢崎市八幡町10,群馬県伊勢崎市八幡町十丁目,estimated,10,36.337875,139.19945,208.77653316696498,207.81359226776337,0.407159,0.435484,estimated-by-town
群馬県伊勢崎市,群馬県伊勢崎市八斗島町1,群馬県伊勢崎市八斗島町一丁目,estimated,1,36.268173,139.191949,162.00499061285018,400.27545079137707,0.411633,0.820565,estimated-by-town
群馬県伊勢崎市,群馬県伊勢崎市八斗島町2,群馬県伊勢崎市八斗島町二丁目,estimated,2,36.268173,139.191949,202.71134730723196,403.70068462432835,0.411633,0.820565,estimated-by-town
群馬県伊勢崎市,群馬県伊勢崎市八斗島町3,群馬県伊勢崎市八斗島町三丁目,estimated,3,36.268173,139.191949,172.3024319688125,421.9722043185277,0.411633,0.820565,estimated-by-town
群馬県伊勢崎市,群馬県伊勢崎市八斗島町4,群馬県伊勢崎市八斗島町四丁目,estimated,4,36.268173,139.191949,157.49606604691309,401.8481571248333,0.411633,0.820565,estimated-by-town
群馬県伊勢崎市,群馬県伊勢崎市八斗島町5,群馬県伊勢崎市八斗島町五丁目,estimated,5,36.268173,139.191949,178.37622364140339,431.35925161963087,0.411633,0.820565,estimated-by-town
群馬県伊勢崎市,群馬県伊勢崎市八斗島町6,群馬県伊勢崎市八斗島町六丁目,estimated,6,36.268173,139.191949,178.37622364140336,382.64074838036913,0.411633,0.820565,estimated-by-town
群馬県伊勢崎市,群馬県伊勢崎市八斗島町7,群馬県伊勢崎市八斗島町七丁目,estimated,7,36.268173,139.191949,172.58930693300113,431.47031024998955,0.411633,0.820565,estimated-by-town
群馬県伊勢崎市,群馬県伊勢崎市八斗島町8,群馬県伊勢崎市八斗島町八丁目,estimated,8,36.268173,139.191949,158.28498097893663,422.4511422473016,0.411633,0.820565,estimated-by-town
群馬県伊勢崎市,群馬県伊勢崎市八斗島町9,群馬県伊勢崎市八斗島町九丁目,estimated,9,36.268173,139.191949,204.48827959377476,390.9928016415329,0.411633,0.820565,estimated-by-town
群馬県伊勢崎市,群馬県伊勢崎市八斗島町10,群馬県伊勢崎市八斗島町十丁目,estimated,10,36.268173,139.191949,165.3490835144944,403.3746290878457,0.411633,0.820565,estimated-by-town
群馬県伊勢崎市,群馬県伊勢崎市北千木町1,群馬県伊勢崎市北千木町一丁目,estimated,1,36.302885,139.215647,216.62245291625743,283.90788351714144,0.505593,0.616935,estimated-by-town
群馬県伊勢崎市,群馬県伊勢崎市北千木町2,群馬県伊勢崎市北千木町二丁目,estimated,2,36.302885,139.215647,238.20626063243316,283.0433625856679,0.505593,0.616935,estimated-by-town
群馬県伊勢崎市,群馬県伊勢崎市北千木町3,群馬県伊勢崎市北千木町三丁目,estimated,3,36.302885,139.215647,233.11752527490233,288.383506763231,0.505593,0.616935,estimated-by-town
群馬県伊勢崎市,群馬県伊勢崎市北千木町4,群馬県伊勢崎市北千木町四丁目,estimated,4,36.302885,139.215647,232.98811421776807,332.07999730980487,0.505593,0.616935,estimated-by-town
群馬県伊勢崎市,群馬県伊勢崎市北千木町5,群馬県伊勢崎市北千木町五丁目,estimated,5,36.302885,139.215647,196.65557197798583,299.76264927546725,0.505593,0.616935,estimated-by-town
群馬県伊勢崎市,群馬県伊勢崎市北千木町6,群馬県伊勢崎市北千木町六丁目,estimated,6,36.302885,139.215647,207.08774191343866,320.7758754078158,0.505593,0.616935,estimated-by-town
群馬県伊勢崎市,群馬県伊勢崎市北千木町7,群馬県伊勢崎市北千木町七丁目,estimated,7,36.302885,139.215647,223.59584534484398,328.87400359347026,0.505593,0.616935,estimated-by-town
群馬県伊勢崎市,群馬県伊勢崎市北千木町8,群馬県伊勢崎市北千木町八丁目,estimated,8,36.302885,139.215647,223.80490227137926,285.11504019726624,0.505593,0.616935,estimated-by-town
群馬県伊勢崎市,群馬県伊勢崎市北千木町9,群馬県伊勢崎市北千木町九丁目,estimated,9,36.302885,139.215647,203.0433625856679,318.20626063243316,0.505593,0.616935,estimated-by-town
群馬県伊勢崎市,群馬県伊勢崎市北千木町10,群馬県伊勢崎市北千木町十丁目,estimated,10,36.302885,139.215647,246.61417085240095,301.99301109709256,0.505593,0.616935,estimated-by-town
群馬県伊勢崎市,群馬県伊勢崎市南千木町1,群馬県伊勢崎市南千木町一丁目,estimated,1,36.296182,139.215776,235.0343025872684,292.85974805807837,0.503356,0.643145,estimated-by-town
群馬県伊勢崎市,群馬県伊勢崎市南千木町2,群馬県伊勢崎市南千木町二丁目,estimated,2,36.296182,139.215776,207.53467692703205,314.645405879206,0.503356,0.643145,estimated-by-town
群馬県伊勢崎市,群馬県伊勢崎市南千木町3,群馬県伊勢崎市南千木町三丁目,estimated,3,36.296182,139.215776,231.8369312436003,338.85589008758564,0.503356,0.643145,estimated-by-town
群馬県伊勢崎市,群馬県伊勢崎市南千木町4,群馬県伊勢崎市南千木町四丁目,estimated,4,36.296182,139.215776,227.3155175246978,300.1416231188149,0.503356,0.643145,estimated-by-town
群馬県伊勢崎市,群馬県伊勢崎市南千木町5,群馬県伊勢崎市南千木町五丁目,estimated,5,36.296182,139.215776,210.69217986570348,341.8972985962235,0.503356,0.643145,estimated-by-town
群馬県伊勢崎市,群馬県伊勢崎市南千木町6,群馬県伊勢崎市南千木町六丁目,estimated,6,36.296182,139.215776,250.1147367097487,304.5,0.503356,0.643145,estimated-by-town
群馬県伊勢崎市,群馬県伊勢崎市南千木町7,群馬県伊勢崎市南千木町七丁目,estimated,7,36.296182,139.215776,204.7488932240463,327.596084826764,0.503356,0.643145,estimated-by-town
群馬県伊勢崎市,群馬県伊勢崎市南千木町8,群馬県伊勢崎市南千木町八丁目,estimated,8,36.296182,139.215776,248.75218189870762,329.5751527199708,0.503356,0.643145,estimated-by-town
群馬県伊勢崎市,群馬県伊勢崎市南千木町9,群馬県伊勢崎市南千木町九丁目,estimated,9,36.296182,139.215776,229.94892319556504,340.4361414252752,0.503356,0.643145,estimated-by-town
群馬県伊勢崎市,群馬県伊勢崎市南千木町10,群馬県伊勢崎市南千木町十丁目,estimated,10,36.296182,139.215776,238.2157282120466,335.3200651905964,0.503356,0.643145,estimated-by-town
群馬県伊勢崎市,群馬県伊勢崎市喜多町1,群馬県伊勢崎市喜多町一丁目,estimated,1,36.329042,139.193332,211.19077862357724,236.26060429977005,0.409396,0.455645,estimated-by-town
群馬県伊勢崎市,群馬県伊勢崎市喜多町2,群馬県伊勢崎市喜多町二丁目,estimated,2,36.329042,139.193332,209.66758519606873,230.22373055608622,0.409396,0.455645,estimated-by-town
群馬県伊勢崎市,群馬県伊勢崎市喜多町3,群馬県伊勢崎市喜多町三丁目,estimated,3,36.329042,139.193332,159.987378663689,216.23172178776815,0.409396,0.455645,estimated-by-town
群馬県伊勢崎市,群馬県伊勢崎市喜多町4,群馬県伊勢崎市喜多町四丁目,estimated,4,36.329042,139.193332,159.92971929748035,232.61529653960798,0.409396,0.455645,estimated-by-town
群馬県伊勢崎市,群馬県伊勢崎市喜多町5,群馬県伊勢崎市喜多町五丁目,estimated,5,36.329042,139.193332,166.91306669450145,239.49853980341732,0.409396,0.455645,estimated-by-town
群馬県伊勢崎市,群馬県伊勢崎市喜多町6,群馬県伊勢崎市喜多町六丁目,estimated,6,36.329042,139.193332,199.34918616050265,211.2791266601051,0.409396,0.455645,estimated-by-town
群馬県伊勢崎市,群馬県伊勢崎市喜多町7,群馬県伊勢崎市喜多町七丁目,estimated,7,36.329042,139.193332,177.65734812945675,198.51443886346541,0.409396,0.455645,estimated-by-town
群馬県伊勢崎市,群馬県伊勢崎市喜多町8,群馬県伊勢崎市喜多町八丁目,estimated,8,36.329042,139.193332,190.8906806422034,242.178292833385,0.409396,0.455645,estimated-by-town
群馬県伊勢崎市,群馬県伊勢崎市喜多町9,群馬県伊勢崎市喜多町九丁目,estimated,9,36.329042,139.193332,187.35459412079402,243.46532307296795,0.409396,0.455645,estimated-by-town
群馬県伊勢崎市,群馬県伊勢崎市喜多町10,群馬県伊勢崎市喜多町十丁目,estimated,10,36.329042,139.193332,180.07320302850567,198.15338692968834,0.409396,0.455645,estimated-by-town
群馬県伊勢崎市,群馬県伊勢崎市国定町1,群馬県伊勢崎市国定町一丁目,chome,1,36.363452,139.260005,369,156,0.825503,0.314516,official-chome
群馬県伊勢崎市,群馬県伊勢崎市国定町2,群馬県伊勢崎市国定町二丁目,chome,2,36.363948,139.241188,321,155,0.718121,0.3125,official-chome
群馬県伊勢崎市,群馬県伊勢崎市国定町3,群馬県伊勢崎市国定町三丁目,estimated,3,36.3637,139.2505965,364.9238939618349,157.24311485495318,0.7718119999999999,0.313508,estimated-by-town
群馬県伊勢崎市,群馬県伊勢崎市国定町4,群馬県伊勢崎市国定町四丁目,estimated,4,36.3637,139.2505965,366.147757310643,149.435978172026,0.7718119999999999,0.313508,estimated-by-town
群馬県伊勢崎市,群馬県伊勢崎市国定町5,群馬県伊勢崎市国定町五丁目,estimated,5,36.3637,139.2505965,372.07383236841883,145.1073294631863,0.7718119999999999,0.313508,estimated-by-town
群馬県伊勢崎市,群馬県伊勢崎市国定町6,群馬県伊勢崎市国定町六丁目,estimated,6,36.3637,139.2505965,362.2385213091184,177.56430110098822,0.7718119999999999,0.313508,estimated-by-town
群馬県伊勢崎市,群馬県伊勢崎市国定町7,群馬県伊勢崎市国定町七丁目,estimated,7,36.3637,139.2505965,361.7734113589085,166.39278070030053,0.7718119999999999,0.313508,estimated-by-town
群馬県伊勢崎市,群馬県伊勢崎市国定町8,群馬県伊勢崎市国定町八丁目,estimated,8,36.3637,139.2505965,351.5113630891431,136.58962848801366,0.7718119999999999,0.313508,estimated-by-town
群馬県伊勢崎市,群馬県伊勢崎市国定町9,群馬県伊勢崎市国定町九丁目,estimated,9,36.3637,139.2505965,322.9356988990118,172.73852130911843,0.7718119999999999,0.313508,estimated-by-town
群馬県伊勢崎市,群馬県伊勢崎市国定町10,群馬県伊勢崎市国定町十丁目,estimated,10,36.3637,139.2505965,370.9540657903346,162.94220860705897,0.7718119999999999,0.313508,estimated-by-town
群馬県伊勢崎市,群馬県伊勢崎市国領町1,群馬県伊勢崎市国領町一丁目,estimated,1,36.263388,139.232772,202.58640782099675,401.54291922913944,0.425056,0.778226,estimated-by-town
群馬県伊勢崎市,群馬県伊勢崎市国領町2,群馬県伊勢崎市国領町二丁目,estimated,2,36.263388,139.232772,190.48866738024395,413.995735464379,0.425056,0.778226,estimated-by-town
群馬県伊勢崎市,群馬県伊勢崎市国領町3,群馬県伊勢崎市国領町三丁目,estimated,3,36.263388,139.232772,179.831583923105,363.16136355893497,0.425056,0.778226,estimated-by-town
群馬県伊勢崎市,群馬県伊勢崎市国領町4,群馬県伊勢崎市国領町四丁目,estimated,4,36.263388,139.232772,217.40636372927804,398.202099292274,0.425056,0.778226,estimated-by-town
群馬県伊勢崎市,群馬県伊勢崎市国領町5,群馬県伊勢崎市国領町五丁目,estimated,5,36.263388,139.232772,172.16452418854254,369.9408654473874,0.425056,0.778226,estimated-by-town
群馬県伊勢崎市,群馬県伊勢崎市国領町6,群馬県伊勢崎市国領町六丁目,estimated,6,36.263388,139.232772,214.5406795861916,390.7702248844136,0.425056,0.778226,estimated-by-town
群馬県伊勢崎市,群馬県伊勢崎市国領町7,群馬県伊勢崎市国領町七丁目,estimated,7,36.263388,139.232772,191.74391184360314,361.06089874350437,0.425056,0.778226,estimated-by-town
群馬県伊勢崎市,群馬県伊勢崎市国領町8,群馬県伊勢崎市国領町八丁目,estimated,8,36.263388,139.232772,198.65247584249852,412.6295824562643,0.425056,0.778226,estimated-by-town
群馬県伊勢崎市,群馬県伊勢崎市国領町9,群馬県伊勢崎市国領町九丁目,estimated,9,36.263388,139.232772,173.67993480940362,399.2157282120466,0.425056,0.778226,estimated-by-town
群馬県伊勢崎市,群馬県伊勢崎市国領町10,群馬県伊勢崎市国領町十丁目,estimated,10,36.263388,139.232772,190.36650053518295,365.0031984017158,0.425056,0.778226,estimated-by-town
群馬県伊勢崎市,群馬県伊勢崎市堀下町1,群馬県伊勢崎市堀下町一丁目,estimated,1,36.366505,139.215944,216.38470346039202,174.07028070251965,0.498881,0.304435,estimated-by-town
群馬県伊勢崎市,群馬県伊勢崎市堀下町2,群馬県伊勢崎市堀下町二丁目,estimated,2,36.366505,139.215944,210.79373936756684,128.0433625856679,0.498881,0.304435,estimated-by-town
群馬県伊勢崎市,群馬県伊勢崎市堀下町3,群馬県伊勢崎市堀下町三丁目,estimated,3,36.366505,139.215944,251.3655572679795,141.2329553662853,0.498881,0.304435,estimated-by-town
群馬県伊勢崎市,群馬県伊勢崎市堀下町4,群馬県伊勢崎市堀下町四丁目,estimated,4,36.366505,139.215944,246.48277590247187,166.24989298042075,0.498881,0.304435,estimated-by-town
群馬県伊勢崎市,群馬県伊勢崎市堀下町5,群馬県伊勢崎市堀下町五丁目,estimated,5,36.366505,139.215944,208.85786437626905,165.14213562373095,0.498881,0.304435,estimated-by-town
群馬県伊勢崎市,群馬県伊勢崎市堀下町6,群馬県伊勢崎市堀下町六丁目,estimated,6,36.366505,139.215944,236.89572033076425,163.95796884118747,0.498881,0.304435,estimated-by-town
群馬県伊勢崎市,群馬県伊勢崎市堀下町7,群馬県伊勢崎市堀下町七丁目,estimated,7,36.366505,139.215944,241.65705811544137,162.65822381313052,0.498881,0.304435,estimated-by-town
群馬県伊勢崎市,群馬県伊勢崎市堀下町8,群馬県伊勢崎市堀下町八丁目,estimated,8,36.366505,139.215944,203.14907696717356,148.56261313189705,0.498881,0.304435,estimated-by-town
群馬県伊勢崎市,群馬県伊勢崎市堀下町9,群馬県伊勢崎市堀下町九丁目,estimated,9,36.366505,139.215944,241.06111763193394,132.29716519119506,0.498881,0.304435,estimated-by-town
群馬県伊勢崎市,群馬県伊勢崎市堀下町10,群馬県伊勢崎市堀下町十丁目,estimated,10,36.366505,139.215944,197.25303021271918,154.6185006249617,0.498881,0.304435,estimated-by-town
群馬県伊勢崎市,群馬県伊勢崎市堀口町1,群馬県伊勢崎市堀口町一丁目,estimated,1,36.290643,139.183806,183.69303395120693,385.6306502178541,0.400447,0.717742,estimated-by-town
群馬県伊勢崎市,群馬県伊勢崎市堀口町2,群馬県伊勢崎市堀口町二丁目,estimated,2,36.290643,139.183806,165.78427178795343,372.3200651905964,0.400447,0.717742,estimated-by-town
群馬県伊勢崎市,群馬県伊勢崎市堀口町3,群馬県伊勢崎市堀口町三丁目,estimated,3,36.290643,139.183806,152.76140878581813,341.4557113926099,0.400447,0.717742,estimated-by-town
群馬県伊勢崎市,群馬県伊勢崎市堀口町4,群馬県伊勢崎市堀口町四丁目,estimated,4,36.290643,139.183806,173.04716196264204,333.78370599535145,0.400447,0.717742,estimated-by-town
群馬県伊勢崎市,群馬県伊勢崎市堀口町5,群馬県伊勢崎市堀口町五丁目,estimated,5,36.290643,139.183806,195.178292833385,363.8906806422034,0.400447,0.717742,estimated-by-town
群馬県伊勢崎市,群馬県伊勢崎市堀口町6,群馬県伊勢崎市堀口町六丁目,estimated,6,36.290643,139.183806,173.48725288366003,336.7747660812336,0.400447,0.717742,estimated-by-town
群馬県伊勢崎市,群馬県伊勢崎市堀口町7,群馬県伊勢崎市堀口町七丁目,estimated,7,36.290643,139.183806,201.65769467591625,366.5654565435175,0.400447,0.717742,estimated-by-town
群馬県伊勢崎市,群馬県伊勢崎市堀口町8,群馬県伊勢崎市堀口町八丁目,estimated,8,36.290643,139.183806,186.16249939805743,376.801408663185,0.400447,0.717742,estimated-by-town
群馬県伊勢崎市,群馬県伊勢崎市堀口町9,群馬県伊勢崎市堀口町九丁目,estimated,9,36.290643,139.183806,195.85297774861752,341.85867258689615,0.400447,0.717742,estimated-by-town
群馬県伊勢崎市,群馬県伊勢崎市堀口町10,群馬県伊勢崎市堀口町十丁目,estimated,10,36.290643,139.183806,203.9847706754774,356.8724874175625,0.400447,0.717742,estimated-by-town
群馬県伊勢崎市,群馬県伊勢崎市堤下町1,群馬県伊勢崎市堤下町一丁目,estimated,1,36.338391,139.195839,154.03563209638108,209.63926513768348,0.402685,0.425403,estimated-by-town
群馬県伊勢崎市,群馬県伊勢崎市堤下町2,群馬県伊勢崎市堤下町二丁目,estimated,2,36.338391,139.195839,172.2720037815598,228.35736369520941,0.402685,0.425403,estimated-by-town
群馬県伊勢崎市,群馬県伊勢崎市堤下町3,群馬県伊勢崎市堤下町三丁目,estimated,3,36.338391,139.195839,153.03617861102498,224.15113440367233,0.402685,0.425403,estimated-by-town
群馬県伊勢崎市,群馬県伊勢崎市堤下町4,群馬県伊勢崎市堤下町四丁目,estimated,4,36.338391,139.195839,161.8757526670454,196.83978606750986,0.402685,0.425403,estimated-by-town
群馬県伊勢崎市,群馬県伊勢崎市堤下町5,群馬県伊勢崎市堤下町五丁目,estimated,5,36.338391,139.195839,201.96984976460064,209.84860896265525,0.402685,0.425403,estimated-by-town
群馬県伊勢崎市,群馬県伊勢崎市堤下町6,群馬県伊勢崎市堤下町六丁目,estimated,6,36.338391,139.195839,163.0083494416544,190.0170590406618,0.402685,0.425403,estimated-by-town
群馬県伊勢崎市,群馬県伊勢崎市堤下町7,群馬県伊勢崎市堤下町七丁目,estimated,7,36.338391,139.195839,154.83376670362333,223.27439211009417,0.402685,0.425403,estimated-by-town
群馬県伊勢崎市,群馬県伊勢崎市堤下町8,群馬県伊勢崎市堤下町八丁目,estimated,8,36.338391,139.195839,161.72909084714797,202.865267138484,0.402685,0.425403,estimated-by-town
群馬県伊勢崎市,群馬県伊勢崎市堤下町9,群馬県伊勢崎市堤下町九丁目,estimated,9,36.338391,139.195839,163.45518459221103,226.97714252055695,0.402685,0.425403,estimated-by-town
群馬県伊勢崎市,群馬県伊勢崎市堤下町10,群馬県伊勢崎市堤下町十丁目,estimated,10,36.338391,139.195839,157.78370599535143,205.04716196264204,0.402685,0.425403,estimated-by-town
群馬県伊勢崎市,群馬県伊勢崎市堤西町1,群馬県伊勢崎市堤西町一丁目,estimated,1,36.342288,139.19392,186.603610764901,220.43329863779115,0.380313,0.415323,estimated-by-town
群馬県伊勢崎市,群馬県伊勢崎市堤西町2,群馬県伊勢崎市堤西町二丁目,estimated,2,36.342288,139.19392,153.821707166615,213.8906806422034,0.380313,0.415323,estimated-by-town
群馬県伊勢崎市,群馬県伊勢崎市堤西町3,群馬県伊勢崎市堤西町三丁目,estimated,3,36.342288,139.19392,141.44057516264596,200.964202847659,0.380313,0.415323,estimated-by-town
群馬県伊勢崎市,群馬県伊勢崎市堤西町4,群馬県伊勢崎市堤西町四丁目,estimated,4,36.342288,139.19392,175.555062389732,224.16979036329766,0.380313,0.415323,estimated-by-town
群馬県伊勢崎市,群馬県伊勢崎市堤西町5,群馬県伊勢崎市堤西町五丁目,estimated,5,36.342288,139.19392,194.85785172036125,191.0638958276084,0.380313,0.415323,estimated-by-town
群馬県伊勢崎市,群馬県伊勢崎市堤西町6,群馬県伊勢崎市堤西町六丁目,estimated,6,36.342288,139.19392,184.1606149103907,227.80543476658102,0.380313,0.415323,estimated-by-town
群馬県伊勢崎市,群馬県伊勢崎市堤西町7,群馬県伊勢崎市堤西町七丁目,estimated,7,36.342288,139.19392,179.2113827846804,222.61777443564853,0.380313,0.415323,estimated-by-town
群馬県伊勢崎市,群馬県伊勢崎市堤西町8,群馬県伊勢崎市堤西町八丁目,estimated,8,36.342288,139.19392,194.43200814043362,214.89252372646737,0.380313,0.415323,estimated-by-town
群馬県伊勢崎市,群馬県伊勢崎市堤西町9,群馬県伊勢崎市堤西町九丁目,estimated,9,36.342288,139.19392,166.5654380832222,188.33071069794204,0.380313,0.415323,estimated-by-town
群馬県伊勢崎市,群馬県伊勢崎市堤西町10,群馬県伊勢崎市堤西町十丁目,estimated,10,36.342288,139.19392,198.5316954888546,215.27050983124843,0.380313,0.415323,estimated-by-town
群馬県伊勢崎市,群馬県伊勢崎市境1,群馬県伊勢崎市境一丁目,estimated,1,36.271586,139.255265,346.5275165396821,310.11035375533936,0.769575,0.683468,estimated-by-town
群馬県伊勢崎市,群馬県伊勢崎市境2,群馬県伊勢崎市境二丁目,estimated,2,36.271586,139.255265,330.57937031670207,319.103098258679,0.769575,0.683468,estimated-by-town
群馬県伊勢崎市,群馬県伊勢崎市境3,群馬県伊勢崎市境三丁目,estimated,3,36.271586,139.255265,373.8356568610482,335.8641461019704,0.769575,0.683468,estimated-by-town
群馬県伊勢崎市,群馬県伊勢崎市境4,群馬県伊勢崎市境四丁目,estimated,4,36.271586,139.255265,356.52669780534563,358.28942306274473,0.769575,0.683468,estimated-by-town
群馬県伊勢崎市,群馬県伊勢崎市境5,群馬県伊勢崎市境五丁目,estimated,5,36.271586,139.255265,366.5526228988618,347.20848343981606,0.769575,0.683468,estimated-by-town
群馬県伊勢崎市,群馬県伊勢崎市境6,群馬県伊勢崎市境六丁目,estimated,6,36.271586,139.255265,364.9908729713455,350.6354308859121,0.769575,0.683468,estimated-by-town
群馬県伊勢崎市,群馬県伊勢崎市境7,群馬県伊勢崎市境七丁目,estimated,7,36.271586,139.255265,323.62284133398515,321.2864062172563,0.769575,0.683468,estimated-by-town
群馬県伊勢崎市,群馬県伊勢崎市境8,群馬県伊勢崎市境八丁目,estimated,8,36.271586,139.255265,344.47121497380664,312.0041122307774,0.769575,0.683468,estimated-by-town
群馬県伊勢崎市,群馬県伊勢崎市境9,群馬県伊勢崎市境九丁目,estimated,9,36.271586,139.255265,356.12024050615844,360.8654926784849,0.769575,0.683468,estimated-by-town
群馬県伊勢崎市,群馬県伊勢崎市境10,群馬県伊勢崎市境十丁目,estimated,10,36.271586,139.255265,356.21296458404424,353.5548444192606,0.769575,0.683468,estimated-by-town
群馬県伊勢崎市,群馬県伊勢崎市境三ツ木1,群馬県伊勢崎市境三ツ木一丁目,estimated,1,36.279433,139.272068,353.52878502619336,383.9958877692226,0.791946,0.719758,estimated-by-town
群馬県伊勢崎市,群馬県伊勢崎市境三ツ木2,群馬県伊勢崎市境三ツ木二丁目,estimated,2,36.279433,139.272068,364.08253637614877,336.32773693511916,0.791946,0.719758,estimated-by-town
群馬県伊勢崎市,群馬県伊勢崎市境三ツ木3,群馬県伊勢崎市境三ツ木三丁目,estimated,3,36.279433,139.272068,377.75540928438073,340.3662833458196,0.791946,0.719758,estimated-by-town
群馬県伊勢崎市,群馬県伊勢崎市境三ツ木4,群馬県伊勢崎市境三ツ木四丁目,estimated,4,36.279433,139.272068,372.6073908706238,343.48093919727313,0.791946,0.719758,estimated-by-town
群馬県伊勢崎市,群馬県伊勢崎市境三ツ木5,群馬県伊勢崎市境三ツ木五丁目,estimated,5,36.279433,139.272068,351.0732030285057,384.84661307031166,0.791946,0.719758,estimated-by-town
群馬県伊勢崎市,群馬県伊勢崎市境三ツ木6,群馬県伊勢崎市境三ツ木六丁目,estimated,6,36.279433,139.272068,367.7779008700633,379.04925050006705,0.791946,0.719758,estimated-by-town
群馬県伊勢崎市,群馬県伊勢崎市境三ツ木7,群馬県伊勢崎市境三ツ木七丁目,estimated,7,36.279433,139.272068,328.4776932303607,361.9610338797902,0.791946,0.719758,estimated-by-town
群馬県伊勢崎市,群馬県伊勢崎市境三ツ木8,群馬県伊勢崎市境三ツ木八丁目,estimated,8,36.279433,139.272068,372.8959160119972,358.9860408020854,0.791946,0.719758,estimated-by-town
群馬県伊勢崎市,群馬県伊勢崎市境三ツ木9,群馬県伊勢崎市境三ツ木九丁目,estimated,9,36.279433,139.272068,373.7335450365041,349.81757699016094,0.791946,0.719758,estimated-by-town
群馬県伊勢崎市,群馬県伊勢崎市境三ツ木10,群馬県伊勢崎市境三ツ木十丁目,estimated,10,36.279433,139.272068,363.3175666881778,332.72690891107277,0.791946,0.719758,estimated-by-town
群馬県伊勢崎市,群馬県伊勢崎市境上武士1,群馬県伊勢崎市境上武士一丁目,estimated,1,36.28375,139.234182,344.5387693829384,331.8840948899966,0.724832,0.653226,estimated-by-town
群馬県伊勢崎市,群馬県伊勢崎市境上武士2,群馬県伊勢崎市境上武士二丁目,estimated,2,36.28375,139.234182,301.3475241575015,307.54201293581076,0.724832,0.653226,estimated-by-town
群馬県伊勢崎市,群馬県伊勢崎市境上武士3,群馬県伊勢崎市境上武士三丁目,estimated,3,36.28375,139.234182,330.74853163031594,294.76889805644294,0.724832,0.653226,estimated-by-town
群馬県伊勢崎市,群馬県伊勢崎市境上武士4,群馬県伊勢崎市境上武士四丁目,estimated,4,36.28375,139.234182,343.7465499437176,342.41395572168744,0.724832,0.653226,estimated-by-town
群馬県伊勢崎市,群馬県伊勢崎市境上武士5,群馬県伊勢崎市境上武士五丁目,estimated,5,36.28375,139.234182,347.93312618976347,334.1590093407211,0.724832,0.653226,estimated-by-town
群馬県伊勢崎市,群馬県伊勢崎市境上武士6,群馬県伊勢崎市境上武士六丁目,estimated,6,36.28375,139.234182,343.47086094590253,316.13326153826586,0.724832,0.653226,estimated-by-town
群馬県伊勢崎市,群馬県伊勢崎市境上武士7,群馬県伊勢崎市境上武士七丁目,estimated,7,36.28375,139.234182,305.29716519119506,342.06111763193394,0.724832,0.653226,estimated-by-town
群馬県伊勢崎市,群馬県伊勢崎市境上武士8,群馬県伊勢崎市境上武士八丁目,estimated,8,36.28375,139.234182,325.74311485495315,304.0761060381651,0.724832,0.653226,estimated-by-town
群馬県伊勢崎市,群馬県伊勢崎市境上武士9,群馬県伊勢崎市境上武士九丁目,estimated,9,36.28375,139.234182,332.6008307890872,301.59406976406717,0.724832,0.653226,estimated-by-town
群馬県伊勢崎市,群馬県伊勢崎市境上武士10,群馬県伊勢崎市境上武士十丁目,estimated,10,36.28375,139.234182,346.71683183368816,327.5979926959253,0.724832,0.653226,estimated-by-town
群馬県伊勢崎市,群馬県伊勢崎市境上渕名1,群馬県伊勢崎市境上渕名一丁目,estimated,1,36.311931,139.250863,308.27309108892723,261.6824333118222,0.635347,0.546371,estimated-by-town
群馬県伊勢崎市,群馬県伊勢崎市境上渕名2,群馬県伊勢崎市境上渕名二丁目,estimated,2,36.311931,139.250863,301.0770868796842,279.32905178899244,0.635347,0.546371,estimated-by-town
群馬県伊勢崎市,群馬県伊勢崎市境上渕名3,群馬県伊勢崎市境上渕名三丁目,estimated,3,36.311931,139.250863,300.0897814356218,286.003963921375,0.635347,0.546371,estimated-by-town
群馬県伊勢崎市,群馬県伊勢崎市境上渕名4,群馬県伊勢崎市境上渕名四丁目,estimated,4,36.311931,139.250863,299.97271020094587,258.96369953695904,0.635347,0.546371,estimated-by-town
群馬県伊勢崎市,群馬県伊勢崎市境上渕名5,群馬県伊勢崎市境上渕名五丁目,estimated,5,36.311931,139.250863,284.0,289.0,0.635347,0.546371,estimated-by-town
群馬県伊勢崎市,群馬県伊勢崎市境上渕名6,群馬県伊勢崎市境上渕名六丁目,estimated,6,36.311931,139.250863,307.64032260820164,252.53015574023027,0.635347,0.546371,estimated-by-town
群馬県伊勢崎市,群馬県伊勢崎市境上渕名7,群馬県伊勢崎市境上渕名七丁目,estimated,7,36.311931,139.250863,262.5638585747248,266.05107680443496,0.635347,0.546371,estimated-by-town
群馬県伊勢崎市,群馬県伊勢崎市境上渕名8,群馬県伊勢崎市境上渕名八丁目,estimated,8,36.311931,139.250863,284.4014053480575,293.996496988597,0.635347,0.546371,estimated-by-town
群馬県伊勢崎市,群馬県伊勢崎市境上渕名9,群馬県伊勢崎市境上渕名九丁目,estimated,9,36.311931,139.250863,305.20925734695595,251.22204755818754,0.635347,0.546371,estimated-by-town
群馬県伊勢崎市,群馬県伊勢崎市境上渕名10,群馬県伊勢崎市境上渕名十丁目,estimated,10,36.311931,139.250863,297.51906080272687,289.6073908706238,0.635347,0.546371,estimated-by-town
群馬県伊勢崎市,群馬県伊勢崎市境上矢島1,群馬県伊勢崎市境上矢島一丁目,estimated,1,36.286284,139.256725,318.0898597466511,354.6147320927637,0.682327,0.667339,estimated-by-town
群馬県伊勢崎市,群馬県伊勢崎市境上矢島2,群馬県伊勢崎市境上矢島二丁目,estimated,2,36.286284,139.256725,292.5,352.65063509461095,0.682327,0.667339,estimated-by-town
群馬県伊勢崎市,群馬県伊勢崎市境上矢島3,群馬県伊勢崎市境上矢島三丁目,estimated,3,36.286284,139.256725,308.7576737259218,357.7372378560224,0.682327,0.667339,estimated-by-town
群馬県伊勢崎市,群馬県伊勢崎市境上矢島4,群馬県伊勢崎市境上矢島四丁目,estimated,4,36.286284,139.256725,299.802207729556,306.5463099816549,0.682327,0.667339,estimated-by-town
群馬県伊勢崎市,群馬県伊勢崎市境上矢島5,群馬県伊勢崎市境上矢島五丁目,estimated,5,36.286284,139.256725,314.7397714288137,355.10678021873645,0.682327,0.667339,estimated-by-town
群馬県伊勢崎市,群馬県伊勢崎市境上矢島6,群馬県伊勢崎市境上矢島六丁目,estimated,6,36.286284,139.256725,290.69217986570345,308.1027014037765,0.682327,0.667339,estimated-by-town
群馬県伊勢崎市,群馬県伊勢崎市境上矢島7,群馬県伊勢崎市境上矢島七丁目,estimated,7,36.286284,139.256725,295.6348351646022,307.8204036358303,0.682327,0.667339,estimated-by-town
群馬県伊勢崎市,群馬県伊勢崎市境上矢島8,群馬県伊勢崎市境上矢島八丁目,estimated,8,36.286284,139.256725,285.14410991241436,337.8369312436003,0.682327,0.667339,estimated-by-town
群馬県伊勢崎市,群馬県伊勢崎市境上矢島9,群馬県伊勢崎市境上矢島九丁目,estimated,9,36.286284,139.256725,286.29716519119506,349.06111763193394,0.682327,0.667339,estimated-by-town
群馬県伊勢崎市,群馬県伊勢崎市境上矢島10,群馬県伊勢崎市境上矢島十丁目,estimated,10,36.286284,139.256725,294.65185833471446,315.0652592090369,0.682327,0.667339,estimated-by-town
群馬県伊勢崎市,群馬県伊勢崎市境下武士1,群馬県伊勢崎市境下武士一丁目,estimated,1,36.27517,139.238809,355.33917105045083,388.1601170383627,0.758389,0.731855,estimated-by-town
群馬県伊勢崎市,群馬県伊勢崎市境下武士2,群馬県伊勢崎市境下武士二丁目,estimated,2,36.27517,139.238809,340.3607348623165,388.96436790361895,0.758389,0.731855,estimated-by-town
群馬県伊勢崎市,群馬県伊勢崎市境下武士3,群馬県伊勢崎市境下武士三丁目,estimated,3,36.27517,139.238809,312.92000269019513,369.98811421776804,0.758389,0.731855,estimated-by-town
群馬県伊勢崎市,群馬県伊勢崎市境下武士4,群馬県伊勢崎市境下武士四丁目,estimated,4,36.27517,139.238809,366.25108600279134,372.9185841564444,0.758389,0.731855,estimated-by-town
群馬県伊勢崎市,群馬県伊勢崎市境下武士5,群馬県伊勢崎市境下武士五丁目,estimated,5,36.27517,139.238809,349.86359120906144,389.8883317824368,0.758389,0.731855,estimated-by-town
群馬県伊勢崎市,群馬県伊勢崎市境下武士6,群馬県伊勢崎市境下武士六丁目,estimated,6,36.27517,139.238809,354.28248415009796,378.8254756074503,0.758389,0.731855,estimated-by-town
群馬県伊勢崎市,群馬県伊勢崎市境下武士7,群馬県伊勢崎市境下武士七丁目,estimated,7,36.27517,139.238809,315.44094759725607,367.5794158890371,0.758389,0.731855,estimated-by-town
群馬県伊勢崎市,群馬県伊勢崎市境下武士8,群馬県伊勢崎市境下武士八丁目,estimated,8,36.27517,139.238809,321.69728947311023,358.038527595294,0.758389,0.731855,estimated-by-town
群馬県伊勢崎市,群馬県伊勢崎市境下武士9,群馬県伊勢崎市境下武士九丁目,estimated,9,36.27517,139.238809,351.71348152081833,348.8802483159295,0.758389,0.731855,estimated-by-town
群馬県伊勢崎市,群馬県伊勢崎市境下武士10,群馬県伊勢崎市境下武士十丁目,estimated,10,36.27517,139.238809,354.76021507213443,375.31322950651315,0.758389,0.731855,estimated-by-town
群馬県伊勢崎市,群馬県伊勢崎市境下渕名1,群馬県伊勢崎市境下渕名一丁目,estimated,1,36.30129,139.247422,321.8360153361091,288.31887444508675,0.671141,0.586694,estimated-by-town
群馬県伊勢崎市,群馬県伊勢崎市境下渕名2,群馬県伊勢崎市境下渕名二丁目,estimated,2,36.30129,139.247422,281.2339215286924,293.9722548357644,0.671141,0.586694,estimated-by-town
群馬県伊勢崎市,群馬県伊勢崎市境下渕名3,群馬県伊勢崎市境下渕名三丁目,estimated,3,36.30129,139.247422,304.00698890290744,311.61417085240095,0.671141,0.586694,estimated-by-town
群馬県伊勢崎市,群馬県伊勢崎市境下渕名4,群馬県伊勢崎市境下渕名四丁目,estimated,4,36.30129,139.247422,276.24781810129235,280.4248472800292,0.671141,0.586694,estimated-by-town
群馬県伊勢崎市,群馬県伊勢崎市境下渕名5,群馬県伊勢崎市境下渕名五丁目,estimated,5,36.30129,139.247422,273.2627621439776,294.7576737259218,0.671141,0.586694,estimated-by-town
群馬県伊勢崎市,群馬県伊勢崎市境下渕名6,群馬県伊勢崎市境下渕名六丁目,estimated,6,36.30129,139.247422,282.01096511365625,290.371809059355,0.671141,0.586694,estimated-by-town
群馬県伊勢崎市,群馬県伊勢崎市境下渕名7,群馬県伊勢崎市境下渕名七丁目,estimated,7,36.30129,139.247422,321.72914349309303,287.5584417691149,0.671141,0.586694,estimated-by-town
群馬県伊勢崎市,群馬県伊勢崎市境下渕名8,群馬県伊勢崎市境下渕名八丁目,estimated,8,36.30129,139.247422,284.71751584990204,275.1745243925497,0.671141,0.586694,estimated-by-town
群馬県伊勢崎市,群馬県伊勢崎市境下渕名9,群馬県伊勢崎市境下渕名九丁目,estimated,9,36.30129,139.247422,320.8397511137699,269.4198059898405,0.671141,0.586694,estimated-by-town
群馬県伊勢崎市,群馬県伊勢崎市境下渕名10,群馬県伊勢崎市境下渕名十丁目,estimated,10,36.30129,139.247422,319.6325436689533,287.1838200924691,0.671141,0.586694,estimated-by-town
群馬県伊勢崎市,群馬県伊勢崎市境中島1,群馬県伊勢崎市境中島一丁目,estimated,1,36.261532,139.253496,316.93030975783654,366.84888892202554,0.744966,0.778226,estimated-by-town
群馬県伊勢崎市,群馬県伊勢崎市境中島2,群馬県伊勢崎市境中島二丁目,estimated,2,36.261532,139.253496,310.5894885099396,380.8261257500911,0.744966,0.778226,estimated-by-town
群馬県伊勢崎市,群馬県伊勢崎市境中島3,群馬県伊勢崎市境中島三丁目,estimated,3,36.261532,139.253496,319.0939719774285,362.85648288104295,0.744966,0.778226,estimated-by-town
群馬県伊勢崎市,群馬県伊勢崎市境中島4,群馬県伊勢崎市境中島四丁目,estimated,4,36.261532,139.253496,348.0982083937102,363.61598554101386,0.744966,0.778226,estimated-by-town
群馬県伊勢崎市,群馬県伊勢崎市境中島5,群馬県伊勢崎市境中島五丁目,estimated,5,36.261532,139.253496,340.0169209133457,408.9513141431128,0.744966,0.778226,estimated-by-town
群馬県伊勢崎市,群馬県伊勢崎市境中島6,群馬県伊勢崎市境中島六丁目,estimated,6,36.261532,139.253496,322.93452773752654,400.92267630599076,0.744966,0.778226,estimated-by-town
群馬県伊勢崎市,群馬県伊勢崎市境中島7,群馬県伊勢崎市境中島七丁目,estimated,7,36.261532,139.253496,311.21410248768547,389.06180822112145,0.744966,0.778226,estimated-by-town
群馬県伊勢崎市,群馬県伊勢崎市境中島8,群馬県伊勢崎市境中島八丁目,estimated,8,36.261532,139.253496,343.89278070030053,369.2265886410915,0.744966,0.778226,estimated-by-town
群馬県伊勢崎市,群馬県伊勢崎市境中島9,群馬県伊勢崎市境中島九丁目,estimated,9,36.261532,139.253496,329.0891383739942,361.3077914851216,0.744966,0.778226,estimated-by-town
群馬県伊勢崎市,群馬県伊勢崎市境中島10,群馬県伊勢崎市境中島十丁目,estimated,10,36.261532,139.253496,335.437386868103,366.1490769671736,0.744966,0.778226,estimated-by-town
群馬県伊勢崎市,群馬県伊勢崎市境伊与久1,群馬県伊勢崎市境伊与久一丁目,estimated,1,36.301327,139.229934,289.00741279491604,285.24896151364095,0.583893,0.596774,estimated-by-town
群馬県伊勢崎市,群馬県伊勢崎市境伊与久2,群馬県伊勢崎市境伊与久二丁目,estimated,2,36.301327,139.229934,277.9916505583456,316.98294095933824,0.583893,0.596774,estimated-by-town
群馬県伊勢崎市,群馬県伊勢崎市境伊与久3,群馬県伊勢崎市境伊与久三丁目,estimated,3,36.301327,139.229934,277.45798706418924,273.3475241575015,0.583893,0.596774,estimated-by-town
群馬県伊勢崎市,群馬県伊勢崎市境伊与久4,群馬県伊勢崎市境伊与久四丁目,estimated,4,36.301327,139.229934,245.89631061480392,277.3484969250327,0.583893,0.596774,estimated-by-town
群馬県伊勢崎市,群馬県伊勢崎市境伊与久5,群馬県伊勢崎市境伊与久五丁目,estimated,5,36.301327,139.229934,248.6390862021587,316.5720152168507,0.583893,0.596774,estimated-by-town
群馬県伊勢崎市,群馬県伊勢崎市境伊与久6,群馬県伊勢崎市境伊与久六丁目,estimated,6,36.301327,139.229934,286.71501902106337,280.5488577526984,0.583893,0.596774,estimated-by-town
群馬県伊勢崎市,群馬県伊勢崎市境伊与久7,群馬県伊勢崎市境伊与久七丁目,estimated,7,36.301327,139.229934,248.74225650703224,271.94282384691405,0.583893,0.596774,estimated-by-town
群馬県伊勢崎市,群馬県伊勢崎市境伊与久8,群馬県伊勢崎市境伊与久八丁目,estimated,8,36.301327,139.229934,242.29716519119506,277.93888236806606,0.583893,0.596774,estimated-by-town
群馬県伊勢崎市,群馬県伊勢崎市境伊与久9,群馬県伊勢崎市境伊与久九丁目,estimated,9,36.301327,139.229934,234.69200825079866,302.07367846728437,0.583893,0.596774,estimated-by-town
群馬県伊勢崎市,群馬県伊勢崎市境伊与久10,群馬県伊勢崎市境伊与久十丁目,estimated,10,36.301327,139.229934,255.37622364140336,271.64074838036913,0.583893,0.596774,estimated-by-town
群馬県伊勢崎市,群馬県伊勢崎市境保泉1,群馬県伊勢崎市境保泉一丁目,chome,1,36.288159,139.218159,262,345,0.58613,0.695565,official-chome
群馬県伊勢崎市,群馬県伊勢崎市境保泉2,群馬県伊勢崎市境保泉二丁目,estimated,2,36.288544,139.223135,303.16732958326315,322.6245608191487,0.702461,0.679435,estimated-by-town
群馬県伊勢崎市,群馬県伊勢崎市境保泉3,群馬県伊勢崎市境保泉三丁目,estimated,3,36.288544,139.223135,324.44178149400955,316.50684994366753,0.702461,0.679435,estimated-by-town
群馬県伊勢崎市,群馬県伊勢崎市境保泉4,群馬県伊勢崎市境保泉四丁目,estimated,4,36.288544,139.223135,292.7020468484862,322.0870126548728,0.702461,0.679435,estimated-by-town
群馬県伊勢崎市,群馬県伊勢崎市境保泉5,群馬県伊勢崎市境保泉五丁目,estimated,5,36.288544,139.223135,289.5463099816549,342.197792270444,0.702461,0.679435,estimated-by-town
群馬県伊勢崎市,群馬県伊勢崎市境保泉6,群馬県伊勢崎市境保泉六丁目,estimated,6,36.288544,139.223135,326.25592959048026,363.28292582406283,0.702461,0.679435,estimated-by-town
群馬県伊勢崎市,群馬県伊勢崎市境保泉7,群馬県伊勢崎市境保泉七丁目,estimated,7,36.288544,139.223135,332.4356187992439,341.5965160163937,0.702461,0.679435,estimated-by-town
群馬県伊勢崎市,群馬県伊勢崎市境保泉8,群馬県伊勢崎市境保泉八丁目,estimated,8,36.288544,139.223135,308.43769410125094,354.11901729331277,0.702461,0.679435,estimated-by-town
群馬県伊勢崎市,群馬県伊勢崎市境保泉9,群馬県伊勢崎市境保泉九丁目,estimated,9,36.288544,139.223135,338.59339478853633,352.36765866276295,0.702461,0.679435,estimated-by-town
群馬県伊勢崎市,群馬県伊勢崎市境保泉10,群馬県伊勢崎市境保泉十丁目,estimated,10,36.288544,139.223135,335.8865778264604,356.02571184072474,0.702461,0.679435,estimated-by-town
群馬県伊勢崎市,群馬県伊勢崎市境女塚1,群馬県伊勢崎市境女塚一丁目,estimated,1,36.270869,139.268521,387.8746749722825,340.2057940825706,0.825503,0.667339,estimated-by-town
群馬県伊勢崎市,群馬県伊勢崎市境女塚2,群馬県伊勢崎市境女塚二丁目,estimated,2,36.270869,139.268521,356.1240481272486,309.5708174824472,0.825503,0.667339,estimated-by-town
群馬県伊勢崎市,群馬県伊勢崎市境女塚3,群馬県伊勢崎市境女塚三丁目,estimated,3,36.270869,139.268521,372.29931537567165,312.28865269276804,0.825503,0.667339,estimated-by-town
群馬県伊勢崎市,群馬県伊勢崎市境女塚4,群馬県伊勢崎市境女塚四丁目,estimated,4,36.270869,139.268521,389.2254248593737,316.30536869268815,0.825503,0.667339,estimated-by-town
群馬県伊勢崎市,群馬県伊勢崎市境女塚5,群馬県伊勢崎市境女塚五丁目,estimated,5,36.270869,139.268521,392.96710883410975,332.25606294983066,0.825503,0.667339,estimated-by-town
群馬県伊勢崎市,群馬県伊勢崎市境女塚6,群馬県伊勢崎市境女塚六丁目,estimated,6,36.270869,139.268521,362.529523872437,306.8518543427733,0.825503,0.667339,estimated-by-town
群馬県伊勢崎市,群馬県伊勢崎市境女塚7,群馬県伊勢崎市境女塚七丁目,estimated,7,36.270869,139.268521,384.8975779269961,356.4414428846928,0.825503,0.667339,estimated-by-town
群馬県伊勢崎市,群馬県伊勢崎市境女塚8,群馬県伊勢崎市境女塚八丁目,estimated,8,36.270869,139.268521,354.1507575950825,316.1507575950825,0.825503,0.667339,estimated-by-town
群馬県伊勢崎市,群馬県伊勢崎市境女塚9,群馬県伊勢崎市境女塚九丁目,estimated,9,36.270869,139.268521,381.8557521937308,315.67911113762045,0.825503,0.667339,estimated-by-town
群馬県伊勢崎市,群馬県伊勢崎市境女塚10,群馬県伊勢崎市境女塚十丁目,estimated,10,36.270869,139.268521,355.75201839416985,309.79879759608934,0.825503,0.667339,estimated-by-town
群馬県伊勢崎市,群馬県伊勢崎市境小此木1,群馬県伊勢崎市境小此木一丁目,estimated,1,36.266859,139.238178,312.92866315963937,357.87190636930984,0.729306,0.762097,estimated-by-town
群馬県伊勢崎市,群馬県伊勢崎市境小此木2,群馬県伊勢崎市境小此木二丁目,estimated,2,36.266859,139.238178,317.0385071631265,350.4193610274406,0.729306,0.762097,estimated-by-town
群馬県伊勢崎市,群馬県伊勢崎市境小此木3,群馬県伊勢崎市境小此木三丁目,estimated,3,36.266859,139.238178,348.49739481687755,382.7819688888085,0.729306,0.762097,estimated-by-town
群馬県伊勢崎市,群馬県伊勢崎市境小此木4,群馬県伊勢崎市境小此木四丁目,estimated,4,36.266859,139.238178,312.1549513969036,360.9027888479466,0.729306,0.762097,estimated-by-town
群馬県伊勢崎市,群馬県伊勢崎市境小此木5,群馬県伊勢崎市境小此木五丁目,estimated,5,36.266859,139.238178,337.39764981651604,354.6313547962217,0.729306,0.762097,estimated-by-town
群馬県伊勢崎市,群馬県伊勢崎市境小此木6,群馬県伊勢崎市境小此木六丁目,estimated,6,36.266859,139.238178,318.6907073819316,401.9076188990759,0.729306,0.762097,estimated-by-town
群馬県伊勢崎市,群馬県伊勢崎市境小此木7,群馬県伊勢崎市境小此木七丁目,estimated,7,36.266859,139.238178,313.0518835939043,390.503850668262,0.729306,0.762097,estimated-by-town
群馬県伊勢崎市,群馬県伊勢崎市境小此木8,群馬県伊勢崎市境小此木八丁目,estimated,8,36.266859,139.238178,338.92889098183883,394.54822582574116,0.729306,0.762097,estimated-by-town
群馬県伊勢崎市,群馬県伊勢崎市境小此木9,群馬県伊勢崎市境小此木九丁目,estimated,9,36.266859,139.238178,344.99710620797146,377.6684042776916,0.729306,0.762097,estimated-by-town
群馬県伊勢崎市,群馬県伊勢崎市境小此木10,群馬県伊勢崎市境小此木十丁目,estimated,10,36.266859,139.238178,328.3155175246978,396.8583768811851,0.729306,0.762097,estimated-by-town
群馬県伊勢崎市,群馬県伊勢崎市境島村1,群馬県伊勢崎市境島村一丁目,estimated,1,36.257055,139.23761,407.0056168313841,413.9739611603369,0.912752,0.796371,estimated-by-town
群馬県伊勢崎市,群馬県伊勢崎市境島村2,群馬県伊勢崎市境島村二丁目,estimated,2,36.257055,139.23761,405.59584534484395,372.12599640652974,0.912752,0.796371,estimated-by-town
群馬県伊勢崎市,群馬県伊勢崎市境島村3,群馬県伊勢崎市境島村三丁目,estimated,3,36.257055,139.23761,391.7138212866599,404.785723423291,0.912752,0.796371,estimated-by-town
群馬県伊勢崎市,群馬県伊勢崎市境島村4,群馬県伊勢崎市境島村四丁目,estimated,4,36.257055,139.23761,416.5414695045918,375.81554538950536,0.912752,0.796371,estimated-by-town
群馬県伊勢崎市,群馬県伊勢崎市境島村5,群馬県伊勢崎市境島村五丁目,estimated,5,36.257055,139.23761,405.90730578767625,365.0730784922053,0.912752,0.796371,estimated-by-town
群馬県伊勢崎市,群馬県伊勢崎市境島村6,群馬県伊勢崎市境島村六丁目,estimated,6,36.257055,139.23761,424.2165942006517,370.9579103959038,0.912752,0.796371,estimated-by-town
群馬県伊勢崎市,群馬県伊勢崎市境島村7,群馬県伊勢崎市境島村七丁目,estimated,7,36.257055,139.23761,430.9566374143321,382.79373936756684,0.912752,0.796371,estimated-by-town
群馬県伊勢崎市,群馬県伊勢崎市境島村8,群馬県伊勢崎市境島村八丁目,estimated,8,36.257055,139.23761,403.4205841109629,371.44094759725607,0.912752,0.796371,estimated-by-town
群馬県伊勢崎市,群馬県伊勢崎市境島村9,群馬県伊勢崎市境島村九丁目,estimated,9,36.257055,139.23761,384.364613927707,399.16755626400635,0.912752,0.796371,estimated-by-town
群馬県伊勢崎市,群馬県伊勢崎市境島村10,群馬県伊勢崎市境島村十丁目,estimated,10,36.257055,139.23761,434.14025194192163,405.0343025872684,0.912752,0.796371,estimated-by-town
群馬県伊勢崎市,群馬県伊勢崎市境平塚1,群馬県伊勢崎市境平塚一丁目,estimated,1,36.254341,139.266603,366.7834057993483,355.9579103959038,0.856823,0.766129,estimated-by-town
群馬県伊勢崎市,群馬県伊勢崎市境平塚2,群馬県伊勢崎市境平塚二丁目,estimated,2,36.254341,139.266603,370.68677049348685,364.23978492786557,0.856823,0.766129,estimated-by-town
群馬県伊勢崎市,群馬県伊勢崎市境平塚3,群馬県伊勢崎市境平塚三丁目,estimated,3,36.254341,139.266603,383.5235721931185,409.99543085469173,0.856823,0.766129,estimated-by-town
群馬県伊勢崎市,群馬県伊勢崎市境平塚4,群馬県伊勢崎市境平塚四丁目,estimated,4,36.254341,139.266603,399.36233016729574,359.79420500211876,0.856823,0.766129,estimated-by-town
群馬県伊勢崎市,群馬県伊勢崎市境平塚5,群馬県伊勢崎市境平塚五丁目,estimated,5,36.254341,139.266603,363.52913905409747,372.13326153826586,0.856823,0.766129,estimated-by-town
群馬県伊勢崎市,群馬県伊勢崎市境平塚6,群馬県伊勢崎市境平塚六丁目,estimated,6,36.254341,139.266603,358.5463099816549,374.802207729556,0.856823,0.766129,estimated-by-town
群馬県伊勢崎市,群馬県伊勢崎市境平塚7,群馬県伊勢崎市境平塚七丁目,estimated,7,36.254341,139.266603,403.9968015982842,379.633499464817,0.856823,0.766129,estimated-by-town
群馬県伊勢崎市,群馬県伊勢崎市境平塚8,群馬県伊勢崎市境平塚八丁目,estimated,8,36.254341,139.266603,386.6560803021544,409.77638454923965,0.856823,0.766129,estimated-by-town
群馬県伊勢崎市,群馬県伊勢崎市境平塚9,群馬県伊勢崎市境平塚九丁目,estimated,9,36.254341,139.266603,380.9082621740562,356.0913272457981,0.856823,0.766129,estimated-by-town
群馬県伊勢崎市,群馬県伊勢崎市境平塚10,群馬県伊勢崎市境平塚十丁目,estimated,10,36.254341,139.266603,393.5801345412645,394.56230589874906,0.856823,0.766129,estimated-by-town
群馬県伊勢崎市,群馬県伊勢崎市境新栄1,群馬県伊勢崎市境新栄一丁目,estimated,1,36.276994,139.264554,400.93179340727505,342.0468187351645,0.834452,0.693548,estimated-by-town
群馬県伊勢崎市,群馬県伊勢崎市境新栄2,群馬県伊勢崎市境新栄二丁目,estimated,2,36.276994,139.264554,361.16668867126043,369.3766180370262,0.834452,0.693548,estimated-by-town
群馬県伊勢崎市,群馬県伊勢崎市境新栄3,群馬県伊勢崎市境新栄三丁目,estimated,3,36.276994,139.264554,344.6344427320205,334.2329553662853,0.834452,0.693548,estimated-by-town
群馬県伊勢崎市,群馬県伊勢崎市境新栄4,群馬県伊勢崎市境新栄四丁目,estimated,4,36.276994,139.264554,350.4833395016046,331.0,0.834452,0.693548,estimated-by-town
群馬県伊勢崎市,群馬県伊勢崎市境新栄5,群馬県伊勢崎市境新栄五丁目,estimated,5,36.276994,139.264554,367.60117469574726,320.61511844515434,0.834452,0.693548,estimated-by-town
群馬県伊勢崎市,群馬県伊勢崎市境新栄6,群馬県伊勢崎市境新栄六丁目,estimated,6,36.276994,139.264554,378.4351999471529,323.7155576479296,0.834452,0.693548,estimated-by-town
群馬県伊勢崎市,群馬県伊勢崎市境新栄7,群馬県伊勢崎市境新栄七丁目,estimated,7,36.276994,139.264554,392.42217460914355,362.7557760023929,0.834452,0.693548,estimated-by-town
群馬県伊勢崎市,群馬県伊勢崎市境新栄8,群馬県伊勢崎市境新栄八丁目,estimated,8,36.276994,139.264554,387.9722043185277,355.69756803118753,0.834452,0.693548,estimated-by-town
群馬県伊勢崎市,群馬県伊勢崎市境新栄9,群馬県伊勢崎市境新栄九丁目,estimated,9,36.276994,139.264554,369.87433280199525,361.72653955421976,0.834452,0.693548,estimated-by-town
群馬県伊勢崎市,群馬県伊勢崎市境新栄10,群馬県伊勢崎市境新栄十丁目,estimated,10,36.276994,139.264554,355.9424652462468,363.6224490857921,0.834452,0.693548,estimated-by-town
群馬県伊勢崎市,群馬県伊勢崎市境木島1,群馬県伊勢崎市境木島一丁目,estimated,1,36.288103,139.243141,265.440575162646,301.964202847659,0.657718,0.618952,estimated-by-town
群馬県伊勢崎市,群馬県伊勢崎市境木島2,群馬県伊勢崎市境木島二丁目,estimated,2,36.288103,139.243141,290.93819177887855,328.78589751231453,0.657718,0.618952,estimated-by-town
群馬県伊勢崎市,群馬県伊勢崎市境木島3,群馬県伊勢崎市境木島三丁目,estimated,3,36.288103,139.243141,279.85867258689615,323.8529777486175,0.657718,0.618952,estimated-by-town
群馬県伊勢崎市,群馬県伊勢崎市境木島4,群馬県伊勢崎市境木島四丁目,estimated,4,36.288103,139.243141,276.1458172155559,284.1476881454051,0.657718,0.618952,estimated-by-town
群馬県伊勢崎市,群馬県伊勢崎市境木島5,群馬県伊勢崎市境木島五丁目,estimated,5,36.288103,139.243141,276.22160986928753,304.18417962927583,0.657718,0.618952,estimated-by-town
群馬県伊勢崎市,群馬県伊勢崎市境木島6,群馬県伊勢崎市境木島六丁目,estimated,6,36.288103,139.243141,301.86673846173414,287.52913905409747,0.657718,0.618952,estimated-by-town
群馬県伊勢崎市,群馬県伊勢崎市境木島7,群馬県伊勢崎市境木島七丁目,estimated,7,36.288103,139.243141,268.19380005732563,310.16860292853386,0.657718,0.618952,estimated-by-town
群馬県伊勢崎市,群馬県伊勢崎市境木島8,群馬県伊勢崎市境木島八丁目,estimated,8,36.288103,139.243141,318.6657273563502,296.0181106369534,0.657718,0.618952,estimated-by-town
群馬県伊勢崎市,群馬県伊勢崎市境木島9,群馬県伊勢崎市境木島九丁目,estimated,9,36.288103,139.243141,314.9667641986356,320.6159758753757,0.657718,0.618952,estimated-by-town
群馬県伊勢崎市,群馬県伊勢崎市境木島10,群馬県伊勢崎市境木島十丁目,estimated,10,36.288103,139.243141,289.932703908954,281.3201031445264,0.657718,0.618952,estimated-by-town
群馬県伊勢崎市,群馬県伊勢崎市境東1,群馬県伊勢崎市境東一丁目,estimated,1,36.272189,139.259616,368.9129873451272,356.2979531515138,0.791946,0.675403,estimated-by-town
群馬県伊勢崎市,群馬県伊勢崎市境東2,群馬県伊勢崎市境東二丁目,estimated,2,36.272189,139.259616,349.05107680443496,313.5638585747248,0.791946,0.675403,estimated-by-town
群馬県伊勢崎市,群馬県伊勢崎市境東3,群馬県伊勢崎市境東三丁目,estimated,3,36.272189,139.259616,337.45177417425884,322.07110901816117,0.791946,0.675403,estimated-by-town
群馬県伊勢崎市,群馬県伊勢崎市境東4,群馬県伊勢崎市境東四丁目,estimated,4,36.272189,139.259616,345.4585304954082,354.18445461049464,0.791946,0.675403,estimated-by-town
群馬県伊勢崎市,群馬県伊勢崎市境東5,群馬県伊勢崎市境東五丁目,estimated,5,36.272189,139.259616,359.56420359879235,357.31680170434794,0.791946,0.675403,estimated-by-town
群馬県伊勢崎市,群馬県伊勢崎市境東6,群馬県伊勢崎市境東六丁目,estimated,6,36.272189,139.259616,336.04384709532314,333.74438347260576,0.791946,0.675403,estimated-by-town
群馬県伊勢崎市,群馬県伊勢崎市境東7,群馬県伊勢崎市境東七丁目,estimated,7,36.272189,139.259616,373.28942306274473,322.47330219465437,0.791946,0.675403,estimated-by-town
群馬県伊勢崎市,群馬県伊勢崎市境東8,群馬県伊勢崎市境東八丁目,estimated,8,36.272189,139.259616,350.70068462432835,353.71134730723196,0.791946,0.675403,estimated-by-town
群馬県伊勢崎市,群馬県伊勢崎市境東9,群馬県伊勢崎市境東九丁目,estimated,9,36.272189,139.259616,339.91585311642325,308.51157221423216,0.791946,0.675403,estimated-by-town
群馬県伊勢崎市,群馬県伊勢崎市境東10,群馬県伊勢崎市境東十丁目,estimated,10,36.272189,139.259616,374.1162532642061,346.15062126566573,0.791946,0.675403,estimated-by-town
群馬県伊勢崎市,群馬県伊勢崎市境東新井1,群馬県伊勢崎市境東新井一丁目,estimated,1,36.311683,139.26415,278.72657316443406,310.2568452714909,0.604027,0.657258,estimated-by-town
群馬県伊勢崎市,群馬県伊勢崎市境東新井2,群馬県伊勢崎市境東新井二丁目,estimated,2,36.311683,139.26415,289.32176546241226,308.6026042346697,0.604027,0.657258,estimated-by-town
群馬県伊勢崎市,群馬県伊勢崎市境東新井3,群馬県伊勢崎市境東新井三丁目,estimated,3,36.311683,139.26415,288.9537169549367,327.32537300113836,0.604027,0.657258,estimated-by-town
群馬県伊勢崎市,群馬県伊勢崎市境東新井4,群馬県伊勢崎市境東新井四丁目,estimated,4,36.311683,139.26415,246.63135479622164,314.602350183484,0.604027,0.657258,estimated-by-town
群馬県伊勢崎市,群馬県伊勢崎市境東新井5,群馬県伊勢崎市境東新井五丁目,estimated,5,36.311683,139.26415,288.71134730723196,322.70068462432835,0.604027,0.657258,estimated-by-town
群馬県伊勢崎市,群馬県伊勢崎市境東新井6,群馬県伊勢崎市境東新井六丁目,estimated,6,36.311683,139.26415,256.7600694906549,308.43001877895955,0.604027,0.657258,estimated-by-town
群馬県伊勢崎市,群馬県伊勢崎市境東新井7,群馬県伊勢崎市境東新井七丁目,estimated,7,36.311683,139.26415,288.8796117314951,302.68562115629084,0.604027,0.657258,estimated-by-town
群馬県伊勢崎市,群馬県伊勢崎市境東新井8,群馬県伊勢崎市境東新井八丁目,estimated,8,36.311683,139.26415,260.01220900572997,345.6021435321441,0.604027,0.657258,estimated-by-town
群馬県伊勢崎市,群馬県伊勢崎市境東新井9,群馬県伊勢崎市境東新井九丁目,estimated,9,36.311683,139.26415,285.56388884149084,315.1020477093301,0.604027,0.657258,estimated-by-town
群馬県伊勢崎市,群馬県伊勢崎市境東新井10,群馬県伊勢崎市境東新井十丁目,estimated,10,36.311683,139.26415,263.10906610457505,350.031542398458,0.604027,0.657258,estimated-by-town
群馬県伊勢崎市,群馬県伊勢崎市境栄1,群馬県伊勢崎市境栄一丁目,estimated,1,36.271502,139.263304,342.89315394498067,323.58359213500125,0.798658,0.691532,estimated-by-town
群馬県伊勢崎市,群馬県伊勢崎市境栄2,群馬県伊勢崎市境栄二丁目,estimated,2,36.271502,139.263304,381.27050983124843,325.3664424312258,0.798658,0.691532,estimated-by-town
群馬県伊勢崎市,群馬県伊勢崎市境栄3,群馬県伊勢崎市境栄三丁目,estimated,3,36.271502,139.263304,371.5548444192606,355.21296458404424,0.798658,0.691532,estimated-by-town
群馬県伊勢崎市,群馬県伊勢崎市境栄4,群馬県伊勢崎市境栄四丁目,estimated,4,36.271502,139.263304,380.7764129073788,350.7254248593737,0.798658,0.691532,estimated-by-town
群馬県伊勢崎市,群馬県伊勢崎市境栄5,群馬県伊勢崎市境栄五丁目,estimated,5,36.271502,139.263304,377.30779463575533,353.7978459440755,0.798658,0.691532,estimated-by-town
群馬県伊勢崎市,群馬県伊勢崎市境栄6,群馬県伊勢崎市境栄六丁目,estimated,6,36.271502,139.263304,336.1391457901791,363.1450927433109,0.798658,0.691532,estimated-by-town
群馬県伊勢崎市,群馬県伊勢崎市境栄7,群馬県伊勢崎市境栄七丁目,estimated,7,36.271502,139.263304,372.68596228143747,359.8211351372409,0.798658,0.691532,estimated-by-town
群馬県伊勢崎市,群馬県伊勢崎市境栄8,群馬県伊勢崎市境栄八丁目,estimated,8,36.271502,139.263304,333.8338303711024,331.1962470067718,0.798658,0.691532,estimated-by-town
群馬県伊勢崎市,群馬県伊勢崎市境栄9,群馬県伊勢崎市境栄九丁目,estimated,9,36.271502,139.263304,340.9102185643782,327.996036078625,0.798658,0.691532,estimated-by-town
群馬県伊勢崎市,群馬県伊勢崎市境栄10,群馬県伊勢崎市境栄十丁目,estimated,10,36.271502,139.263304,383.5898093313296,347.6885007970071,0.798658,0.691532,estimated-by-town
群馬県伊勢崎市,群馬県伊勢崎市境百々1,群馬県伊勢崎市境百々一丁目,estimated,1,36.280222,139.252165,349.63234133723705,351.59339478853633,0.816555,0.659274,estimated-by-town
群馬県伊勢崎市,群馬県伊勢崎市境百々2,群馬県伊勢崎市境百々二丁目,estimated,2,36.280222,139.252165,362.4407437884919,347.8434691844678,0.816555,0.659274,estimated-by-town
群馬県伊勢崎市,群馬県伊勢崎市境百々3,群馬県伊勢崎市境百々三丁目,estimated,3,36.280222,139.252165,353.52847127297906,310.61695911422015,0.816555,0.659274,estimated-by-town
群馬県伊勢崎市,群馬県伊勢崎市境百々4,群馬県伊勢崎市境百々四丁目,estimated,4,36.280222,139.252165,381.97056274847716,310.02943725152284,0.816555,0.659274,estimated-by-town
群馬県伊勢崎市,群馬県伊勢崎市境百々5,群馬県伊勢崎市境百々五丁目,estimated,5,36.280222,139.252165,340.8932197812635,317.2602285711863,0.816555,0.659274,estimated-by-town
群馬県伊勢崎市,群馬県伊勢崎市境百々6,群馬県伊勢崎市境百々六丁目,estimated,6,36.280222,139.252165,375.9818893630466,351.6657273563502,0.816555,0.659274,estimated-by-town
群馬県伊勢崎市,群馬県伊勢崎市境百々7,群馬県伊勢崎市境百々七丁目,estimated,7,36.280222,139.252165,343.9884544742202,317.6450572092566,0.816555,0.659274,estimated-by-town
群馬県伊勢崎市,群馬県伊勢崎市境百々8,群馬県伊勢崎市境百々八丁目,estimated,8,36.280222,139.252165,389.4320081404336,318.1074762735326,0.816555,0.659274,estimated-by-town
群馬県伊勢崎市,群馬県伊勢崎市境百々9,群馬県伊勢崎市境百々九丁目,estimated,9,36.280222,139.252165,383.1865334794732,337.5,0.816555,0.659274,estimated-by-town
群馬県伊勢崎市,群馬県伊勢崎市境百々10,群馬県伊勢崎市境百々十丁目,estimated,10,36.280222,139.252165,370.34265187054325,299.5144388634654,0.816555,0.659274,estimated-by-town
群馬県伊勢崎市,群馬県伊勢崎市境百々東1,群馬県伊勢崎市境百々東一丁目,estimated,1,36.279481,139.256316,361.1549513969036,336.0972111520534,0.838926,0.643145,estimated-by-town
群馬県伊勢崎市,群馬県伊勢崎市境百々東2,群馬県伊勢崎市境百々東二丁目,estimated,2,36.279481,139.256316,373.08257365955154,340.9162833580184,0.838926,0.643145,estimated-by-town
群馬県伊勢崎市,群馬県伊勢崎市境百々東3,群馬県伊勢崎市境百々東三丁目,estimated,3,36.279481,139.256316,368.819660112501,338.0211303259031,0.838926,0.643145,estimated-by-town
群馬県伊勢崎市,群馬県伊勢崎市境百々東4,群馬県伊勢崎市境百々東四丁目,estimated,4,36.279481,139.256316,362.0420311588125,305.1042796692358,0.838926,0.643145,estimated-by-town
群馬県伊勢崎市,群馬県伊勢崎市境百々東5,群馬県伊勢崎市境百々東五丁目,estimated,5,36.279481,139.256316,365.01220900572997,338.6021435321441,0.838926,0.643145,estimated-by-town
群馬県伊勢崎市,群馬県伊勢崎市境百々東6,群馬県伊勢崎市境百々東六丁目,estimated,6,36.279481,139.256316,389.051742733536,303.3939586649747,0.838926,0.643145,estimated-by-town
群馬県伊勢崎市,群馬県伊勢崎市境百々東7,群馬県伊勢崎市境百々東七丁目,estimated,7,36.279481,139.256316,396.9698497646006,320.15139103734475,0.838926,0.643145,estimated-by-town
群馬県伊勢崎市,群馬県伊勢崎市境百々東8,群馬県伊勢崎市境百々東八丁目,estimated,8,36.279481,139.256316,355.08284447890657,302.28752214815,0.838926,0.643145,estimated-by-town
群馬県伊勢崎市,群馬県伊勢崎市境百々東9,群馬県伊勢崎市境百々東九丁目,estimated,9,36.279481,139.256316,383.9868159552533,340.17161162940613,0.838926,0.643145,estimated-by-town
群馬県伊勢崎市,群馬県伊勢崎市境百々東10,群馬県伊勢崎市境百々東十丁目,estimated,10,36.279481,139.256316,399.8536310432159,329.5497404692104,0.838926,0.643145,estimated-by-town
群馬県伊勢崎市,群馬県伊勢崎市境米岡1,群馬県伊勢崎市境米岡一丁目,estimated,1,36.263772,139.26431,380.53189118119104,366.8020153905481,0.836689,0.792339,estimated-by-town
群馬県伊勢崎市,群馬県伊勢崎市境米岡2,群馬県伊勢崎市境米岡二丁目,estimated,2,36.263772,139.26431,345.63371957871965,399.029439033715,0.836689,0.792339,estimated-by-town
群馬県伊勢崎市,群馬県伊勢崎市境米岡3,群馬県伊勢崎市境米岡三丁目,estimated,3,36.263772,139.26431,392.7557760023929,412.42217460914355,0.836689,0.792339,estimated-by-town
群馬県伊勢崎市,群馬県伊勢崎市境米岡4,群馬県伊勢崎市境米岡四丁目,estimated,4,36.263772,139.26431,402.559424837354,387.964202847659,0.836689,0.792339,estimated-by-town
群馬県伊勢崎市,群馬県伊勢崎市境米岡5,群馬県伊勢崎市境米岡五丁目,estimated,5,36.263772,139.26431,389.28248415009796,377.1745243925497,0.836689,0.792339,estimated-by-town
群馬県伊勢崎市,群馬県伊勢崎市境米岡6,群馬県伊勢崎市境米岡六丁目,estimated,6,36.263772,139.26431,397.4827759024719,408.2498929804208,0.836689,0.792339,estimated-by-town
群馬県伊勢崎市,群馬県伊勢崎市境米岡7,群馬県伊勢崎市境米岡七丁目,estimated,7,36.263772,139.26431,364.30380759507324,375.50760585721207,0.836689,0.792339,estimated-by-town
群馬県伊勢崎市,群馬県伊勢崎市境米岡8,群馬県伊勢崎市境米岡八丁目,estimated,8,36.263772,139.26431,396.9362572400918,376.9398597821707,0.836689,0.792339,estimated-by-town
群馬県伊勢崎市,群馬県伊勢崎市境米岡9,群馬県伊勢崎市境米岡九丁目,estimated,9,36.263772,139.26431,367.20162612375117,372.0767566415066,0.836689,0.792339,estimated-by-town
群馬県伊勢崎市,群馬県伊勢崎市境米岡10,群馬県伊勢崎市境米岡十丁目,estimated,10,36.263772,139.26431,348.7723111168241,386.7100307144086,0.836689,0.792339,estimated-by-town
群馬県伊勢崎市,群馬県伊勢崎市境美原1,群馬県伊勢崎市境美原一丁目,estimated,1,36.278845,139.260079,355.9656974127316,363.14025194192163,0.818792,0.679435,estimated-by-town
群馬県伊勢崎市,群馬県伊勢崎市境美原2,群馬県伊勢崎市境美原二丁目,estimated,2,36.278845,139.260079,342.92971929748035,343.615296539608,0.818792,0.679435,estimated-by-town
群馬県伊勢崎市,群馬県伊勢崎市境美原3,群馬県伊勢崎市境美原三丁目,estimated,3,36.278845,139.260079,366.0,356.0,0.818792,0.679435,estimated-by-town
群馬県伊勢崎市,群馬県伊勢崎市境美原4,群馬県伊勢崎市境美原四丁目,estimated,4,36.278845,139.260079,390.8639236550389,329.3983356772088,0.818792,0.679435,estimated-by-town
群馬県伊勢崎市,群馬県伊勢崎市境美原5,群馬県伊勢崎市境美原五丁目,estimated,5,36.278845,139.260079,381.0453755788012,317.0341122488177,0.818792,0.679435,estimated-by-town
群馬県伊勢崎市,群馬県伊勢崎市境美原6,群馬県伊勢崎市境美原六丁目,estimated,6,36.278845,139.260079,354.25694902711433,354.4097890236559,0.818792,0.679435,estimated-by-town
群馬県伊勢崎市,群馬県伊勢崎市境美原7,群馬県伊勢崎市境美原七丁目,estimated,7,36.278845,139.260079,358.81757699016094,317.2664549634959,0.818792,0.679435,estimated-by-town
群馬県伊勢崎市,群馬県伊勢崎市境美原8,群馬県伊勢崎市境美原八丁目,estimated,8,36.278845,139.260079,343.3475241575015,353.45798706418924,0.818792,0.679435,estimated-by-town
群馬県伊勢崎市,群馬県伊勢崎市境美原9,群馬県伊勢崎市境美原九丁目,estimated,9,36.278845,139.260079,383.4097890236559,348.74305097288567,0.818792,0.679435,estimated-by-town
群馬県伊勢崎市,群馬県伊勢崎市境美原10,群馬県伊勢崎市境美原十丁目,estimated,10,36.278845,139.260079,391.4318376190789,342.40570396126174,0.818792,0.679435,estimated-by-town
群馬県伊勢崎市,群馬県伊勢崎市境萩原1,群馬県伊勢崎市境萩原一丁目,estimated,1,36.276382,139.250588,344.60117469574726,324.61511844515434,0.782998,0.701613,estimated-by-town
群馬県伊勢崎市,群馬県伊勢崎市境萩原2,群馬県伊勢崎市境萩原二丁目,estimated,2,36.276382,139.250588,331.5492475052007,359.9820587703306,0.782998,0.701613,estimated-by-town
群馬県伊勢崎市,群馬県伊勢崎市境萩原3,群馬県伊勢崎市境萩原三丁目,estimated,3,36.276382,139.250588,369.5629520146761,352.15823381635516,0.782998,0.701613,estimated-by-town
群馬県伊勢崎市,群馬県伊勢崎市境萩原4,群馬県伊勢崎市境萩原四丁目,estimated,4,36.276382,139.250588,344.8236190979496,367.3185165257814,0.782998,0.701613,estimated-by-town
群馬県伊勢崎市,群馬県伊勢崎市境萩原5,群馬県伊勢崎市境萩原五丁目,estimated,5,36.276382,139.250588,358.450488130146,363.89305667146067,0.782998,0.701613,estimated-by-town
群馬県伊勢崎市,群馬県伊勢崎市境萩原6,群馬県伊勢崎市境萩原六丁目,estimated,6,36.276382,139.250588,332.9806656392123,353.8602267802288,0.782998,0.701613,estimated-by-town
群馬県伊勢崎市,群馬県伊勢崎市境萩原7,群馬県伊勢崎市境萩原七丁目,estimated,7,36.276382,139.250588,357.993483318693,375.87658918221126,0.782998,0.701613,estimated-by-town
群馬県伊勢崎市,群馬県伊勢崎市境萩原8,群馬県伊勢崎市境萩原八丁目,estimated,8,36.276382,139.250588,336.5649711574556,334.5649711574556,0.782998,0.701613,estimated-by-town
群馬県伊勢崎市,群馬県伊勢崎市境萩原9,群馬県伊勢崎市境萩原九丁目,estimated,9,36.276382,139.250588,329.0332358013644,334.3840241246243,0.782998,0.701613,estimated-by-town
群馬県伊勢崎市,群馬県伊勢崎市境萩原10,群馬県伊勢崎市境萩原十丁目,estimated,10,36.276382,139.250588,366.56908736214393,340.96683968719304,0.782998,0.701613,estimated-by-town
群馬県伊勢崎市,群馬県伊勢崎市境西今井1,群馬県伊勢崎市境西今井一丁目,estimated,1,36.282947,139.266775,356.8975779269961,303.5585571153072,0.762864,0.663306,estimated-by-town
群馬県伊勢崎市,群馬県伊勢崎市境西今井2,群馬県伊勢崎市境西今井二丁目,estimated,2,36.282947,139.266775,321.9742881592753,350.8865778264604,0.762864,0.663306,estimated-by-town
群馬県伊勢崎市,群馬県伊勢崎市境西今井3,群馬県伊勢崎市境西今井三丁目,estimated,3,36.282947,139.266775,347.45062309181543,312.1955523230504,0.762864,0.663306,estimated-by-town
群馬県伊勢崎市,群馬県伊勢崎市境西今井4,群馬県伊勢崎市境西今井四丁目,estimated,4,36.282947,139.266775,365.27050983124843,311.3664424312258,0.762864,0.663306,estimated-by-town
群馬県伊勢崎市,群馬県伊勢崎市境西今井5,群馬県伊勢崎市境西今井五丁目,estimated,5,36.282947,139.266775,366.90106215038537,331.26604931143913,0.762864,0.663306,estimated-by-town
群馬県伊勢崎市,群馬県伊勢崎市境西今井6,群馬県伊勢崎市境西今井六丁目,estimated,6,36.282947,139.266775,362.147757310643,335.064021827974,0.762864,0.663306,estimated-by-town
群馬県伊勢崎市,群馬県伊勢崎市境西今井7,群馬県伊勢崎市境西今井七丁目,estimated,7,36.282947,139.266775,352.9820587703306,347.4507524947993,0.762864,0.663306,estimated-by-town
群馬県伊勢崎市,群馬県伊勢崎市境西今井8,群馬県伊勢崎市境西今井八丁目,estimated,8,36.282947,139.266775,328.79373936756684,306.0433625856679,0.762864,0.663306,estimated-by-town
群馬県伊勢崎市,群馬県伊勢崎市境西今井9,群馬県伊勢崎市境西今井九丁目,estimated,9,36.282947,139.266775,322.2339215286924,331.9722548357644,0.762864,0.663306,estimated-by-town
群馬県伊勢崎市,群馬県伊勢崎市境西今井10,群馬県伊勢崎市境西今井十丁目,estimated,10,36.282947,139.266775,330.67162561871044,348.4248470428964,0.762864,0.663306,estimated-by-town
群馬県伊勢崎市,群馬県伊勢崎市大手町1,群馬県伊勢崎市大手町一丁目,estimated,1,36.323635,139.194912,187.31887444508675,219.16398466389091,0.425056,0.485887,estimated-by-town
群馬県伊勢崎市,群馬県伊勢崎市大手町2,群馬県伊勢崎市大手町二丁目,estimated,2,36.323635,139.194912,195.56420359879235,263.31680170434794,0.425056,0.485887,estimated-by-town
群馬県伊勢崎市,群馬県伊勢崎市大手町3,群馬県伊勢崎市大手町三丁目,estimated,3,36.323635,139.194912,216.14025194192163,230.96569741273157,0.425056,0.485887,estimated-by-town
群馬県伊勢崎市,群馬県伊勢崎市大手町4,群馬県伊勢崎市大手町四丁目,estimated,4,36.323635,139.194912,184.17847265710273,213.61186717945344,0.425056,0.485887,estimated-by-town
群馬県伊勢崎市,群馬県伊勢崎市大手町5,群馬県伊勢崎市大手町五丁目,estimated,5,36.323635,139.194912,164.22586410333167,251.94047159769966,0.425056,0.485887,estimated-by-town
群馬県伊勢崎市,群馬県伊勢崎市大手町6,群馬県伊勢崎市大手町六丁目,estimated,6,36.323635,139.194912,214.99619237890977,240.5636898390679,0.425056,0.485887,estimated-by-town
群馬県伊勢崎市,群馬県伊勢崎市大手町7,群馬県伊勢崎市大手町七丁目,estimated,7,36.323635,139.194912,206.28617871334012,231.21427657670895,0.425056,0.485887,estimated-by-town
群馬県伊勢崎市,群馬県伊勢崎市大手町8,群馬県伊勢崎市大手町八丁目,estimated,8,36.323635,139.194912,187.4407437884919,220.15653081553225,0.425056,0.485887,estimated-by-town
群馬県伊勢崎市,群馬県伊勢崎市大手町9,群馬県伊勢崎市大手町九丁目,estimated,9,36.323635,139.194912,162.41936102744054,249.96149283687348,0.425056,0.485887,estimated-by-town
群馬県伊勢崎市,群馬県伊勢崎市大手町10,群馬県伊勢崎市大手町十丁目,estimated,10,36.323635,139.194912,198.32905178899247,223.92291312031583,0.425056,0.485887,estimated-by-town
群馬県伊勢崎市,群馬県伊勢崎市大正寺町1,群馬県伊勢崎市大正寺町一丁目,estimated,1,36.283955,139.200041,194.8757526670454,370.83978606750986,0.47651,0.77621,estimated-by-town
群馬県伊勢崎市,群馬県伊勢崎市大正寺町2,群馬県伊勢崎市大正寺町二丁目,estimated,2,36.283955,139.200041,205.11590511000338,405.5387693829384,0.47651,0.77621,estimated-by-town
群馬県伊勢崎市,群馬県伊勢崎市大正寺町3,群馬県伊勢崎市大正寺町三丁目,estimated,3,36.283955,139.200041,236.55905240274393,380.4205841109629,0.47651,0.77621,estimated-by-town
群馬県伊勢崎市,群馬県伊勢崎市大正寺町4,群馬県伊勢崎市大正寺町四丁目,estimated,4,36.283955,139.200041,195.85665398595776,395.3007614982011,0.47651,0.77621,estimated-by-town
群馬県伊勢崎市,群馬県伊勢崎市大正寺町5,群馬県伊勢崎市大正寺町五丁目,estimated,5,36.283955,139.200041,183.1643431389518,381.8641461019704,0.47651,0.77621,estimated-by-town
群馬県伊勢崎市,群馬県伊勢崎市大正寺町6,群馬県伊勢崎市大正寺町六丁目,estimated,6,36.283955,139.200041,238.8575692795751,387.717740044959,0.47651,0.77621,estimated-by-town
群馬県伊勢崎市,群馬県伊勢崎市大正寺町7,群馬県伊勢崎市大正寺町七丁目,estimated,7,36.283955,139.200041,220.81363570697175,407.69244581438363,0.47651,0.77621,estimated-by-town
群馬県伊勢崎市,群馬県伊勢崎市大正寺町8,群馬県伊勢崎市大正寺町八丁目,estimated,8,36.283955,139.200041,218.8487274129405,410.33362168441613,0.47651,0.77621,estimated-by-town
群馬県伊勢崎市,群馬県伊勢崎市大正寺町9,群馬県伊勢崎市大正寺町九丁目,estimated,9,36.283955,139.200041,237.8536310432159,395.5497404692104,0.47651,0.77621,estimated-by-town
群馬県伊勢崎市,群馬県伊勢崎市大正寺町10,群馬県伊勢崎市大正寺町十丁目,estimated,10,36.283955,139.200041,187.83988296163727,401.33917105045083,0.47651,0.77621,estimated-by-town
群馬県伊勢崎市,群馬県伊勢崎市太田町1,群馬県伊勢崎市太田町一丁目,estimated,1,36.330439,139.187992,167.35338826899445,209.31903718674363,0.38255,0.46371,estimated-by-town
群馬県伊勢崎市,群馬県伊勢崎市太田町2,群馬県伊勢崎市太田町二丁目,estimated,2,36.330439,139.187992,190.96588775118232,214.9546244211988,0.38255,0.46371,estimated-by-town
群馬県伊勢崎市,群馬県伊勢崎市太田町3,群馬県伊勢崎市太田町三丁目,estimated,3,36.330439,139.187992,189.0,230.0,0.38255,0.46371,estimated-by-town
群馬県伊勢崎市,群馬県伊勢崎市太田町4,群馬県伊勢崎市太田町四丁目,estimated,4,36.330439,139.187992,180.69619240492673,247.49239414278793,0.38255,0.46371,estimated-by-town
群馬県伊勢崎市,群馬県伊勢崎市太田町5,群馬県伊勢崎市太田町五丁目,estimated,5,36.330439,139.187992,146.6785535295827,245.79453201543578,0.38255,0.46371,estimated-by-town
群馬県伊勢崎市,群馬県伊勢崎市太田町6,群馬県伊勢崎市太田町六丁目,estimated,6,36.330439,139.187992,186.73300977624595,249.42864903642428,0.38255,0.46371,estimated-by-town
群馬県伊勢崎市,群馬県伊勢崎市太田町7,群馬県伊勢崎市太田町七丁目,estimated,7,36.330439,139.187992,200.88584094275237,232.61467228242975,0.38255,0.46371,estimated-by-town
群馬県伊勢崎市,群馬県伊勢崎市太田町8,群馬県伊勢崎市太田町八丁目,estimated,8,36.330439,139.187992,185.7208733398949,246.34918616050268,0.38255,0.46371,estimated-by-town
群馬県伊勢崎市,群馬県伊勢崎市太田町9,群馬県伊勢崎市太田町九丁目,estimated,9,36.330439,139.187992,189.91225808656134,215.2241245921842,0.38255,0.46371,estimated-by-town
群馬県伊勢崎市,群馬県伊勢崎市太田町10,群馬県伊勢崎市太田町十丁目,estimated,10,36.330439,139.187992,181.168416076895,252.83863644106503,0.38255,0.46371,estimated-by-town
群馬県伊勢崎市,群馬県伊勢崎市安堀町1,群馬県伊勢崎市安堀町一丁目,estimated,1,36.335949,139.176987,161.2297751155864,211.4593204138084,0.371365,0.475806,estimated-by-town
群馬県伊勢崎市,群馬県伊勢崎市安堀町2,群馬県伊勢崎市安堀町二丁目,estimated,2,36.335949,139.176987,182.7757871041224,211.12887282334876,0.371365,0.475806,estimated-by-town
群馬県伊勢崎市,群馬県伊勢崎市安堀町3,群馬県伊勢崎市安堀町三丁目,estimated,3,36.335949,139.176987,141.52968975001045,224.58930693300113,0.371365,0.475806,estimated-by-town
群馬県伊勢崎市,群馬県伊勢崎市安堀町4,群馬県伊勢崎市安堀町四丁目,estimated,4,36.335949,139.176987,152.22209912993668,258.0492505000671,0.371365,0.475806,estimated-by-town
群馬県伊勢崎市,群馬県伊勢崎市安堀町5,群馬県伊勢崎市安堀町五丁目,estimated,5,36.335949,139.176987,143.35871259331685,216.31822913028478,0.371365,0.475806,estimated-by-town
群馬県伊勢崎市,群馬県伊勢崎市安堀町6,群馬県伊勢崎市安堀町六丁目,estimated,6,36.335949,139.176987,145.54004919812505,257.94061104857514,0.371365,0.475806,estimated-by-town
群馬県伊勢崎市,群馬県伊勢崎市安堀町7,群馬県伊勢崎市安堀町七丁目,estimated,7,36.335949,139.176987,147.73602777717193,230.76289023947703,0.371365,0.475806,estimated-by-town
群馬県伊勢崎市,群馬県伊勢崎市安堀町8,群馬県伊勢崎市安堀町八丁目,estimated,8,36.335949,139.176987,179.5847724440099,224.19093747817087,0.371365,0.475806,estimated-by-town
群馬県伊勢崎市,群馬県伊勢崎市安堀町9,群馬県伊勢崎市安堀町九丁目,estimated,9,36.335949,139.176987,142.66048933756997,244.95919873863252,0.371365,0.475806,estimated-by-town
群馬県伊勢崎市,群馬県伊勢崎市安堀町10,群馬県伊勢崎市安堀町十丁目,estimated,10,36.335949,139.176987,186.53876938293843,243.88409488999662,0.371365,0.475806,estimated-by-town
群馬県伊勢崎市,群馬県伊勢崎市宗高町1,群馬県伊勢崎市宗高町一丁目,estimated,1,36.329577,139.20138,208.92769926374316,230.3440408877945,0.425056,0.467742,estimated-by-town
群馬県伊勢崎市,群馬県伊勢崎市宗高町2,群馬県伊勢崎市宗高町二丁目,estimated,2,36.329577,139.20138,212.2524125096029,240.9905582419819,0.425056,0.467742,estimated-by-town
群馬県伊勢崎市,群馬県伊勢崎市宗高町3,群馬県伊勢崎市宗高町三丁目,estimated,3,36.329577,139.20138,161.31085732110893,223.2288488583179,0.425056,0.467742,estimated-by-town
群馬県伊勢崎市,群馬県伊勢崎市宗高町4,群馬県伊勢崎市宗高町四丁目,estimated,4,36.329577,139.20138,198.24134505515008,252.39804480046934,0.425056,0.467742,estimated-by-town
群馬県伊勢崎市,群馬県伊勢崎市宗高町5,群馬県伊勢崎市宗高町五丁目,estimated,5,36.329577,139.20138,166.17889236060827,229.07513575827645,0.425056,0.467742,estimated-by-town
群馬県伊勢崎市,群馬県伊勢崎市宗高町6,群馬県伊勢崎市宗高町六丁目,estimated,6,36.329577,139.20138,207.05753475375317,212.37755091420792,0.425056,0.467742,estimated-by-town
群馬県伊勢崎市,群馬県伊勢崎市宗高町7,群馬県伊勢崎市宗高町七丁目,estimated,7,36.329577,139.20138,190.36650053518295,252.9968015982842,0.425056,0.467742,estimated-by-town
群馬県伊勢崎市,群馬県伊勢崎市宗高町8,群馬県伊勢崎市宗高町八丁目,estimated,8,36.329577,139.20138,181.1074762735326,207.56799185956638,0.425056,0.467742,estimated-by-town
群馬県伊勢崎市,群馬県伊勢崎市宗高町9,群馬県伊勢崎市宗高町九丁目,estimated,9,36.329577,139.20138,214.2674392500775,220.1639790366949,0.425056,0.467742,estimated-by-town
群馬県伊勢崎市,群馬県伊勢崎市宗高町10,群馬県伊勢崎市宗高町十丁目,estimated,10,36.329577,139.20138,185.65879555832674,256.6201938253052,0.425056,0.467742,estimated-by-town
群馬県伊勢崎市,群馬県伊勢崎市宮前町1,群馬県伊勢崎市宮前町一丁目,estimated,1,36.323612,139.207509,218.6071287113326,284.3135401666597,0.472036,0.540323,estimated-by-town
群馬県伊勢崎市,群馬県伊勢崎市宮前町2,群馬県伊勢崎市宮前町二丁目,estimated,2,36.323612,139.207509,221.06547226247343,282.92267630599076,0.472036,0.540323,estimated-by-town
群馬県伊勢崎市,群馬県伊勢崎市宮前町3,群馬県伊勢崎市宮前町三丁目,estimated,3,36.323612,139.207509,209.74438347260573,285.95615290467686,0.472036,0.540323,estimated-by-town
群馬県伊勢崎市,群馬県伊勢崎市宮前町4,群馬県伊勢崎市宮前町四丁目,estimated,4,36.323612,139.207509,217.29862952162821,295.2823618139866,0.472036,0.540323,estimated-by-town
群馬県伊勢崎市,群馬県伊勢崎市宮前町5,群馬県伊勢崎市宮前町五丁目,estimated,5,36.323612,139.207509,193.90766901401994,252.60999605374627,0.472036,0.540323,estimated-by-town
群馬県伊勢崎市,群馬県伊勢崎市宮前町6,群馬県伊勢崎市宮前町六丁目,estimated,6,36.323612,139.207509,189.52765019056437,259.75753716045807,0.472036,0.540323,estimated-by-town
群馬県伊勢崎市,群馬県伊勢崎市宮前町7,群馬県伊勢崎市宮前町七丁目,estimated,7,36.323612,139.207509,229.54189945003748,277.8589028185037,0.472036,0.540323,estimated-by-town
群馬県伊勢崎市,群馬県伊勢崎市宮前町8,群馬県伊勢崎市宮前町八丁目,estimated,8,36.323612,139.207509,211.0,298.0,0.472036,0.540323,estimated-by-town
群馬県伊勢崎市,群馬県伊勢崎市宮前町9,群馬県伊勢崎市宮前町九丁目,estimated,9,36.323612,139.207509,199.4298230256423,281.7887999761416,0.472036,0.540323,estimated-by-town
群馬県伊勢崎市,群馬県伊勢崎市宮前町10,群馬県伊勢崎市宮前町十丁目,estimated,10,36.323612,139.207509,203.98426502760964,296.1385760620039,0.472036,0.540323,estimated-by-town
群馬県伊勢崎市,群馬県伊勢崎市宮古町1,群馬県伊勢崎市宮古町一丁目,estimated,1,36.32181,139.151732,103.0687244495656,287.79837387624883,0.259508,0.544355,estimated-by-town
群馬県伊勢崎市,群馬県伊勢崎市宮古町2,群馬県伊勢崎市宮古町二丁目,estimated,2,36.32181,139.151732,136.7645232612296,285.64719060195324,0.259508,0.544355,estimated-by-town
群馬県伊勢崎市,群馬県伊勢崎市宮古町3,群馬県伊勢崎市宮古町三丁目,estimated,3,36.32181,139.151732,136.72593931387604,256.0201774132313,0.259508,0.544355,estimated-by-town
群馬県伊勢崎市,群馬県伊勢崎市宮古町4,群馬県伊勢崎市宮古町四丁目,estimated,4,36.32181,139.151732,115.52878502619335,243.00411223077742,0.259508,0.544355,estimated-by-town
群馬県伊勢崎市,群馬県伊勢崎市宮古町5,群馬県伊勢崎市宮古町五丁目,estimated,5,36.32181,139.151732,132.68930938220217,276.7429186814864,0.259508,0.544355,estimated-by-town
群馬県伊勢崎市,群馬県伊勢崎市宮古町6,群馬県伊勢崎市宮古町六丁目,estimated,6,36.32181,139.151732,102.75201839416988,291.20120240391066,0.259508,0.544355,estimated-by-town
群馬県伊勢崎市,群馬県伊勢崎市宮古町7,群馬県伊勢崎市宮古町七丁目,estimated,7,36.32181,139.151732,97.0260388396631,270.99438316861597,0.259508,0.544355,estimated-by-town
群馬県伊勢崎市,群馬県伊勢崎市宮古町8,群馬県伊勢崎市宮古町八丁目,estimated,8,36.32181,139.151732,125.53380049453048,288.7111370079557,0.259508,0.544355,estimated-by-town
群馬県伊勢崎市,群馬県伊勢崎市宮古町9,群馬県伊勢崎市宮古町九丁目,estimated,9,36.32181,139.151732,134.35259069949228,265.0824381430521,0.259508,0.544355,estimated-by-town
群馬県伊勢崎市,群馬県伊勢崎市宮古町10,群馬県伊勢崎市宮古町十丁目,estimated,10,36.32181,139.151732,110.128677106876,251.92992619039208,0.259508,0.544355,estimated-by-town
群馬県伊勢崎市,群馬県伊勢崎市宮子町1,群馬県伊勢崎市宮子町一丁目,estimated,1,36.332768,139.158089,101.32676234271001,279.4755568468353,0.272931,0.578629,estimated-by-town
群馬県伊勢崎市,群馬県伊勢崎市宮子町2,群馬県伊勢崎市宮子町二丁目,estimated,2,36.332768,139.158089,142.1864956147047,281.21161552784304,0.272931,0.578629,estimated-by-town
群馬県伊勢崎市,群馬県伊勢崎市宮子町3,群馬県伊勢崎市宮子町三丁目,estimated,3,36.332768,139.158089,131.64416522935971,306.7734690185817,0.272931,0.578629,estimated-by-town
群馬県伊勢崎市,群馬県伊勢崎市宮子町4,群馬県伊勢崎市宮子町四丁目,estimated,4,36.332768,139.158089,116.17847265710273,259.61186717945344,0.272931,0.578629,estimated-by-town
群馬県伊勢崎市,群馬県伊勢崎市宮子町5,群馬県伊勢崎市宮子町五丁目,estimated,5,36.332768,139.158089,114.83342874875802,262.0071959056037,0.272931,0.578629,estimated-by-town
群馬県伊勢崎市,群馬県伊勢崎市宮子町6,群馬県伊勢崎市宮子町六丁目,estimated,6,36.332768,139.158089,149.4200386923802,277.5585235207425,0.272931,0.578629,estimated-by-town
群馬県伊勢崎市,群馬県伊勢崎市宮子町7,群馬県伊勢崎市宮子町七丁目,estimated,7,36.332768,139.158089,104.1341692704562,284.80635181870736,0.272931,0.578629,estimated-by-town
群馬県伊勢崎市,群馬県伊勢崎市宮子町8,群馬県伊勢崎市宮子町八丁目,estimated,8,36.332768,139.158089,130.8925237264674,311.4320081404336,0.272931,0.578629,estimated-by-town
群馬県伊勢崎市,群馬県伊勢崎市宮子町9,群馬県伊勢崎市宮子町九丁目,estimated,9,36.332768,139.158089,141.31851652578138,292.1763809020504,0.272931,0.578629,estimated-by-town
群馬県伊勢崎市,群馬県伊勢崎市宮子町10,群馬県伊勢崎市宮子町十丁目,estimated,10,36.332768,139.158089,128.18033988749895,267.9788696740969,0.272931,0.578629,estimated-by-town
群馬県伊勢崎市,群馬県伊勢崎市富塚町1,群馬県伊勢崎市富塚町一丁目,estimated,1,36.274663,139.195047,190.397649816516,406.3686452037783,0.400447,0.772177,estimated-by-town
群馬県伊勢崎市,群馬県伊勢崎市富塚町2,群馬県伊勢崎市富塚町二丁目,estimated,2,36.274663,139.195047,188.0,367.4115427318801,0.400447,0.772177,estimated-by-town
群馬県伊勢崎市,群馬県伊勢崎市富塚町3,群馬県伊勢崎市富塚町三丁目,estimated,3,36.274663,139.195047,202.38268590217984,369.5,0.400447,0.772177,estimated-by-town
群馬県伊勢崎市,群馬県伊勢崎市富塚町4,群馬県伊勢崎市富塚町四丁目,estimated,4,36.274663,139.195047,182.64661173100552,362.3190371867436,0.400447,0.772177,estimated-by-town
群馬県伊勢崎市,群馬県伊勢崎市富塚町5,群馬県伊勢崎市富塚町五丁目,estimated,5,36.274663,139.195047,204.36397150704246,397.0594789871438,0.400447,0.772177,estimated-by-town
群馬県伊勢崎市,群馬県伊勢崎市富塚町6,群馬県伊勢崎市富塚町六丁目,estimated,6,36.274663,139.195047,195.62285983379277,404.2762903473815,0.400447,0.772177,estimated-by-town
群馬県伊勢崎市,群馬県伊勢崎市富塚町7,群馬県伊勢崎市富塚町七丁目,estimated,7,36.274663,139.195047,160.41519558605768,386.9503221255374,0.400447,0.772177,estimated-by-town
群馬県伊勢崎市,群馬県伊勢崎市富塚町8,群馬県伊勢崎市富塚町八丁目,estimated,8,36.274663,139.195047,156.6382057186758,399.85082064825735,0.400447,0.772177,estimated-by-town
群馬県伊勢崎市,群馬県伊勢崎市富塚町9,群馬県伊勢崎市富塚町九丁目,estimated,9,36.274663,139.195047,183.96147240470597,365.69728947311023,0.400447,0.772177,estimated-by-town
群馬県伊勢崎市,群馬県伊勢崎市富塚町10,群馬県伊勢崎市富塚町十丁目,estimated,10,36.274663,139.195047,186.4238914412962,365.51040778440364,0.400447,0.772177,estimated-by-town
群馬県伊勢崎市,群馬県伊勢崎市寿町1,群馬県伊勢崎市寿町一丁目,estimated,1,36.333194,139.199373,161.59001478018723,222.3863843479205,0.420582,0.459677,estimated-by-town
群馬県伊勢崎市,群馬県伊勢崎市寿町2,群馬県伊勢崎市寿町二丁目,estimated,2,36.333194,139.199373,211.63796438998293,236.1392038614289,0.420582,0.459677,estimated-by-town
群馬県伊勢崎市,群馬県伊勢崎市寿町3,群馬県伊勢崎市寿町三丁目,estimated,3,36.333194,139.199373,200.31322950651315,243.76021507213443,0.420582,0.459677,estimated-by-town
群馬県伊勢崎市,群馬県伊勢崎市寿町4,群馬県伊勢崎市寿町四丁目,estimated,4,36.333194,139.199373,193.86022678022883,245.0193343607877,0.420582,0.459677,estimated-by-town
群馬県伊勢崎市,群馬県伊勢崎市寿町5,群馬県伊勢崎市寿町五丁目,estimated,5,36.333194,139.199373,173.2241245921842,209.08774191343866,0.420582,0.459677,estimated-by-town
群馬県伊勢崎市,群馬県伊勢崎市寿町6,群馬県伊勢崎市寿町六丁目,estimated,6,36.333194,139.199373,167.15653081553225,230.55925621150809,0.420582,0.459677,estimated-by-town
群馬県伊勢崎市,群馬県伊勢崎市寿町7,群馬県伊勢崎市寿町七丁目,estimated,7,36.333194,139.199373,199.32776703889706,214.01137269377452,0.420582,0.459677,estimated-by-town
群馬県伊勢崎市,群馬県伊勢崎市寿町8,群馬県伊勢崎市寿町八丁目,estimated,8,36.333194,139.199373,175.41359217900327,212.45708077086059,0.420582,0.459677,estimated-by-town
群馬県伊勢崎市,群馬県伊勢崎市寿町9,群馬県伊勢崎市寿町九丁目,estimated,9,36.333194,139.199373,210.53723288225214,246.2502913404453,0.420582,0.459677,estimated-by-town
群馬県伊勢崎市,群馬県伊勢崎市寿町10,群馬県伊勢崎市寿町十丁目,estimated,10,36.333194,139.199373,210.06430110098822,210.76147869088157,0.420582,0.459677,estimated-by-town
群馬県伊勢崎市,群馬県伊勢崎市小泉町1,群馬県伊勢崎市小泉町一丁目,estimated,1,36.336188,139.257147,295.2851520838514,175.15412427706875,0.704698,0.377016,estimated-by-town
群馬県伊勢崎市,群馬県伊勢崎市小泉町2,群馬県伊勢崎市小泉町二丁目,estimated,2,36.336188,139.257147,307.1093193577966,203.178292833385,0.704698,0.377016,estimated-by-town
群馬県伊勢崎市,群馬県伊勢崎市小泉町3,群馬県伊勢崎市小泉町三丁目,estimated,3,36.336188,139.257147,332.21984795369633,195.0297469730733,0.704698,0.377016,estimated-by-town
群馬県伊勢崎市,群馬県伊勢崎市小泉町4,群馬県伊勢崎市小泉町四丁目,estimated,4,36.336188,139.257147,299.6099960537463,169.90766901401994,0.704698,0.377016,estimated-by-town
群馬県伊勢崎市,群馬県伊勢崎市小泉町5,群馬県伊勢崎市小泉町五丁目,estimated,5,36.336188,139.257147,332.30271052688977,191.96147240470597,0.704698,0.377016,estimated-by-town
群馬県伊勢崎市,群馬県伊勢崎市小泉町6,群馬県伊勢崎市小泉町六丁目,estimated,6,36.336188,139.257147,335.98294095933824,170.0083494416544,0.704698,0.377016,estimated-by-town
群馬県伊勢崎市,群馬県伊勢崎市小泉町7,群馬県伊勢崎市小泉町七丁目,estimated,7,36.336188,139.257147,317.00458208319617,209.91247805611016,0.704698,0.377016,estimated-by-town
群馬県伊勢崎市,群馬県伊勢崎市小泉町8,群馬県伊勢崎市小泉町八丁目,estimated,8,36.336188,139.257147,296.7611734037891,199.30224387635644,0.704698,0.377016,estimated-by-town
群馬県伊勢崎市,群馬県伊勢崎市小泉町9,群馬県伊勢崎市小泉町九丁目,estimated,9,36.336188,139.257147,307.50786813168173,168.45632290866425,0.704698,0.377016,estimated-by-town
群馬県伊勢崎市,群馬県伊勢崎市小泉町10,群馬県伊勢崎市小泉町十丁目,estimated,10,36.336188,139.257147,317.61321158169136,162.13695261579318,0.704698,0.377016,estimated-by-town
群馬県伊勢崎市,群馬県伊勢崎市山王町1,群馬県伊勢崎市山王町一丁目,estimated,1,36.295137,139.19339,165.65650970185806,364.9893568818739,0.39821,0.701613,estimated-by-town
群馬県伊勢崎市,群馬県伊勢崎市山王町2,群馬県伊勢崎市山王町二丁目,estimated,2,36.295137,139.19339,193.97714252055692,364.544815407789,0.39821,0.701613,estimated-by-town
群馬県伊勢崎市,群馬県伊勢崎市山王町3,群馬県伊勢崎市山王町三丁目,estimated,3,36.295137,139.19339,185.1073908706238,326.12570012521144,0.39821,0.701613,estimated-by-town
群馬県伊勢崎市,群馬県伊勢崎市山王町4,群馬県伊勢崎市山王町四丁目,estimated,4,36.295137,139.19339,154.35967739179833,329.53015574023027,0.39821,0.701613,estimated-by-town
群馬県伊勢崎市,群馬県伊勢崎市山王町5,群馬県伊勢崎市山王町五丁目,estimated,5,36.295137,139.19339,190.58640782099673,332.45708077086056,0.39821,0.701613,estimated-by-town
群馬県伊勢崎市,群馬県伊勢崎市山王町6,群馬県伊勢崎市山王町六丁目,estimated,6,36.295137,139.19339,172.82361909794957,367.3185165257814,0.39821,0.701613,estimated-by-town
群馬県伊勢崎市,群馬県伊勢崎市山王町7,群馬県伊勢崎市山王町七丁目,estimated,7,36.295137,139.19339,158.02740930490853,346.9532808751411,0.39821,0.701613,estimated-by-town
群馬県伊勢崎市,群馬県伊勢崎市山王町8,群馬県伊勢崎市山王町八丁目,estimated,8,36.295137,139.19339,188.89795229066988,363.56388884149084,0.39821,0.701613,estimated-by-town
群馬県伊勢崎市,群馬県伊勢崎市山王町9,群馬県伊勢崎市山王町九丁目,estimated,9,36.295137,139.19339,170.18636429302825,370.69244581438363,0.39821,0.701613,estimated-by-town
群馬県伊勢崎市,群馬県伊勢崎市山王町10,群馬県伊勢崎市山王町十丁目,estimated,10,36.295137,139.19339,196.6509164855056,351.6253709121543,0.39821,0.701613,estimated-by-town
群馬県伊勢崎市,群馬県伊勢崎市市場町1,群馬県伊勢崎市市場町一丁目,chome,1,36.373723,139.220967,269,130,0.60179,0.262097,official-chome
群馬県伊勢崎市,群馬県伊勢崎市市場町2,群馬県伊勢崎市市場町二丁目,chome,2,36.362549,139.223951,277,158,0.619687,0.318548,official-chome
群馬県伊勢崎市,群馬県伊勢崎市市場町3,群馬県伊勢崎市市場町三丁目,estimated,3,36.368136,139.22245900000001,298.90106215038537,141.7339506885609,0.6107385000000001,0.29032250000000004,estimated-by-town
群馬県伊勢崎市,群馬県伊勢崎市市場町4,群馬県伊勢崎市市場町四丁目,estimated,4,36.368136,139.22245900000001,252.53822863951007,139.27602785877883,0.6107385000000001,0.29032250000000004,estimated-by-town
群馬県伊勢崎市,群馬県伊勢崎市市場町5,群馬県伊勢崎市市場町五丁目,estimated,5,36.368136,139.22245900000001,291.91037151198634,137.48863691085685,0.6107385000000001,0.29032250000000004,estimated-by-town
群馬県伊勢崎市,群馬県伊勢崎市市場町6,群馬県伊勢崎市市場町六丁目,estimated,6,36.368136,139.22245900000001,289.7757871041224,119.12887282334876,0.6107385000000001,0.29032250000000004,estimated-by-town
群馬県伊勢崎市,群馬県伊勢崎市市場町7,群馬県伊勢崎市市場町七丁目,estimated,7,36.368136,139.22245900000001,255.85665398595776,154.3007614982011,0.6107385000000001,0.29032250000000004,estimated-by-town
群馬県伊勢崎市,群馬県伊勢崎市市場町8,群馬県伊勢崎市市場町八丁目,estimated,8,36.368136,139.22245900000001,265.8926091293762,165.87429987478853,0.6107385000000001,0.29032250000000004,estimated-by-town
群馬県伊勢崎市,群馬県伊勢崎市市場町9,群馬県伊勢崎市市場町九丁目,estimated,9,36.368136,139.22245900000001,268.3412571881546,161.38666487320324,0.6107385000000001,0.29032250000000004,estimated-by-town
群馬県伊勢崎市,群馬県伊勢崎市市場町10,群馬県伊勢崎市市場町十丁目,estimated,10,36.368136,139.22245900000001,250.89098099341865,137.66034081620904,0.6107385000000001,0.29032250000000004,estimated-by-town
群馬県伊勢崎市,群馬県伊勢崎市平井町1,群馬県伊勢崎市平井町一丁目,estimated,1,36.324364,139.26286,326.8968468268818,184.27249407523604,0.722595,0.427419,estimated-by-town
群馬県伊勢崎市,群馬県伊勢崎市平井町2,群馬県伊勢崎市平井町二丁目,estimated,2,36.324364,139.26286,317.802207729556,187.54630998165487,0.722595,0.427419,estimated-by-town
群馬県伊勢崎市,群馬県伊勢崎市平井町3,群馬県伊勢崎市平井町三丁目,estimated,3,36.324364,139.26286,339.929123959579,203.3741805049486,0.722595,0.427419,estimated-by-town
群馬県伊勢崎市,群馬県伊勢崎市平井町4,群馬県伊勢崎市平井町四丁目,estimated,4,36.324364,139.26286,311.0,232.78460969082653,0.722595,0.427419,estimated-by-town
群馬県伊勢崎市,群馬県伊勢崎市平井町5,群馬県伊勢崎市平井町五丁目,estimated,5,36.324364,139.26286,348.83918920146266,198.83427550755314,0.722595,0.427419,estimated-by-town
群馬県伊勢崎市,群馬県伊勢崎市平井町6,群馬県伊勢崎市平井町六丁目,estimated,6,36.324364,139.26286,332.5,228.45448267190434,0.722595,0.427419,estimated-by-town
群馬県伊勢崎市,群馬県伊勢崎市平井町7,群馬県伊勢崎市平井町七丁目,estimated,7,36.324364,139.26286,301.1345073215151,224.12024050615844,0.722595,0.427419,estimated-by-town
群馬県伊勢崎市,群馬県伊勢崎市平井町8,群馬県伊勢崎市平井町八丁目,estimated,8,36.324364,139.26286,332.2345438697931,237.37170076121953,0.722595,0.427419,estimated-by-town
群馬県伊勢崎市,群馬県伊勢崎市平井町9,群馬県伊勢崎市平井町九丁目,estimated,9,36.324364,139.26286,332.4414764792575,184.5799613076198,0.722595,0.427419,estimated-by-town
群馬県伊勢崎市,群馬県伊勢崎市平井町10,群馬県伊勢崎市平井町十丁目,estimated,10,36.324364,139.26286,342.09188309203677,192.9081169079632,0.722595,0.427419,estimated-by-town
群馬県伊勢崎市,群馬県伊勢崎市平和町1,群馬県伊勢崎市平和町一丁目,estimated,1,36.32396,139.199732,189.9519526100083,221.74260684310008,0.438479,0.495968,estimated-by-town
群馬県伊勢崎市,群馬県伊勢崎市平和町2,群馬県伊勢崎市平和町二丁目,estimated,2,36.32396,139.199732,175.4589003845901,241.63385449282706,0.438479,0.495968,estimated-by-town
群馬県伊勢崎市,群馬県伊勢崎市平和町3,群馬県伊勢崎市平和町三丁目,estimated,3,36.32396,139.199732,183.95489483662803,263.2021929300688,0.438479,0.495968,estimated-by-town
群馬県伊勢崎市,群馬県伊勢崎市平和町4,群馬県伊勢崎市平和町四丁目,estimated,4,36.32396,139.199732,178.02466837441767,245.05795278762702,0.438479,0.495968,estimated-by-town
群馬県伊勢崎市,群馬県伊勢崎市平和町5,群馬県伊勢崎市平和町五丁目,estimated,5,36.32396,139.199732,215.77346901858166,236.35583477064029,0.438479,0.495968,estimated-by-town
群馬県伊勢崎市,群馬県伊勢崎市平和町6,群馬県伊勢崎市平和町六丁目,estimated,6,36.32396,139.199732,168.06820659272492,244.0468187351645,0.438479,0.495968,estimated-by-town
群馬県伊勢崎市,群馬県伊勢崎市平和町7,群馬県伊勢崎市平和町七丁目,estimated,7,36.32396,139.199732,206.48898461564553,271.96114792787006,0.438479,0.495968,estimated-by-town
群馬県伊勢崎市,群馬県伊勢崎市平和町8,群馬県伊勢崎市平和町八丁目,estimated,8,36.32396,139.199732,218.65769467591625,235.43454345648252,0.438479,0.495968,estimated-by-town
群馬県伊勢崎市,群馬県伊勢崎市平和町9,群馬県伊勢崎市平和町九丁目,estimated,9,36.32396,139.199732,180.89386419288832,260.58782577963893,0.438479,0.495968,estimated-by-town
群馬県伊勢崎市,群馬県伊勢崎市平和町10,群馬県伊勢崎市平和町十丁目,estimated,10,36.32396,139.199732,212.85082064825735,268.3617942813242,0.438479,0.495968,estimated-by-town
群馬県伊勢崎市,群馬県伊勢崎市戸谷塚町1,群馬県伊勢崎市戸谷塚町一丁目,estimated,1,36.280695,139.178551,163.04384709532317,392.74438347260576,0.404922,0.794355,estimated-by-town
群馬県伊勢崎市,群馬県伊勢崎市戸谷塚町2,群馬県伊勢崎市戸谷塚町二丁目,estimated,2,36.280695,139.178551,203.21528885045035,412.64084068090966,0.404922,0.794355,estimated-by-town
群馬県伊勢崎市,群馬県伊勢崎市戸谷塚町3,群馬県伊勢崎市戸谷塚町三丁目,estimated,3,36.280695,139.178551,196.79453201543578,369.6785535295827,0.404922,0.794355,estimated-by-town
群馬県伊勢崎市,群馬県伊勢崎市戸谷塚町4,群馬県伊勢崎市戸谷塚町四丁目,estimated,4,36.280695,139.178551,192.75570504584945,410.180339887499,0.404922,0.794355,estimated-by-town
群馬県伊勢崎市,群馬県伊勢崎市戸谷塚町5,群馬県伊勢崎市戸谷塚町五丁目,estimated,5,36.280695,139.178551,196.10368938519608,375.3484969250327,0.404922,0.794355,estimated-by-town
群馬県伊勢崎市,群馬県伊勢崎市戸谷塚町6,群馬県伊勢崎市戸谷塚町六丁目,estimated,6,36.280695,139.178551,192.18385806941495,377.4192485488992,0.404922,0.794355,estimated-by-town
群馬県伊勢崎市,群馬県伊勢崎市戸谷塚町7,群馬県伊勢崎市戸谷塚町七丁目,estimated,7,36.280695,139.178551,163.9806656392123,399.8602267802288,0.404922,0.794355,estimated-by-town
群馬県伊勢崎市,群馬県伊勢崎市戸谷塚町8,群馬県伊勢崎市戸谷塚町八丁目,estimated,8,36.280695,139.178551,204.21305203154117,378.3425987028191,0.404922,0.794355,estimated-by-town
群馬県伊勢崎市,群馬県伊勢崎市戸谷塚町9,群馬県伊勢崎市戸谷塚町九丁目,estimated,9,36.280695,139.178551,163.67949192431124,384.0,0.404922,0.794355,estimated-by-town
群馬県伊勢崎市,群馬県伊勢崎市戸谷塚町10,群馬県伊勢崎市戸谷塚町十丁目,estimated,10,36.280695,139.178551,162.3484969250327,378.8963106148039,0.404922,0.794355,estimated-by-town
群馬県伊勢崎市,群馬県伊勢崎市新栄町1,群馬県伊勢崎市新栄町一丁目,estimated,1,36.30612,139.190944,198.80805511336703,324.73565697804804,0.39821,0.616935,estimated-by-town
群馬県伊勢崎市,群馬県伊勢崎市新栄町2,群馬県伊勢崎市新栄町二丁目,estimated,2,36.30612,139.190944,162.57098858736197,315.270685348381,0.39821,0.616935,estimated-by-town
群馬県伊勢崎市,群馬県伊勢崎市新栄町3,群馬県伊勢崎市新栄町三丁目,estimated,3,36.30612,139.190944,202.9481826772743,293.2882660072927,0.39821,0.616935,estimated-by-town
群馬県伊勢崎市,群馬県伊勢崎市新栄町4,群馬県伊勢崎市新栄町四丁目,estimated,4,36.30612,139.190944,163.85867258689612,289.1470222513825,0.39821,0.616935,estimated-by-town
群馬県伊勢崎市,群馬県伊勢崎市新栄町5,群馬県伊勢崎市新栄町五丁目,estimated,5,36.30612,139.190944,158.08141571295792,294.5,0.39821,0.616935,estimated-by-town
群馬県伊勢崎市,群馬県伊勢崎市新栄町6,群馬県伊勢崎市新栄町六丁目,estimated,6,36.30612,139.190944,180.7834620192013,325.8053613748314,0.39821,0.616935,estimated-by-town
群馬県伊勢崎市,群馬県伊勢崎市新栄町7,群馬県伊勢崎市新栄町七丁目,estimated,7,36.30612,139.190944,160.9542276835183,329.4614928368735,0.39821,0.616935,estimated-by-town
群馬県伊勢崎市,群馬県伊勢崎市新栄町8,群馬県伊勢崎市新栄町八丁目,estimated,8,36.30612,139.190944,160.64263630479059,298.2720037815598,0.39821,0.616935,estimated-by-town
群馬県伊勢崎市,群馬県伊勢崎市新栄町9,群馬県伊勢崎市新栄町九丁目,estimated,9,36.30612,139.190944,154.35967739179833,287.53015574023027,0.39821,0.616935,estimated-by-town
群馬県伊勢崎市,群馬県伊勢崎市新栄町10,群馬県伊勢崎市新栄町十丁目,estimated,10,36.30612,139.190944,170.6787404246356,322.4438182375668,0.39821,0.616935,estimated-by-town
群馬県伊勢崎市,群馬県伊勢崎市日乃出町1,群馬県伊勢崎市日乃出町一丁目,estimated,1,36.320698,139.224535,246.5,293.11473670974874,0.519016,0.540323,estimated-by-town
群馬県伊勢崎市,群馬県伊勢崎市日乃出町2,群馬県伊勢崎市日乃出町二丁目,estimated,2,36.320698,139.224535,244.67573219521904,244.16041499280897,0.519016,0.540323,estimated-by-town
群馬県伊勢崎市,群馬県伊勢崎市日乃出町3,群馬県伊勢崎市日乃出町三丁目,estimated,3,36.320698,139.224535,226.8261257500911,245.5894885099396,0.519016,0.540323,estimated-by-town
群馬県伊勢崎市,群馬県伊勢崎市日乃出町4,群馬県伊勢崎市日乃出町四丁目,estimated,4,36.320698,139.224535,254.2751631047092,279.3497624934887,0.519016,0.540323,estimated-by-town
群馬県伊勢崎市,群馬県伊勢崎市日乃出町5,群馬県伊勢崎市日乃出町五丁目,estimated,5,36.320698,139.224535,228.35338826899445,288.6809628132564,0.519016,0.540323,estimated-by-town
群馬県伊勢崎市,群馬県伊勢崎市日乃出町6,群馬県伊勢崎市日乃出町六丁目,estimated,6,36.320698,139.224535,227.16156208800666,287.4059145255199,0.519016,0.540323,estimated-by-town
群馬県伊勢崎市,群馬県伊勢崎市日乃出町7,群馬県伊勢崎市日乃出町七丁目,estimated,7,36.320698,139.224535,248.603610764901,253.56670136220885,0.519016,0.540323,estimated-by-town
群馬県伊勢崎市,群馬県伊勢崎市日乃出町8,群馬県伊勢崎市日乃出町八丁目,estimated,8,36.320698,139.224535,211.62284133398515,285.7135937827437,0.519016,0.540323,estimated-by-town
群馬県伊勢崎市,群馬県伊勢崎市日乃出町9,群馬県伊勢崎市日乃出町九丁目,estimated,9,36.320698,139.224535,230.325844630141,291.9415372062358,0.519016,0.540323,estimated-by-town
群馬県伊勢崎市,群馬県伊勢崎市日乃出町10,群馬県伊勢崎市日乃出町十丁目,estimated,10,36.320698,139.224535,224.55779139294103,242.04593420966538,0.519016,0.540323,estimated-by-town
群馬県伊勢崎市,群馬県伊勢崎市昭和町1,群馬県伊勢崎市昭和町一丁目,estimated,1,36.328524,139.207447,207.91756185694788,225.6474093005077,0.454139,0.491935,estimated-by-town
群馬県伊勢崎市,群馬県伊勢崎市昭和町2,群馬県伊勢崎市昭和町二丁目,estimated,2,36.328524,139.207447,222.42864903642428,259.7330097762459,0.454139,0.491935,estimated-by-town
群馬県伊勢崎市,群馬県伊勢崎市昭和町3,群馬県伊勢崎市昭和町三丁目,estimated,3,36.328524,139.207447,179.68562115629086,225.12038826850488,0.454139,0.491935,estimated-by-town
群馬県伊勢崎市,群馬県伊勢崎市昭和町4,群馬県伊勢崎市昭和町四丁目,estimated,4,36.328524,139.207447,209.72454920862293,265.9950093871498,0.454139,0.491935,estimated-by-town
群馬県伊勢崎市,群馬県伊勢崎市昭和町5,群馬県伊勢崎市昭和町五丁目,estimated,5,36.328524,139.207447,229.69464075012075,232.66879727381107,0.454139,0.491935,estimated-by-town
群馬県伊勢崎市,群馬県伊勢崎市昭和町6,群馬県伊勢崎市昭和町六丁目,estimated,6,36.328524,139.207447,228.52230676963927,239.03896612020984,0.454139,0.491935,estimated-by-town
群馬県伊勢崎市,群馬県伊勢崎市昭和町7,群馬県伊勢崎市昭和町七丁目,estimated,7,36.328524,139.207447,184.28886299204427,253.53380049453048,0.454139,0.491935,estimated-by-town
群馬県伊勢崎市,群馬県伊勢崎市昭和町8,群馬県伊勢崎市昭和町八丁目,estimated,8,36.328524,139.207447,184.63138326891226,230.1582544675029,0.454139,0.491935,estimated-by-town
群馬県伊勢崎市,群馬県伊勢崎市昭和町9,群馬県伊勢崎市昭和町九丁目,estimated,9,36.328524,139.207447,211.18640773223663,270.776533166965,0.454139,0.491935,estimated-by-town
群馬県伊勢崎市,群馬県伊勢崎市昭和町10,群馬県伊勢崎市昭和町十丁目,estimated,10,36.328524,139.207447,221.36861673108774,257.8417455324971,0.454139,0.491935,estimated-by-town
群馬県伊勢崎市,群馬県伊勢崎市曲沢町1,群馬県伊勢崎市曲沢町一丁目,estimated,1,36.377114,139.249294,208.4880675525146,153.74692723878428,0.449664,0.266129,estimated-by-town
群馬県伊勢崎市,群馬県伊勢崎市曲沢町2,群馬県伊勢崎市曲沢町二丁目,estimated,2,36.377114,139.249294,215.184193564921,120.91809344413815,0.449664,0.266129,estimated-by-town
群馬県伊勢崎市,群馬県伊勢崎市曲沢町3,群馬県伊勢崎市曲沢町三丁目,estimated,3,36.377114,139.249294,213.27439211009417,157.16623329637667,0.449664,0.266129,estimated-by-town
群馬県伊勢崎市,群馬県伊勢崎市曲沢町4,群馬県伊勢崎市曲沢町四丁目,estimated,4,36.377114,139.249294,207.79837387624883,152.92324335849338,0.449664,0.266129,estimated-by-town
群馬県伊勢崎市,群馬県伊勢崎市曲沢町5,群馬県伊勢崎市曲沢町五丁目,estimated,5,36.377114,139.249294,203.61321158169133,156.86304738420682,0.449664,0.266129,estimated-by-town
群馬県伊勢崎市,群馬県伊勢崎市曲沢町6,群馬県伊勢崎市曲沢町六丁目,estimated,6,36.377114,139.249294,222.42918251755282,144.87595187275136,0.449664,0.266129,estimated-by-town
群馬県伊勢崎市,群馬県伊勢崎市曲沢町7,群馬県伊勢崎市曲沢町七丁目,estimated,7,36.377114,139.249294,225.8536310432159,121.45025953078961,0.449664,0.266129,estimated-by-town
群馬県伊勢崎市,群馬県伊勢崎市曲沢町8,群馬県伊勢崎市曲沢町八丁目,estimated,8,36.377114,139.249294,230.8356568610482,135.1358538980296,0.449664,0.266129,estimated-by-town
群馬県伊勢崎市,群馬県伊勢崎市曲沢町9,群馬県伊勢崎市曲沢町九丁目,estimated,9,36.377114,139.249294,221.08239987522376,138.13980579917748,0.449664,0.266129,estimated-by-town
群馬県伊勢崎市,群馬県伊勢崎市曲沢町10,群馬県伊勢崎市曲沢町十丁目,estimated,10,36.377114,139.249294,209.79034017034323,106.47099845881844,0.449664,0.266129,estimated-by-town
群馬県伊勢崎市,群馬県伊勢崎市曲輪町1,群馬県伊勢崎市曲輪町一丁目,estimated,1,36.324218,139.190602,186.63349946481705,264.9968015982842,0.418345,0.491935,estimated-by-town
群馬県伊勢崎市,群馬県伊勢崎市曲輪町2,群馬県伊勢崎市曲輪町二丁目,estimated,2,36.324218,139.190602,185.95301509892496,214.01827518942713,0.418345,0.491935,estimated-by-town
群馬県伊勢崎市,群馬県伊勢崎市曲輪町3,群馬県伊勢崎市曲輪町三丁目,estimated,3,36.324218,139.190602,168.28886299204427,234.46619950546952,0.418345,0.491935,estimated-by-town
群馬県伊勢崎市,群馬県伊勢崎市曲輪町4,群馬県伊勢崎市曲輪町四丁目,estimated,4,36.324218,139.190602,175.91809344413815,229.815806435079,0.418345,0.491935,estimated-by-town
群馬県伊勢崎市,群馬県伊勢崎市曲輪町5,群馬県伊勢崎市曲輪町五丁目,estimated,5,36.324218,139.190602,193.61529653960798,267.07028070251965,0.418345,0.491935,estimated-by-town
群馬県伊勢崎市,群馬県伊勢崎市曲輪町6,群馬県伊勢崎市曲輪町六丁目,estimated,6,36.324218,139.190602,176.04072133027304,221.53014884252082,0.418345,0.491935,estimated-by-town
群馬県伊勢崎市,群馬県伊勢崎市曲輪町7,群馬県伊勢崎市曲輪町七丁目,estimated,7,36.324218,139.190602,163.71290256937607,238.193874505608,0.418345,0.491935,estimated-by-town
群馬県伊勢崎市,群馬県伊勢崎市曲輪町8,群馬県伊勢崎市曲輪町八丁目,estimated,8,36.324218,139.190602,208.38415658052082,233.10422800625088,0.418345,0.491935,estimated-by-town
群馬県伊勢崎市,群馬県伊勢崎市曲輪町9,群馬県伊勢崎市曲輪町九丁目,estimated,9,36.324218,139.190602,213.50393395308691,238.8481571248333,0.418345,0.491935,estimated-by-town
群馬県伊勢崎市,群馬県伊勢崎市曲輪町10,群馬県伊勢崎市曲輪町十丁目,estimated,10,36.324218,139.190602,208.0115455257798,234.6450572092566,0.418345,0.491935,estimated-by-town
群馬県伊勢崎市,群馬県伊勢崎市末広町1,群馬県伊勢崎市末広町一丁目,estimated,1,36.334539,139.193042,182.60117469574723,245.38488155484563,0.420582,0.447581,estimated-by-town
群馬県伊勢崎市,群馬県伊勢崎市末広町2,群馬県伊勢崎市末広町二丁目,estimated,2,36.334539,139.193042,189.01208540437253,250.9823339835538,0.420582,0.447581,estimated-by-town
群馬県伊勢崎市,群馬県伊勢崎市末広町3,群馬県伊勢崎市末広町三丁目,estimated,3,36.334539,139.193042,164.61731409782016,208.5,0.420582,0.447581,estimated-by-town
群馬県伊勢崎市,群馬県伊勢崎市末広町4,群馬県伊勢崎市末広町四丁目,estimated,4,36.334539,139.193042,197.78572342329102,205.71382128665988,0.420582,0.447581,estimated-by-town
群馬県伊勢崎市,群馬県伊勢崎市末広町5,群馬県伊勢崎市末広町五丁目,estimated,5,36.334539,139.193042,209.14775731064302,215.935978172026,0.420582,0.447581,estimated-by-town
群馬県伊勢崎市,群馬県伊勢崎市末広町6,群馬県伊勢崎市末広町六丁目,estimated,6,36.334539,139.193042,170.27346044578024,218.87433280199525,0.420582,0.447581,estimated-by-town
群馬県伊勢崎市,群馬県伊勢崎市末広町7,群馬県伊勢崎市末広町七丁目,estimated,7,36.334539,139.193042,194.185794934686,239.96485293638702,0.420582,0.447581,estimated-by-town
群馬県伊勢崎市,群馬県伊勢崎市末広町8,群馬県伊勢崎市末広町八丁目,estimated,8,36.334539,139.193042,174.61738787282283,236.86289650954788,0.420582,0.447581,estimated-by-town
群馬県伊勢崎市,群馬県伊勢崎市末広町9,群馬県伊勢崎市末広町九丁目,estimated,9,36.334539,139.193042,204.38304088577982,210.52847127297906,0.420582,0.447581,estimated-by-town
群馬県伊勢崎市,群馬県伊勢崎市末広町10,群馬県伊勢崎市末広町十丁目,estimated,10,36.334539,139.193042,161.4101906686704,226.68850079700712,0.420582,0.447581,estimated-by-town
群馬県伊勢崎市,群馬県伊勢崎市本町1,群馬県伊勢崎市本町一丁目,estimated,1,36.320259,139.195755,218.29795315151378,270.9129873451272,0.440716,0.516129,estimated-by-town
群馬県伊勢崎市,群馬県伊勢崎市本町2,群馬県伊勢崎市本町二丁目,estimated,2,36.320259,139.195755,211.55484441926058,243.78703541595576,0.440716,0.516129,estimated-by-town
群馬県伊勢崎市,群馬県伊勢崎市本町3,群馬県伊勢崎市本町三丁目,estimated,3,36.320259,139.195755,196.37180905935497,273.98903488634375,0.440716,0.516129,estimated-by-town
群馬県伊勢崎市,群馬県伊勢崎市本町4,群馬県伊勢崎市本町四丁目,estimated,4,36.320259,139.195755,215.06652637168918,235.93508971211037,0.440716,0.516129,estimated-by-town
群馬県伊勢崎市,群馬県伊勢崎市本町5,群馬県伊勢崎市本町五丁目,estimated,5,36.320259,139.195755,194.9082621740562,232.0913272457981,0.440716,0.516129,estimated-by-town
群馬県伊勢崎市,群馬県伊勢崎市本町6,群馬県伊勢崎市本町六丁目,estimated,6,36.320259,139.195755,214.46532307296795,251.64540587920598,0.440716,0.516129,estimated-by-town
群馬県伊勢崎市,群馬県伊勢崎市本町7,群馬県伊勢崎市本町七丁目,estimated,7,36.320259,139.195755,209.71806234159692,235.64684569224576,0.440716,0.516129,estimated-by-town
群馬県伊勢崎市,群馬県伊勢崎市本町8,群馬県伊勢崎市本町八丁目,estimated,8,36.320259,139.195755,200.75767372592176,229.2627621439776,0.440716,0.516129,estimated-by-town
群馬県伊勢崎市,群馬県伊勢崎市本町9,群馬県伊勢崎市本町九丁目,estimated,9,36.320259,139.195755,173.53850716312652,238.9542276835183,0.440716,0.516129,estimated-by-town
群馬県伊勢崎市,群馬県伊勢崎市本町10,群馬県伊勢崎市本町十丁目,estimated,10,36.320259,139.195755,208.79536264919818,229.50718172836457,0.440716,0.516129,estimated-by-town
群馬県伊勢崎市,群馬県伊勢崎市本関町1,群馬県伊勢崎市本関町一丁目,estimated,1,36.349592,139.21107,240.46718831998226,210.5334608659198,0.474273,0.413306,estimated-by-town
群馬県伊勢崎市,群馬県伊勢崎市本関町2,群馬県伊勢崎市本関町二丁目,estimated,2,36.349592,139.21107,233.34650597807192,199.6777182968073,0.474273,0.413306,estimated-by-town
群馬県伊勢崎市,群馬県伊勢崎市本関町3,群馬県伊勢崎市本関町三丁目,estimated,3,36.349592,139.21107,218.51136308914312,186.08962848801366,0.474273,0.413306,estimated-by-town
群馬県伊勢崎市,群馬県伊勢崎市本関町4,群馬県伊勢崎市本関町四丁目,estimated,4,36.349592,139.21107,190.56385857472483,209.94892319556504,0.474273,0.413306,estimated-by-town
群馬県伊勢崎市,群馬県伊勢崎市本関町5,群馬県伊勢崎市本関町五丁目,estimated,5,36.349592,139.21107,195.73654403270942,221.26345596729058,0.474273,0.413306,estimated-by-town
群馬県伊勢崎市,群馬県伊勢崎市本関町6,群馬県伊勢崎市本関町六丁目,estimated,6,36.349592,139.21107,210.84860896265525,183.03015023539936,0.474273,0.413306,estimated-by-town
群馬県伊勢崎市,群馬県伊勢崎市本関町7,群馬県伊勢崎市本関町七丁目,estimated,7,36.349592,139.21107,197.23422673231755,216.9570874299469,0.474273,0.413306,estimated-by-town
群馬県伊勢崎市,群馬県伊勢崎市本関町8,群馬県伊勢崎市本関町八丁目,estimated,8,36.349592,139.21107,184.00426453562105,204.51133261975608,0.474273,0.413306,estimated-by-town
群馬県伊勢崎市,群馬県伊勢崎市本関町9,群馬県伊勢崎市本関町九丁目,estimated,9,36.349592,139.21107,193.12038826850488,228.31437884370914,0.474273,0.413306,estimated-by-town
群馬県伊勢崎市,群馬県伊勢崎市本関町10,群馬県伊勢崎市本関町十丁目,estimated,10,36.349592,139.21107,212.33159572230838,186.00289379202857,0.474273,0.413306,estimated-by-town
群馬県伊勢崎市,群馬県伊勢崎市東上之宮町1,群馬県伊勢崎市東上之宮町一丁目,estimated,1,36.308924,139.152278,146.90392977698238,356.8035026302705,0.362416,0.699597,estimated-by-town
群馬県伊勢崎市,群馬県伊勢崎市東上之宮町2,群馬県伊勢崎市東上之宮町二丁目,estimated,2,36.308924,139.152278,138.25465330762006,332.1622606014703,0.362416,0.699597,estimated-by-town
群馬県伊勢崎市,群馬県伊勢崎市東上之宮町3,群馬県伊勢崎市東上之宮町三丁目,estimated,3,36.308924,139.152278,160.63926513768348,321.03563209638105,0.362416,0.699597,estimated-by-town
群馬県伊勢崎市,群馬県伊勢崎市東上之宮町4,群馬県伊勢崎市東上之宮町四丁目,estimated,4,36.308924,139.152278,162.0,327.0,0.362416,0.699597,estimated-by-town
群馬県伊勢崎市,群馬県伊勢崎市東上之宮町5,群馬県伊勢崎市東上之宮町五丁目,estimated,5,36.308924,139.152278,142.39481104355878,339.4742730595487,0.362416,0.699597,estimated-by-town
群馬県伊勢崎市,群馬県伊勢崎市東上之宮町6,群馬県伊勢崎市東上之宮町六丁目,estimated,6,36.308924,139.152278,170.9905582419819,369.2524125096029,0.362416,0.699597,estimated-by-town
群馬県伊勢崎市,群馬県伊勢崎市東上之宮町7,群馬県伊勢崎市東上之宮町七丁目,estimated,7,36.308924,139.152278,143.32839147005598,339.832641009094,0.362416,0.699597,estimated-by-town
群馬県伊勢崎市,群馬県伊勢崎市東上之宮町8,群馬県伊勢崎市東上之宮町八丁目,estimated,8,36.308924,139.152278,159.0732030285057,374.84661307031166,0.362416,0.699597,estimated-by-town
群馬県伊勢崎市,群馬県伊勢崎市東上之宮町9,群馬県伊勢崎市東上之宮町九丁目,estimated,9,36.308924,139.152278,149.07110901816117,363.54822582574116,0.362416,0.699597,estimated-by-town
群馬県伊勢崎市,群馬県伊勢崎市東上之宮町10,群馬県伊勢崎市東上之宮町十丁目,estimated,10,36.308924,139.152278,158.7990186779185,369.77616558105615,0.362416,0.699597,estimated-by-town
群馬県伊勢崎市,群馬県伊勢崎市東小保方町1,群馬県伊勢崎市東小保方町一丁目,estimated,1,36.326829,139.252583,284.01923788646684,241.0,0.693512,0.455645,estimated-by-town
群馬県伊勢崎市,群馬県伊勢崎市東小保方町2,群馬県伊勢崎市東小保方町二丁目,estimated,2,36.326829,139.252583,313.4729635533386,206.30384493975583,0.693512,0.455645,estimated-by-town
群馬県伊勢崎市,群馬県伊勢崎市東小保方町3,群馬県伊勢崎市東小保方町三丁目,estimated,3,36.326829,139.252583,307.0751357582765,202.17889236060827,0.693512,0.455645,estimated-by-town
群馬県伊勢崎市,群馬県伊勢崎市東小保方町4,群馬県伊勢崎市東小保方町四丁目,estimated,4,36.326829,139.252583,283.2012539056843,229.290472271939,0.693512,0.455645,estimated-by-town
群馬県伊勢崎市,群馬県伊勢崎市東小保方町5,群馬県伊勢崎市東小保方町五丁目,estimated,5,36.326829,139.252583,310.66309043734753,207.01157428663717,0.693512,0.455645,estimated-by-town
群馬県伊勢崎市,群馬県伊勢崎市東小保方町6,群馬県伊勢崎市東小保方町六丁目,estimated,6,36.326829,139.252583,319.76827821223185,202.987378663689,0.693512,0.455645,estimated-by-town
群馬県伊勢崎市,群馬県伊勢崎市東小保方町7,群馬県伊勢崎市東小保方町七丁目,estimated,7,36.326829,139.252583,287.46276711774783,244.25029134044527,0.693512,0.455645,estimated-by-town
群馬県伊勢崎市,群馬県伊勢崎市東小保方町8,群馬県伊勢崎市東小保方町八丁目,estimated,8,36.326829,139.252583,289.32773693511916,215.91746362385123,0.693512,0.455645,estimated-by-town
群馬県伊勢崎市,群馬県伊勢崎市東小保方町9,群馬県伊勢崎市東小保方町九丁目,estimated,9,36.326829,139.252583,315.84743409445474,206.8739048807393,0.693512,0.455645,estimated-by-town
群馬県伊勢崎市,群馬県伊勢崎市東小保方町10,群馬県伊勢崎市東小保方町十丁目,estimated,10,36.326829,139.252583,292.20162612375117,213.0687244495656,0.693512,0.455645,estimated-by-town
群馬県伊勢崎市,群馬県伊勢崎市東本町1,群馬県伊勢崎市東本町一丁目,estimated,1,36.319097,139.205385,227.83547581145746,274.0591345526126,0.469799,0.520161,estimated-by-town
群馬県伊勢崎市,群馬県伊勢崎市東本町2,群馬県伊勢崎市東本町二丁目,estimated,2,36.319097,139.205385,199.33418835458056,238.7583664429333,0.469799,0.520161,estimated-by-town
群馬県伊勢崎市,群馬県伊勢崎市東本町3,群馬県伊勢崎市東本町三丁目,estimated,3,36.319097,139.205385,183.0370025616265,259.4130708185595,0.469799,0.520161,estimated-by-town
群馬県伊勢崎市,群馬県伊勢崎市東本町4,群馬県伊勢崎市東本町四丁目,estimated,4,36.319097,139.205385,231.88657782646038,277.02571184072474,0.469799,0.520161,estimated-by-town
群馬県伊勢崎市,群馬県伊勢崎市東本町5,群馬県伊勢崎市東本町五丁目,estimated,5,36.319097,139.205385,215.69401899225545,236.7496318216405,0.469799,0.520161,estimated-by-town
群馬県伊勢崎市,群馬県伊勢崎市東本町6,群馬県伊勢崎市東本町六丁目,estimated,6,36.319097,139.205385,183.22346683303502,249.81359226776337,0.469799,0.520161,estimated-by-town
群馬県伊勢崎市,群馬県伊勢崎市東本町7,群馬県伊勢崎市東本町七丁目,estimated,7,36.319097,139.205385,201.865267138484,239.72909084714797,0.469799,0.520161,estimated-by-town
群馬県伊勢崎市,群馬県伊勢崎市東本町8,群馬県伊勢崎市東本町八丁目,estimated,8,36.319097,139.205385,201.79464630172527,277.3306019225013,0.469799,0.520161,estimated-by-town
群馬県伊勢崎市,群馬県伊勢崎市東本町9,群馬県伊勢崎市東本町九丁目,estimated,9,36.319097,139.205385,191.1040839880028,259.9860408020854,0.469799,0.520161,estimated-by-town
群馬県伊勢崎市,群馬県伊勢崎市東本町10,群馬県伊勢崎市東本町十丁目,estimated,10,36.319097,139.205385,227.90139411662892,259.88151233881774,0.469799,0.520161,estimated-by-town
群馬県伊勢崎市,群馬県伊勢崎市東町1,群馬県伊勢崎市東町一丁目,estimated,1,36.341692,139.245583,290.92866315963937,184.8719063693098,0.680089,0.413306,estimated-by-town
群馬県伊勢崎市,群馬県伊勢崎市東町2,群馬県伊勢崎市東町二丁目,estimated,2,36.341692,139.245583,322.3850666348555,189.57309736752305,0.680089,0.413306,estimated-by-town
群馬県伊勢崎市,群馬県伊勢崎市東町3,群馬県伊勢崎市東町三丁目,estimated,3,36.341692,139.245583,298.59429603873826,230.43183761907895,0.680089,0.413306,estimated-by-town
群馬県伊勢崎市,群馬県伊勢崎市東町4,群馬県伊勢崎市東町四丁目,estimated,4,36.341692,139.245583,327.28709743062393,199.19387450560797,0.680089,0.413306,estimated-by-town
群馬県伊勢崎市,群馬県伊勢崎市東町5,群馬県伊勢崎市東町五丁目,estimated,5,36.341692,139.245583,312.24246283954193,183.52765019056437,0.680089,0.413306,estimated-by-town
群馬県伊勢崎市,群馬県伊勢崎市東町6,群馬県伊勢崎市東町六丁目,estimated,6,36.341692,139.245583,303.5985946519425,227.996496988597,0.680089,0.413306,estimated-by-town
群馬県伊勢崎市,群馬県伊勢崎市東町7,群馬県伊勢崎市東町七丁目,estimated,7,36.341692,139.245583,312.76742293578155,187.02411907401665,0.680089,0.413306,estimated-by-town
群馬県伊勢崎市,群馬県伊勢崎市東町8,群馬県伊勢崎市東町八丁目,estimated,8,36.341692,139.245583,283.15492089815706,214.7202200200361,0.680089,0.413306,estimated-by-town
群馬県伊勢崎市,群馬県伊勢崎市東町9,群馬県伊勢崎市東町九丁目,estimated,9,36.341692,139.245583,307.8968468268818,177.27249407523604,0.680089,0.413306,estimated-by-town
群馬県伊勢崎市,群馬県伊勢崎市東町10,群馬県伊勢崎市東町十丁目,estimated,10,36.341692,139.245583,333.7080420622471,200.82480697119803,0.680089,0.413306,estimated-by-town
群馬県伊勢崎市,群馬県伊勢崎市柳原町1,群馬県伊勢崎市柳原町一丁目,estimated,1,36.32832,139.198058,175.38222556435147,220.7886172153196,0.42953,0.46371,estimated-by-town
群馬県伊勢崎市,群馬県伊勢崎市柳原町2,群馬県伊勢崎市柳原町二丁目,estimated,2,36.32832,139.198058,216.05717615308592,217.74225650703224,0.42953,0.46371,estimated-by-town
群馬県伊勢崎市,群馬県伊勢崎市柳原町3,群馬県伊勢崎市柳原町三丁目,estimated,3,36.32832,139.198058,172.37755091420792,212.9424652462468,0.42953,0.46371,estimated-by-town
群馬県伊勢崎市,群馬県伊勢崎市柳原町4,群馬県伊勢崎市柳原町四丁目,estimated,4,36.32832,139.198058,185.1595971334866,248.79385241571816,0.42953,0.46371,estimated-by-town
群馬県伊勢崎市,群馬県伊勢崎市柳原町5,群馬県伊勢崎市柳原町五丁目,estimated,5,36.32832,139.198058,173.63138326891226,243.84174553249713,0.42953,0.46371,estimated-by-town
群馬県伊勢崎市,群馬県伊勢崎市柳原町6,群馬県伊勢崎市柳原町六丁目,estimated,6,36.32832,139.198058,204.87595187275136,251.42918251755282,0.42953,0.46371,estimated-by-town
群馬県伊勢崎市,群馬県伊勢崎市柳原町7,群馬県伊勢崎市柳原町七丁目,estimated,7,36.32832,139.198058,212.86085420982087,209.85490725668907,0.42953,0.46371,estimated-by-town
群馬県伊勢崎市,群馬県伊勢崎市柳原町8,群馬県伊勢崎市柳原町八丁目,estimated,8,36.32832,139.198058,213.9966492934406,230.38395294162024,0.42953,0.46371,estimated-by-town
群馬県伊勢崎市,群馬県伊勢崎市柳原町9,群馬県伊勢崎市柳原町九丁目,estimated,9,36.32832,139.198058,201.67593463772312,255.20667151542443,0.42953,0.46371,estimated-by-town
群馬県伊勢崎市,群馬県伊勢崎市柳原町10,群馬県伊勢崎市柳原町十丁目,estimated,10,36.32832,139.198058,212.5410996154099,225.63385449282706,0.42953,0.46371,estimated-by-town
群馬県伊勢崎市,群馬県伊勢崎市柴町1,群馬県伊勢崎市柴町一丁目,estimated,1,36.288831,139.166742,220.25108600279134,360.0814158435556,0.431767,0.745968,estimated-by-town
群馬県伊勢崎市,群馬県伊勢崎市柴町2,群馬県伊勢崎市柴町二丁目,estimated,2,36.288831,139.166742,183.4234359868813,396.31139338200546,0.431767,0.745968,estimated-by-town
群馬県伊勢崎市,群馬県伊勢崎市柴町3,群馬県伊勢崎市柴町三丁目,estimated,3,36.288831,139.166742,210.53866116613423,374.0491189781896,0.431767,0.745968,estimated-by-town
群馬県伊勢崎市,群馬県伊勢崎市柴町4,群馬県伊勢崎市柴町四丁目,estimated,4,36.288831,139.166742,195.29962619188836,391.87948169810204,0.431767,0.745968,estimated-by-town
群馬県伊勢崎市,群馬県伊勢崎市柴町5,群馬県伊勢崎市柴町五丁目,estimated,5,36.288831,139.166742,187.17847265710273,342.61186717945344,0.431767,0.745968,estimated-by-town
群馬県伊勢崎市,群馬県伊勢崎市柴町6,群馬県伊勢崎市柴町六丁目,estimated,6,36.288831,139.166742,185.9830790866543,347.0486858568872,0.431767,0.745968,estimated-by-town
群馬県伊勢崎市,群馬県伊勢崎市柴町7,群馬県伊勢崎市柴町七丁目,estimated,7,36.288831,139.166742,177.25684527149087,361.27342683556594,0.431767,0.745968,estimated-by-town
群馬県伊勢崎市,群馬県伊勢崎市柴町8,群馬県伊勢崎市柴町八丁目,estimated,8,36.288831,139.166742,165.34472646333614,374.38016502112646,0.431767,0.745968,estimated-by-town
群馬県伊勢崎市,群馬県伊勢崎市柴町9,群馬県伊勢崎市柴町九丁目,estimated,9,36.288831,139.166742,214.42918251755282,382.87595187275133,0.431767,0.745968,estimated-by-town
群馬県伊勢崎市,群馬県伊勢崎市柴町10,群馬県伊勢崎市柴町十丁目,estimated,10,36.288831,139.166742,173.54956562714807,349.8584855905178,0.431767,0.745968,estimated-by-town
群馬県伊勢崎市,群馬県伊勢崎市波志江町1,群馬県伊勢崎市波志江町一丁目,estimated,1,36.351928,139.188544,200.50385066826195,193.94811640609572,0.420582,0.364919,estimated-by-town
群馬県伊勢崎市,群馬県伊勢崎市波志江町2,群馬県伊勢崎市波志江町二丁目,estimated,2,36.351928,139.188544,182.91964019240697,160.62378974820408,0.420582,0.364919,estimated-by-town
群馬県伊勢崎市,群馬県伊勢崎市波志江町3,群馬県伊勢崎市波志江町三丁目,estimated,3,36.351928,139.188544,193.035797152341,209.55942483735404,0.420582,0.364919,estimated-by-town
群馬県伊勢崎市,群馬県伊勢崎市波志江町4,群馬県伊勢崎市波志江町四丁目,estimated,4,36.351928,139.188544,200.7117339927073,205.9481826772743,0.420582,0.364919,estimated-by-town
群馬県伊勢崎市,群馬県伊勢崎市波志江町5,群馬県伊勢崎市波志江町五丁目,estimated,5,36.351928,139.188544,169.07230073625684,182.6559591122055,0.420582,0.364919,estimated-by-town
群馬県伊勢崎市,群馬県伊勢崎市波志江町6,群馬県伊勢崎市波志江町六丁目,estimated,6,36.351928,139.188544,205.61649323676897,173.88247472509767,0.420582,0.364919,estimated-by-town
群馬県伊勢崎市,群馬県伊勢崎市波志江町7,群馬県伊勢崎市波志江町七丁目,estimated,7,36.351928,139.188544,164.09238110092411,173.6907073819316,0.420582,0.364919,estimated-by-town
群馬県伊勢崎市,群馬県伊勢崎市波志江町8,群馬県伊勢崎市波志江町八丁目,estimated,8,36.351928,139.188544,196.20535369827473,200.33060192250124,0.420582,0.364919,estimated-by-town
群馬県伊勢崎市,群馬県伊勢崎市波志江町9,群馬県伊勢崎市波志江町九丁目,estimated,9,36.351928,139.188544,212.4893517999031,194.57466936689744,0.420582,0.364919,estimated-by-town
群馬県伊勢崎市,群馬県伊勢崎市波志江町10,群馬県伊勢崎市波志江町十丁目,estimated,10,36.351928,139.188544,181.468108818809,207.1979846094519,0.420582,0.364919,estimated-by-town
群馬県伊勢崎市,群馬県伊勢崎市田中島町1,群馬県伊勢崎市田中島町一丁目,estimated,1,36.321274,139.162455,133.48725288366,319.2252339187664,0.310962,0.604839,estimated-by-town
群馬県伊勢崎市,群馬県伊勢崎市田中島町2,群馬県伊勢崎市田中島町二丁目,estimated,2,36.321274,139.162455,115.52445758238866,304.98988057962623,0.310962,0.604839,estimated-by-town
群馬県伊勢崎市,群馬県伊勢崎市田中島町3,群馬県伊勢崎市田中島町三丁目,estimated,3,36.321274,139.162455,146.3212595753644,283.5561817624332,0.310962,0.604839,estimated-by-town
群馬県伊勢崎市,群馬県伊勢崎市田中島町4,群馬県伊勢崎市田中島町四丁目,estimated,4,36.321274,139.162455,119.31822913028478,277.35871259331685,0.310962,0.604839,estimated-by-town
群馬県伊勢崎市,群馬県伊勢崎市田中島町5,群馬県伊勢崎市田中島町五丁目,estimated,5,36.321274,139.162455,136.4724834603179,271.11035375533936,0.310962,0.604839,estimated-by-town
群馬県伊勢崎市,群馬県伊勢崎市田中島町6,群馬県伊勢崎市田中島町六丁目,estimated,6,36.321274,139.162455,126.797900707726,272.59363627072196,0.310962,0.604839,estimated-by-town
群馬県伊勢崎市,群馬県伊勢崎市田中島町7,群馬県伊勢崎市田中島町七丁目,estimated,7,36.321274,139.162455,123.7175834403957,278.9655581462514,0.310962,0.604839,estimated-by-town
群馬県伊勢崎市,群馬県伊勢崎市田中島町8,群馬県伊勢崎市田中島町八丁目,estimated,8,36.321274,139.162455,154.93474079096305,310.34814166528554,0.310962,0.604839,estimated-by-town
群馬県伊勢崎市,群馬県伊勢崎市田中島町9,群馬県伊勢崎市田中島町九丁目,estimated,9,36.321274,139.162455,118.16024888623008,278.4198059898405,0.310962,0.604839,estimated-by-town
群馬県伊勢崎市,群馬県伊勢崎市田中島町10,群馬県伊勢崎市田中島町十丁目,estimated,10,36.321274,139.162455,156.38666487320324,295.3412571881546,0.310962,0.604839,estimated-by-town
群馬県伊勢崎市,群馬県伊勢崎市田中町1,群馬県伊勢崎市田中町一丁目,estimated,1,36.310859,139.16269,132.72690891107277,326.6824333118222,0.35123,0.677419,estimated-by-town
群馬県伊勢崎市,群馬県伊勢崎市田中町2,群馬県伊勢崎市田中町二丁目,estimated,2,36.310859,139.16269,170.19850903872094,322.3325437935656,0.35123,0.677419,estimated-by-town
群馬県伊勢崎市,群馬県伊勢崎市田中町3,群馬県伊勢崎市田中町三丁目,estimated,3,36.310859,139.16269,170.6197149921864,362.730195725651,0.35123,0.677419,estimated-by-town
群馬県伊勢崎市,群馬県伊勢崎市田中町4,群馬県伊勢崎市田中町四丁目,estimated,4,36.310859,139.16269,145.1639790366949,311.73256074992247,0.35123,0.677419,estimated-by-town
群馬県伊勢崎市,群馬県伊勢崎市田中町5,群馬県伊勢崎市田中町五丁目,estimated,5,36.310859,139.16269,174.99725851281505,336.3141433158711,0.35123,0.677419,estimated-by-town
群馬県伊勢崎市,群馬県伊勢崎市田中町6,群馬県伊勢崎市田中町六丁目,estimated,6,36.310859,139.16269,178.17161162940613,344.9868159552533,0.35123,0.677419,estimated-by-town
群馬県伊勢崎市,群馬県伊勢崎市田中町7,群馬県伊勢崎市田中町七丁目,estimated,7,36.310859,139.16269,132.52968975001045,324.5893069330011,0.35123,0.677419,estimated-by-town
群馬県伊勢崎市,群馬県伊勢崎市田中町8,群馬県伊勢崎市田中町八丁目,estimated,8,36.310859,139.16269,174.62097094939546,357.7600869207952,0.35123,0.677419,estimated-by-town
群馬県伊勢崎市,群馬県伊勢崎市田中町9,群馬県伊勢崎市田中町九丁目,estimated,9,36.310859,139.16269,147.72949016875157,364.5316954888546,0.35123,0.677419,estimated-by-town
群馬県伊勢崎市,群馬県伊勢崎市田中町10,群馬県伊勢崎市田中町十丁目,estimated,10,36.310859,139.16269,152.61983497887354,363.65527353666386,0.35123,0.677419,estimated-by-town
群馬県伊勢崎市,群馬県伊勢崎市田部井町1,群馬県伊勢崎市田部井町一丁目,chome,1,36.355778,139.247763,338,175,0.756152,0.352823,official-chome
群馬県伊勢崎市,群馬県伊勢崎市田部井町2,群馬県伊勢崎市田部井町二丁目,chome,2,36.348963,139.246976,336,192,0.751678,0.387097,official-chome
群馬県伊勢崎市,群馬県伊勢崎市田部井町3,群馬県伊勢崎市田部井町三丁目,chome,3,36.349835,139.261029,372,190,0.832215,0.383065,official-chome
群馬県伊勢崎市,群馬県伊勢崎市田部井町4,群馬県伊勢崎市田部井町四丁目,estimated,4,36.351525333333335,139.25192266666667,338.2248851726571,206.15981672299912,0.780015,0.3743283333333333,estimated-by-town
群馬県伊勢崎市,群馬県伊勢崎市田部井町5,群馬県伊勢崎市田部井町五丁目,estimated,5,36.351525333333335,139.25192266666667,330.0880460297318,202.3949318256381,0.780015,0.3743283333333333,estimated-by-town
群馬県伊勢崎市,群馬県伊勢崎市田部井町6,群馬県伊勢崎市田部井町六丁目,estimated,6,36.351525333333335,139.25192266666667,335.5023000375216,173.39069618554169,0.780015,0.3743283333333333,estimated-by-town
群馬県伊勢崎市,群馬県伊勢崎市田部井町7,群馬県伊勢崎市田部井町七丁目,estimated,7,36.351525333333335,139.25192266666667,329.99505813672266,178.49930767576066,0.780015,0.3743283333333333,estimated-by-town
群馬県伊勢崎市,群馬県伊勢崎市田部井町8,群馬県伊勢崎市田部井町八丁目,estimated,8,36.351525333333335,139.25192266666667,354.5153940796072,211.00028835108276,0.780015,0.3743283333333333,estimated-by-town
群馬県伊勢崎市,群馬県伊勢崎市田部井町9,群馬県伊勢崎市田部井町九丁目,estimated,9,36.351525333333335,139.25192266666667,355.91359992953727,212.71258980276056,0.780015,0.3743283333333333,estimated-by-town
群馬県伊勢崎市,群馬県伊勢崎市田部井町10,群馬県伊勢崎市田部井町十丁目,estimated,10,36.351525333333335,139.25192266666667,347.0622677705518,162.7226935106907,0.780015,0.3743283333333333,estimated-by-town
群馬県伊勢崎市,群馬県伊勢崎市磯町1,群馬県伊勢崎市磯町一丁目,estimated,1,36.395555,139.231115,189.0870126548728,132.29795315151378,0.456376,0.22379,estimated-by-town
群馬県伊勢崎市,群馬県伊勢崎市磯町2,群馬県伊勢崎市磯町二丁目,estimated,2,36.395555,139.231115,220.28617871334012,101.21427657670897,0.456376,0.22379,estimated-by-town
群馬県伊勢崎市,群馬県伊勢崎市磯町3,群馬県伊勢崎市磯町三丁目,estimated,3,36.395555,139.231115,190.57937031670207,91.10309825867901,0.456376,0.22379,estimated-by-town
群馬県伊勢崎市,群馬県伊勢崎市磯町4,群馬県伊勢崎市磯町四丁目,estimated,4,36.395555,139.231115,217.63996720125,96.3729259676166,0.456376,0.22379,estimated-by-town
群馬県伊勢崎市,群馬県伊勢崎市磯町5,群馬県伊勢崎市磯町五丁目,estimated,5,36.395555,139.231115,176.03837302687194,112.46540677480245,0.456376,0.22379,estimated-by-town
群馬県伊勢崎市,群馬県伊勢崎市磯町6,群馬県伊勢崎市磯町六丁目,estimated,6,36.395555,139.231115,196.832641009094,129.67160852994402,0.456376,0.22379,estimated-by-town
群馬県伊勢崎市,群馬県伊勢崎市磯町7,群馬県伊勢崎市磯町七丁目,estimated,7,36.395555,139.231115,224.86085420982087,90.85490725668907,0.456376,0.22379,estimated-by-town
群馬県伊勢崎市,群馬県伊勢崎市磯町8,群馬県伊勢崎市磯町八丁目,estimated,8,36.395555,139.231115,224.30779463575533,100.20215405592451,0.456376,0.22379,estimated-by-town
群馬県伊勢崎市,群馬県伊勢崎市磯町9,群馬県伊勢崎市磯町九丁目,estimated,9,36.395555,139.231115,225.20120240391066,124.24798160583012,0.456376,0.22379,estimated-by-town
群馬県伊勢崎市,群馬県伊勢崎市磯町10,群馬県伊勢崎市磯町十丁目,estimated,10,36.395555,139.231115,184.07610603816508,112.74311485495316,0.456376,0.22379,estimated-by-town
群馬県伊勢崎市,群馬県伊勢崎市福島町1,群馬県伊勢崎市福島町一丁目,estimated,1,36.275516,139.181105,213.9963446837534,384.4188577544948,0.425056,0.774194,estimated-by-town
群馬県伊勢崎市,群馬県伊勢崎市福島町2,群馬県伊勢崎市福島町二丁目,estimated,2,36.275516,139.181105,169.13914579017913,404.1450927433109,0.425056,0.774194,estimated-by-town
群馬県伊勢崎市,群馬県伊勢崎市福島町3,群馬県伊勢崎市福島町三丁目,estimated,3,36.275516,139.181105,179.16732958326313,369.6245608191487,0.425056,0.774194,estimated-by-town
群馬県伊勢崎市,群馬県伊勢崎市福島町4,群馬県伊勢崎市福島町四丁目,estimated,4,36.275516,139.181105,206.77134571099316,396.638115486193,0.425056,0.774194,estimated-by-town
群馬県伊勢崎市,群馬県伊勢崎市福島町5,群馬県伊勢崎市福島町五丁目,estimated,5,36.275516,139.181105,202.8614367798272,364.93213583123406,0.425056,0.774194,estimated-by-town
群馬県伊勢崎市,群馬県伊勢崎市福島町6,群馬県伊勢崎市福島町六丁目,estimated,6,36.275516,139.181105,209.09595408174997,363.52209635466323,0.425056,0.774194,estimated-by-town
群馬県伊勢崎市,群馬県伊勢崎市福島町7,群馬県伊勢崎市福島町七丁目,estimated,7,36.275516,139.181105,175.85867258689615,400.8529777486175,0.425056,0.774194,estimated-by-town
群馬県伊勢崎市,群馬県伊勢崎市福島町8,群馬県伊勢崎市福島町八丁目,estimated,8,36.275516,139.181105,214.4320081404336,375.1074762735326,0.425056,0.774194,estimated-by-town
群馬県伊勢崎市,群馬県伊勢崎市福島町9,群馬県伊勢崎市福島町九丁目,estimated,9,36.275516,139.181105,173.66082894954917,409.1601170383627,0.425056,0.774194,estimated-by-town
群馬県伊勢崎市,群馬県伊勢崎市福島町10,群馬県伊勢崎市福島町十丁目,estimated,10,36.275516,139.181105,212.64410533452644,398.70525394540573,0.425056,0.774194,estimated-by-town
群馬県伊勢崎市,群馬県伊勢崎市稲荷町1,群馬県伊勢崎市稲荷町一丁目,estimated,1,36.327807,139.143755,154.39153688314147,340.70026884016806,0.310962,0.647177,estimated-by-town
群馬県伊勢崎市,群馬県伊勢崎市稲荷町2,群馬県伊勢崎市稲荷町二丁目,estimated,2,36.327807,139.143755,116.95074949993293,334.7779008700633,0.310962,0.647177,estimated-by-town
群馬県伊勢崎市,群馬県伊勢崎市稲荷町3,群馬県伊勢崎市稲荷町三丁目,estimated,3,36.327807,139.143755,120.58604427831254,340.7465499437176,0.310962,0.647177,estimated-by-town
群馬県伊勢崎市,群馬県伊勢崎市稲荷町4,群馬県伊勢崎市稲荷町四丁目,estimated,4,36.327807,139.143755,119.03411224881768,336.0453755788012,0.310962,0.647177,estimated-by-town
群馬県伊勢崎市,群馬県伊勢崎市稲荷町5,群馬県伊勢崎市稲荷町五丁目,estimated,5,36.327807,139.143755,164.43183761907895,326.40570396126174,0.310962,0.647177,estimated-by-town
群馬県伊勢崎市,群馬県伊勢崎市稲荷町6,群馬県伊勢崎市稲荷町六丁目,estimated,6,36.327807,139.143755,126.04203115881253,307.1042796692358,0.310962,0.647177,estimated-by-town
群馬県伊勢崎市,群馬県伊勢崎市稲荷町7,群馬県伊勢崎市稲荷町七丁目,estimated,7,36.327807,139.143755,166.1682803357279,327.7738130767907,0.310962,0.647177,estimated-by-town
群馬県伊勢崎市,群馬県伊勢崎市稲荷町8,群馬県伊勢崎市稲荷町八丁目,estimated,8,36.327807,139.143755,117.65349402192808,326.3222817031927,0.310962,0.647177,estimated-by-town
群馬県伊勢崎市,群馬県伊勢崎市稲荷町9,群馬県伊勢崎市稲荷町九丁目,estimated,9,36.327807,139.143755,123.10242207300385,346.4414428846928,0.310962,0.647177,estimated-by-town
群馬県伊勢崎市,群馬県伊勢崎市稲荷町10,群馬県伊勢崎市稲荷町十丁目,estimated,10,36.327807,139.143755,120.76117340378909,333.30224387635644,0.310962,0.647177,estimated-by-town
群馬県伊勢崎市,群馬県伊勢崎市粕川町1,群馬県伊勢崎市粕川町一丁目,estimated,1,36.31113,139.216165,241.35526546153656,233.3168000357876,0.501119,0.512097,estimated-by-town
群馬県伊勢崎市,群馬県伊勢崎市粕川町2,群馬県伊勢崎市粕川町二丁目,estimated,2,36.31113,139.216165,244.1162532642061,265.15062126566573,0.501119,0.512097,estimated-by-town
群馬県伊勢崎市,群馬県伊勢崎市粕川町3,群馬県伊勢崎市粕川町三丁目,estimated,3,36.31113,139.216165,245.94640910571613,252.46535757762925,0.501119,0.512097,estimated-by-town
群馬県伊勢崎市,群馬県伊勢崎市粕川町4,群馬県伊勢崎市粕川町四丁目,estimated,4,36.31113,139.216165,205.48696876908053,249.72592996746656,0.501119,0.512097,estimated-by-town
群馬県伊勢崎市,群馬県伊勢崎市粕川町5,群馬県伊勢崎市粕川町五丁目,estimated,5,36.31113,139.216165,249.52900154118154,245.20965982965677,0.501119,0.512097,estimated-by-town
群馬県伊勢崎市,群馬県伊勢崎市粕川町6,群馬県伊勢崎市粕川町六丁目,estimated,6,36.31113,139.216165,248.9481826772743,241.2882660072927,0.501119,0.512097,estimated-by-town
群馬県伊勢崎市,群馬県伊勢崎市粕川町7,群馬県伊勢崎市粕川町七丁目,estimated,7,36.31113,139.216165,247.48277590247187,269.2498929804208,0.501119,0.512097,estimated-by-town
群馬県伊勢崎市,群馬県伊勢崎市粕川町8,群馬県伊勢崎市粕川町八丁目,estimated,8,36.31113,139.216165,237.3766068585931,266.04435091445947,0.501119,0.512097,estimated-by-town
群馬県伊勢崎市,群馬県伊勢崎市粕川町9,群馬県伊勢崎市粕川町九丁目,estimated,9,36.31113,139.216165,230.15636257986205,237.08553282585365,0.501119,0.512097,estimated-by-town
群馬県伊勢崎市,群馬県伊勢崎市粕川町10,群馬県伊勢崎市粕川町十丁目,estimated,10,36.31113,139.216165,205.53015574023027,230.35967739179833,0.501119,0.512097,estimated-by-town
群馬県伊勢崎市,群馬県伊勢崎市緑町1,群馬県伊勢崎市緑町一丁目,estimated,1,36.317621,139.195973,216.03811743539063,276.17182899531184,0.447427,0.540323,estimated-by-town
群馬県伊勢崎市,群馬県伊勢崎市緑町2,群馬県伊勢崎市緑町二丁目,estimated,2,36.317621,139.195973,183.9303097578365,287.15111107797446,0.447427,0.540323,estimated-by-town
群馬県伊勢崎市,群馬県伊勢崎市緑町3,群馬県伊勢崎市緑町三丁目,estimated,3,36.317621,139.195973,224.10678021873647,258.2602285711863,0.447427,0.540323,estimated-by-town
群馬県伊勢崎市,群馬県伊勢崎市緑町4,群馬県伊勢崎市緑町四丁目,estimated,4,36.317621,139.195973,176.04093469858122,286.05445069456147,0.447427,0.540323,estimated-by-town
群馬県伊勢崎市,群馬県伊勢崎市緑町5,群馬県伊勢崎市緑町五丁目,estimated,5,36.317621,139.195973,173.06577064298475,269.8834247910914,0.447427,0.540323,estimated-by-town
群馬県伊勢崎市,群馬県伊勢崎市緑町6,群馬県伊勢崎市緑町六丁目,estimated,6,36.317621,139.195973,216.9893568818739,255.65650970185806,0.447427,0.540323,estimated-by-town
群馬県伊勢崎市,群馬県伊勢崎市緑町7,群馬県伊勢崎市緑町七丁目,estimated,7,36.317621,139.195973,214.69463130731182,247.77457514062633,0.447427,0.540323,estimated-by-town
群馬県伊勢崎市,群馬県伊勢崎市緑町8,群馬県伊勢崎市緑町八丁目,estimated,8,36.317621,139.195973,176.03289116589022,266.74393705016934,0.447427,0.540323,estimated-by-town
群馬県伊勢崎市,群馬県伊勢崎市緑町9,群馬県伊勢崎市緑町九丁目,estimated,9,36.317621,139.195973,209.29760175829537,248.0612286851937,0.447427,0.540323,estimated-by-town
群馬県伊勢崎市,群馬県伊勢崎市緑町10,群馬県伊勢崎市緑町十丁目,estimated,10,36.317621,139.195973,194.15256590554526,287.1260951192607,0.447427,0.540323,estimated-by-town
群馬県伊勢崎市,群馬県伊勢崎市美茂呂町1,群馬県伊勢崎市美茂呂町一丁目,estimated,1,36.300309,139.20353,227.3696528117342,335.1318682462376,0.467562,0.633065,estimated-by-town
群馬県伊勢崎市,群馬県伊勢崎市美茂呂町2,群馬県伊勢崎市美茂呂町二丁目,estimated,2,36.300309,139.20353,226.99725851281505,313.6858566841289,0.467562,0.633065,estimated-by-town
群馬県伊勢崎市,群馬県伊勢崎市美茂呂町3,群馬県伊勢崎市美茂呂町三丁目,estimated,3,36.300309,139.20353,185.81778016906236,307.7883429175395,0.467562,0.633065,estimated-by-town
群馬県伊勢崎市,群馬県伊勢崎市美茂呂町4,群馬県伊勢崎市美茂呂町四丁目,estimated,4,36.300309,139.20353,227.70283480880494,295.93888236806606,0.467562,0.633065,estimated-by-town
群馬県伊勢崎市,群馬県伊勢崎市美茂呂町5,群馬県伊勢崎市美茂呂町五丁目,estimated,5,36.300309,139.20353,221.12024050615844,292.1345073215151,0.467562,0.633065,estimated-by-town
群馬県伊勢崎市,群馬県伊勢崎市美茂呂町6,群馬県伊勢崎市美茂呂町六丁目,estimated,6,36.300309,139.20353,234.16011703836273,330.33917105045083,0.467562,0.633065,estimated-by-town
群馬県伊勢崎市,群馬県伊勢崎市美茂呂町7,群馬県伊勢崎市美茂呂町七丁目,estimated,7,36.300309,139.20353,219.52090752293785,292.42894288881996,0.467562,0.633065,estimated-by-town
群馬県伊勢崎市,群馬県伊勢崎市美茂呂町8,群馬県伊勢崎市美茂呂町八丁目,estimated,8,36.300309,139.20353,231.09211648285856,304.62245291625743,0.467562,0.633065,estimated-by-town
群馬県伊勢崎市,群馬県伊勢崎市美茂呂町9,群馬県伊勢崎市美茂呂町九丁目,estimated,9,36.300309,139.20353,217.1392038614289,337.6379643899829,0.467562,0.633065,estimated-by-town
群馬県伊勢崎市,群馬県伊勢崎市美茂呂町10,群馬県伊勢崎市美茂呂町十丁目,estimated,10,36.300309,139.20353,206.80635181870736,331.8658307295438,0.467562,0.633065,estimated-by-town
群馬県伊勢崎市,群馬県伊勢崎市羽黒町1,群馬県伊勢崎市羽黒町一丁目,estimated,1,36.288084,139.212914,239.26269068500926,312.78651439266537,0.52349,0.665323,estimated-by-town
群馬県伊勢崎市,群馬県伊勢崎市羽黒町2,群馬県伊勢崎市羽黒町二丁目,estimated,2,36.288084,139.212914,206.92616763158117,340.39267053681374,0.52349,0.665323,estimated-by-town
群馬県伊勢崎市,群馬県伊勢崎市羽黒町3,群馬県伊勢崎市羽黒町三丁目,estimated,3,36.288084,139.212914,259.11473670974874,315.5,0.52349,0.665323,estimated-by-town
群馬県伊勢崎市,群馬県伊勢崎市羽黒町4,群馬県伊勢崎市羽黒町四丁目,estimated,4,36.288084,139.212914,232.1165752089086,303.0657706429847,0.52349,0.665323,estimated-by-town
群馬県伊勢崎市,群馬県伊勢崎市羽黒町5,群馬県伊勢崎市羽黒町五丁目,estimated,5,36.288084,139.212914,254.98720736740103,329.2671105692475,0.52349,0.665323,estimated-by-town
群馬県伊勢崎市,群馬県伊勢崎市羽黒町6,群馬県伊勢崎市羽黒町六丁目,estimated,6,36.288084,139.212914,263.5442325903662,335.2094453300079,0.52349,0.665323,estimated-by-town
群馬県伊勢崎市,群馬県伊勢崎市羽黒町7,群馬県伊勢崎市羽黒町七丁目,estimated,7,36.288084,139.212914,222.58930693300113,305.52968975001045,0.52349,0.665323,estimated-by-town
群馬県伊勢崎市,群馬県伊勢崎市羽黒町8,群馬県伊勢崎市羽黒町八丁目,estimated,8,36.288084,139.212914,247.4350288425444,343.4350288425444,0.52349,0.665323,estimated-by-town
群馬県伊勢崎市,群馬県伊勢崎市羽黒町9,群馬県伊勢崎市羽黒町九丁目,estimated,9,36.288084,139.212914,225.0408012613675,353.33951066243003,0.52349,0.665323,estimated-by-town
群馬県伊勢崎市,群馬県伊勢崎市羽黒町10,群馬県伊勢崎市羽黒町十丁目,estimated,10,36.288084,139.212914,216.17517476265175,327.4948841827188,0.52349,0.665323,estimated-by-town
群馬県伊勢崎市,群馬県伊勢崎市若葉町1,群馬県伊勢崎市若葉町一丁目,estimated,1,36.319097,139.188235,194.8677395055693,294.4014757247627,0.393736,0.560484,estimated-by-town
群馬県伊勢崎市,群馬県伊勢崎市若葉町2,群馬県伊勢崎市若葉町二丁目,estimated,2,36.319097,139.188235,156.19463862516858,275.2165379807987,0.393736,0.560484,estimated-by-town
群馬県伊勢崎市,群馬県伊勢崎市若葉町3,群馬県伊勢崎市若葉町三丁目,estimated,3,36.319097,139.188235,167.403915173236,257.7488932240463,0.393736,0.560484,estimated-by-town
群馬県伊勢崎市,群馬県伊勢崎市若葉町4,群馬県伊勢崎市若葉町四丁目,estimated,4,36.319097,139.188235,172.1031531731182,305.727505924764,0.393736,0.560484,estimated-by-town
群馬県伊勢崎市,群馬県伊勢崎市若葉町5,群馬県伊勢崎市若葉町五丁目,estimated,5,36.319097,139.188235,171.31149920299288,251.4101906686704,0.393736,0.560484,estimated-by-town
群馬県伊勢崎市,群馬県伊勢崎市若葉町6,群馬県伊勢崎市若葉町六丁目,estimated,6,36.319097,139.188235,187.1283045488973,260.1909899807151,0.393736,0.560484,estimated-by-town
群馬県伊勢崎市,群馬県伊勢崎市若葉町7,群馬県伊勢崎市若葉町七丁目,estimated,7,36.319097,139.188235,165.6518583347145,262.0652592090369,0.393736,0.560484,estimated-by-town
群馬県伊勢崎市,群馬県伊勢崎市若葉町8,群馬県伊勢崎市若葉町八丁目,estimated,8,36.319097,139.188235,161.94052101285624,303.3639715070425,0.393736,0.560484,estimated-by-town
群馬県伊勢崎市,群馬県伊勢崎市若葉町9,群馬県伊勢崎市若葉町九丁目,estimated,9,36.319097,139.188235,193.35736369520941,270.2720037815598,0.393736,0.560484,estimated-by-town
群馬県伊勢崎市,群馬県伊勢崎市若葉町10,群馬県伊勢崎市若葉町十丁目,estimated,10,36.319097,139.188235,153.6831982956521,272.43579640120765,0.393736,0.560484,estimated-by-town
群馬県伊勢崎市,群馬県伊勢崎市茂呂南町1,群馬県伊勢崎市茂呂南町一丁目,estimated,1,36.294014,139.205709,240.4350288425444,343.4350288425444,0.50783,0.665323,estimated-by-town
群馬県伊勢崎市,群馬県伊勢崎市茂呂南町2,群馬県伊勢崎市茂呂南町二丁目,estimated,2,36.294014,139.205709,231.96103387979014,304.4776932303607,0.50783,0.665323,estimated-by-town
群馬県伊勢崎市,群馬県伊勢崎市茂呂南町3,群馬県伊勢崎市茂呂南町三丁目,estimated,3,36.294014,139.205709,236.7397714288137,305.8932197812635,0.50783,0.665323,estimated-by-town
群馬県伊勢崎市,群馬県伊勢崎市茂呂南町4,群馬県伊勢崎市茂呂南町四丁目,estimated,4,36.294014,139.205709,254.1682803357279,336.7738130767907,0.50783,0.665323,estimated-by-town
群馬県伊勢崎市,群馬県伊勢崎市茂呂南町5,群馬県伊勢崎市茂呂南町五丁目,estimated,5,36.294014,139.205709,229.29962619188836,351.87948169810204,0.50783,0.665323,estimated-by-town
群馬県伊勢崎市,群馬県伊勢崎市茂呂南町6,群馬県伊勢崎市茂呂南町六丁目,estimated,6,36.294014,139.205709,229.3155175246978,348.8583768811851,0.50783,0.665323,estimated-by-town
群馬県伊勢崎市,群馬県伊勢崎市茂呂南町7,群馬県伊勢崎市茂呂南町七丁目,estimated,7,36.294014,139.205709,201.28498097893663,345.4511422473016,0.50783,0.665323,estimated-by-town
群馬県伊勢崎市,群馬県伊勢崎市茂呂南町8,群馬県伊勢崎市茂呂南町八丁目,estimated,8,36.294014,139.205709,219.1335367035096,351.6129302780759,0.50783,0.665323,estimated-by-town
群馬県伊勢崎市,群馬県伊勢崎市茂呂南町9,群馬県伊勢崎市茂呂南町九丁目,estimated,9,36.294014,139.205709,256.4488155034299,324.27573013870364,0.50783,0.665323,estimated-by-town
群馬県伊勢崎市,群馬県伊勢崎市茂呂南町10,群馬県伊勢崎市茂呂南町十丁目,estimated,10,36.294014,139.205709,247.92324335849338,323.20162612375117,0.50783,0.665323,estimated-by-town
群馬県伊勢崎市,群馬県伊勢崎市茂呂町1,群馬県伊勢崎市茂呂町一丁目,chome,1,36.306274,139.199351,214,300,0.478747,0.604839,official-chome
群馬県伊勢崎市,群馬県伊勢崎市茂呂町2,群馬県伊勢崎市茂呂町二丁目,chome,2,36.299453,139.209116,239,317,0.534676,0.639113,official-chome
群馬県伊勢崎市,群馬県伊勢崎市茂呂町3,群馬県伊勢崎市茂呂町三丁目,estimated,3,36.3028635,139.2042335,226.90140534805752,285.503503011403,0.5067115,0.6219760000000001,estimated-by-town
群馬県伊勢崎市,群馬県伊勢崎市茂呂町4,群馬県伊勢崎市茂呂町四丁目,estimated,4,36.3028635,139.2042335,220.00161727681228,326.3541597949323,0.5067115,0.6219760000000001,estimated-by-town
群馬県伊勢崎市,群馬県伊勢崎市茂呂町5,群馬県伊勢崎市茂呂町五丁目,estimated,5,36.3028635,139.2042335,239.118681599723,290.4786550256422,0.5067115,0.6219760000000001,estimated-by-town
群馬県伊勢崎市,群馬県伊勢崎市茂呂町6,群馬県伊勢崎市茂呂町六丁目,estimated,6,36.3028635,139.2042335,255.73110194355706,315.24853163031594,0.5067115,0.6219760000000001,estimated-by-town
群馬県伊勢崎市,群馬県伊勢崎市茂呂町7,群馬県伊勢崎市茂呂町七丁目,estimated,7,36.3028635,139.2042335,203.51866670643068,327.7836282905962,0.5067115,0.6219760000000001,estimated-by-town
群馬県伊勢崎市,群馬県伊勢崎市茂呂町8,群馬県伊勢崎市茂呂町八丁目,estimated,8,36.3028635,139.2042335,220.4519526100083,284.2426068431001,0.5067115,0.6219760000000001,estimated-by-town
群馬県伊勢崎市,群馬県伊勢崎市茂呂町9,群馬県伊勢崎市茂呂町九丁目,estimated,9,36.3028635,139.2042335,212.88532467920916,282.8945198070911,0.5067115,0.6219760000000001,estimated-by-town
群馬県伊勢崎市,群馬県伊勢崎市茂呂町10,群馬県伊勢崎市茂呂町十丁目,estimated,10,36.3028635,139.2042335,198.65338692968834,305.5732030285057,0.5067115,0.6219760000000001,estimated-by-town
群馬県伊勢崎市,群馬県伊勢崎市華蔵寺町1,群馬県伊勢崎市華蔵寺町一丁目,estimated,1,36.34144,139.198861,201.6129302780759,210.8664632964904,0.402685,0.409274,estimated-by-town
群馬県伊勢崎市,群馬県伊勢崎市華蔵寺町2,群馬県伊勢崎市華蔵寺町二丁目,estimated,2,36.34144,139.198861,204.57456132866974,185.79270690946862,0.402685,0.409274,estimated-by-town
群馬県伊勢崎市,群馬県伊勢崎市華蔵寺町3,群馬県伊勢崎市華蔵寺町三丁目,estimated,3,36.34144,139.198861,178.58692918144052,229.9629974383735,0.402685,0.409274,estimated-by-town
群馬県伊勢崎市,群馬県伊勢崎市華蔵寺町4,群馬県伊勢崎市華蔵寺町四丁目,estimated,4,36.34144,139.198861,201.20925734695595,222.77795244181246,0.402685,0.409274,estimated-by-town
群馬県伊勢崎市,群馬県伊勢崎市華蔵寺町5,群馬県伊勢崎市華蔵寺町五丁目,estimated,5,36.34144,139.198861,193.90602802257146,226.14351711895702,0.402685,0.409274,estimated-by-town
群馬県伊勢崎市,群馬県伊勢崎市華蔵寺町6,群馬県伊勢崎市華蔵寺町六丁目,estimated,6,36.34144,139.198861,167.7440704095197,229.28292582406286,0.402685,0.409274,estimated-by-town
群馬県伊勢崎市,群馬県伊勢崎市華蔵寺町7,群馬県伊勢崎市華蔵寺町七丁目,estimated,7,36.34144,139.198861,205.57927281399282,214.3886260061224,0.402685,0.409274,estimated-by-town
群馬県伊勢崎市,群馬県伊勢崎市華蔵寺町8,群馬県伊勢崎市華蔵寺町八丁目,estimated,8,36.34144,139.198861,169.20215405592452,223.30779463575533,0.402685,0.409274,estimated-by-town
群馬県伊勢崎市,群馬県伊勢崎市華蔵寺町9,群馬県伊勢崎市華蔵寺町九丁目,estimated,9,36.34144,139.198861,197.45263567140938,179.8395702086285,0.402685,0.409274,estimated-by-town
群馬県伊勢崎市,群馬県伊勢崎市華蔵寺町10,群馬県伊勢崎市華蔵寺町十丁目,estimated,10,36.34144,139.198861,153.49606604691309,208.15184287516672,0.402685,0.409274,estimated-by-town
群馬県伊勢崎市,群馬県伊勢崎市西上之宮町1,群馬県伊勢崎市西上之宮町一丁目,estimated,1,36.312166,139.142956,130.27406068612396,336.02017741323135,0.337808,0.705645,estimated-by-town
群馬県伊勢崎市,群馬県伊勢崎市西上之宮町2,群馬県伊勢崎市西上之宮町二丁目,estimated,2,36.312166,139.142956,139.67223296110294,363.98862730622545,0.337808,0.705645,estimated-by-town
群馬県伊勢崎市,群馬県伊勢崎市西上之宮町3,群馬県伊勢崎市西上之宮町三丁目,estimated,3,36.312166,139.142956,161.14283828177676,328.2486131111204,0.337808,0.705645,estimated-by-town
群馬県伊勢崎市,群馬県伊勢崎市西上之宮町4,群馬県伊勢崎市西上之宮町四丁目,estimated,4,36.312166,139.142956,178.5746170843418,345.137851025326,0.337808,0.705645,estimated-by-town
群馬県伊勢崎市,群馬県伊勢崎市西上之宮町5,群馬県伊勢崎市西上之宮町五丁目,estimated,5,36.312166,139.142956,175.8536310432159,339.4502595307896,0.337808,0.705645,estimated-by-town
群馬県伊勢崎市,群馬県伊勢崎市西上之宮町6,群馬県伊勢崎市西上之宮町六丁目,estimated,6,36.312166,139.142956,168.85415979493226,343.5016172768123,0.337808,0.705645,estimated-by-town
群馬県伊勢崎市,群馬県伊勢崎市西上之宮町7,群馬県伊勢崎市西上之宮町七丁目,estimated,7,36.312166,139.142956,126.54630998165486,344.802207729556,0.337808,0.705645,estimated-by-town
群馬県伊勢崎市,群馬県伊勢崎市西上之宮町8,群馬県伊勢崎市西上之宮町八丁目,estimated,8,36.312166,139.142956,131.31822913028478,372.64128740668315,0.337808,0.705645,estimated-by-town
群馬県伊勢崎市,群馬県伊勢崎市西上之宮町9,群馬県伊勢崎市西上之宮町九丁目,estimated,9,36.312166,139.142956,144.81966011250105,330.9788696740969,0.337808,0.705645,estimated-by-town
群馬県伊勢崎市,群馬県伊勢崎市西上之宮町10,群馬県伊勢崎市西上之宮町十丁目,estimated,10,36.312166,139.142956,133.46133883386577,345.9508810218104,0.337808,0.705645,estimated-by-town
群馬県伊勢崎市,群馬県伊勢崎市西久保町1,群馬県伊勢崎市西久保町一丁目,chome,1,36.379332,139.226424,283,116,0.63311,0.233871,official-chome
群馬県伊勢崎市,群馬県伊勢崎市西久保町2,群馬県伊勢崎市西久保町二丁目,chome,2,36.376645,139.235622,307,123,0.686801,0.247984,official-chome
群馬県伊勢崎市,群馬県伊勢崎市西久保町3,群馬県伊勢崎市西久保町三丁目,chome,3,36.369096,139.231126,295,142,0.659955,0.28629,official-chome
群馬県伊勢崎市,群馬県伊勢崎市西久保町4,群馬県伊勢崎市西久保町四丁目,estimated,4,36.375024333333336,139.23105733333333,285.62245291625743,149.09211648285856,0.6599553333333333,0.2560483333333333,estimated-by-town
群馬県伊勢崎市,群馬県伊勢崎市西久保町5,群馬県伊勢崎市西久保町五丁目,estimated,5,36.375024333333336,139.23105733333333,313.2502913404453,149.53723288225214,0.6599553333333333,0.2560483333333333,estimated-by-town
群馬県伊勢崎市,群馬県伊勢崎市西久保町6,群馬県伊勢崎市西久保町六丁目,estimated,6,36.375024333333336,139.23105733333333,286.2096598296568,152.52900154118154,0.6599553333333333,0.2560483333333333,estimated-by-town
群馬県伊勢崎市,群馬県伊勢崎市西久保町7,群馬県伊勢崎市西久保町七丁目,estimated,7,36.375024333333336,139.23105733333333,312.99725851281505,126.6858566841289,0.6599553333333333,0.2560483333333333,estimated-by-town
群馬県伊勢崎市,群馬県伊勢崎市西久保町8,群馬県伊勢崎市西久保町八丁目,estimated,8,36.375024333333336,139.23105733333333,299.9610338797902,152.52230676963927,0.6599553333333333,0.2560483333333333,estimated-by-town
群馬県伊勢崎市,群馬県伊勢崎市西久保町9,群馬県伊勢崎市西久保町九丁目,estimated,9,36.375024333333336,139.23105733333333,316.2503681783595,121.30598100774455,0.6599553333333333,0.2560483333333333,estimated-by-town
群馬県伊勢崎市,群馬県伊勢崎市西久保町10,群馬県伊勢崎市西久保町十丁目,estimated,10,36.375024333333336,139.23105733333333,273.1134221735396,107.97428815927529,0.6599553333333333,0.2560483333333333,estimated-by-town
群馬県伊勢崎市,群馬県伊勢崎市西小保方町1,群馬県伊勢崎市西小保方町一丁目,estimated,1,36.343438,139.234172,300.65527353666386,206.38016502112646,0.610738,0.407258,estimated-by-town
群馬県伊勢崎市,群馬県伊勢崎市西小保方町2,群馬県伊勢崎市西小保方町二丁目,estimated,2,36.343438,139.234172,278.8487274129405,176.66637831558387,0.610738,0.407258,estimated-by-town
群馬県伊勢崎市,群馬県伊勢崎市西小保方町3,群馬県伊勢崎市西小保方町三丁目,estimated,3,36.343438,139.234172,296.38268590217984,188.5,0.610738,0.407258,estimated-by-town
群馬県伊勢崎市,群馬県伊勢崎市西小保方町4,群馬県伊勢崎市西小保方町四丁目,estimated,4,36.343438,139.234172,251.96555814625137,186.7175834403957,0.610738,0.407258,estimated-by-town
群馬県伊勢崎市,群馬県伊勢崎市西小保方町5,群馬県伊勢崎市西小保方町五丁目,estimated,5,36.343438,139.234172,298.6050015783174,206.5148526193402,0.610738,0.407258,estimated-by-town
群馬県伊勢崎市,群馬県伊勢崎市西小保方町6,群馬県伊勢崎市西小保方町六丁目,estimated,6,36.343438,139.234172,277.6930339512069,172.36934978214586,0.610738,0.407258,estimated-by-town
群馬県伊勢崎市,群馬県伊勢崎市西小保方町7,群馬県伊勢崎市西小保方町七丁目,estimated,7,36.343438,139.234172,279.7292951726655,176.88592851648423,0.610738,0.407258,estimated-by-town
群馬県伊勢崎市,群馬県伊勢崎市西小保方町8,群馬県伊勢崎市西小保方町八丁目,estimated,8,36.343438,139.234172,284.6582238131305,220.65705811544137,0.610738,0.407258,estimated-by-town
群馬県伊勢崎市,群馬県伊勢崎市西小保方町9,群馬県伊勢崎市西小保方町九丁目,estimated,9,36.343438,139.234172,256.5985242752373,183.1322604944307,0.610738,0.407258,estimated-by-town
群馬県伊勢崎市,群馬県伊勢崎市西小保方町10,群馬県伊勢崎市西小保方町十丁目,estimated,10,36.343438,139.234172,253.58359213500125,187.89315394498064,0.610738,0.407258,estimated-by-town
群馬県伊勢崎市,群馬県伊勢崎市西田町1,群馬県伊勢崎市西田町一丁目,estimated,1,36.333988,139.195802,166.78427178795343,205.67993480940362,0.402685,0.447581,estimated-by-town
群馬県伊勢崎市,群馬県伊勢崎市西田町2,群馬県伊勢崎市西田町二丁目,estimated,2,36.333988,139.195802,201.65063509461095,209.5,0.402685,0.447581,estimated-by-town
群馬県伊勢崎市,群馬県伊勢崎市西田町3,群馬県伊勢崎市西田町三丁目,estimated,3,36.333988,139.195802,162.76147869088157,244.06430110098822,0.402685,0.447581,estimated-by-town
群馬県伊勢崎市,群馬県伊勢崎市西田町4,群馬県伊勢崎市西田町四丁目,estimated,4,36.333988,139.195802,181.0120854043725,193.0176660164462,0.402685,0.447581,estimated-by-town
群馬県伊勢崎市,群馬県伊勢崎市西田町5,群馬県伊勢崎市西田町五丁目,estimated,5,36.333988,139.195802,168.832080206443,237.371322893124,0.402685,0.447581,estimated-by-town
群馬県伊勢崎市,群馬県伊勢崎市西田町6,群馬県伊勢崎市西田町六丁目,estimated,6,36.333988,139.195802,165.66058909122384,201.5211988927752,0.402685,0.447581,estimated-by-town
群馬県伊勢崎市,群馬県伊勢崎市西田町7,群馬県伊勢崎市西田町七丁目,estimated,7,36.333988,139.195802,162.9806656392123,227.86022678022883,0.402685,0.447581,estimated-by-town
群馬県伊勢崎市,群馬県伊勢崎市西田町8,群馬県伊勢崎市西田町八丁目,estimated,8,36.333988,139.195802,161.3484969250327,206.8963106148039,0.402685,0.447581,estimated-by-town
群馬県伊勢崎市,群馬県伊勢崎市西田町9,群馬県伊勢崎市西田町九丁目,estimated,9,36.333988,139.195802,186.72454920862293,243.99500938714982,0.402685,0.447581,estimated-by-town
群馬県伊勢崎市,群馬県伊勢崎市西田町10,群馬県伊勢崎市西田町十丁目,estimated,10,36.333988,139.195802,175.13785102532594,194.4253829156582,0.402685,0.447581,estimated-by-town
群馬県伊勢崎市,群馬県伊勢崎市西野町1,群馬県伊勢崎市西野町一丁目,estimated,1,36.396808,139.221885,187.0800403070681,114.77600426431961,0.438479,0.197581,estimated-by-town
群馬県伊勢崎市,群馬県伊勢崎市西野町2,群馬県伊勢崎市西野町二丁目,estimated,2,36.396808,139.221885,186.46619950546952,79.28886299204427,0.438479,0.197581,estimated-by-town
群馬県伊勢崎市,群馬県伊勢崎市西野町3,群馬県伊勢崎市西野町三丁目,estimated,3,36.396808,139.221885,203.8906806422034,81.821707166615,0.438479,0.197581,estimated-by-town
群馬県伊勢崎市,群馬県伊勢崎市西野町4,群馬県伊勢崎市西野町四丁目,estimated,4,36.396808,139.221885,171.12887282334876,114.7757871041224,0.438479,0.197581,estimated-by-town
群馬県伊勢崎市,群馬県伊勢崎市西野町5,群馬県伊勢崎市西野町五丁目,estimated,5,36.396808,139.221885,212.1129138269721,87.93153397956911,0.438479,0.197581,estimated-by-town
群馬県伊勢崎市,群馬県伊勢崎市西野町6,群馬県伊勢崎市西野町六丁目,estimated,6,36.396808,139.221885,179.22421289587757,73.12887282334876,0.438479,0.197581,estimated-by-town
群馬県伊勢崎市,群馬県伊勢崎市西野町7,群馬県伊勢崎市西野町七丁目,estimated,7,36.396808,139.221885,214.2502913404453,120.53723288225216,0.438479,0.197581,estimated-by-town
群馬県伊勢崎市,群馬県伊勢崎市西野町8,群馬県伊勢崎市西野町八丁目,estimated,8,36.396808,139.221885,177.53015574023027,74.35967739179833,0.438479,0.197581,estimated-by-town
群馬県伊勢崎市,群馬県伊勢崎市西野町9,群馬県伊勢崎市西野町九丁目,estimated,9,36.396808,139.221885,178.64473453846344,77.3168000357876,0.438479,0.197581,estimated-by-town
群馬県伊勢崎市,群馬県伊勢崎市西野町10,群馬県伊勢崎市西野町十丁目,estimated,10,36.396808,139.221885,181.66051797576733,110.46512155081965,0.438479,0.197581,estimated-by-town
群馬県伊勢崎市,群馬県伊勢崎市豊城町1,群馬県伊勢崎市豊城町一丁目,estimated,1,36.337194,139.222189,205.38402412462432,202.03323580136438,0.489933,0.449597,estimated-by-town
群馬県伊勢崎市,群馬県伊勢崎市豊城町2,群馬県伊勢崎市豊城町二丁目,estimated,2,36.337194,139.222189,219.0,194.0,0.489933,0.449597,estimated-by-town
群馬県伊勢崎市,群馬県伊勢崎市豊城町3,群馬県伊勢崎市豊城町三丁目,estimated,3,36.337194,139.222189,236.72653955421976,226.12566719800475,0.489933,0.449597,estimated-by-town
群馬県伊勢崎市,群馬県伊勢崎市豊城町4,群馬県伊勢崎市豊城町四丁目,estimated,4,36.337194,139.222189,208.0181106369534,198.33427264364977,0.489933,0.449597,estimated-by-town
群馬県伊勢崎市,群馬県伊勢崎市豊城町5,群馬県伊勢崎市豊城町五丁目,estimated,5,36.337194,139.222189,242.74534669237994,208.16226060147025,0.489933,0.449597,estimated-by-town
群馬県伊勢崎市,群馬県伊勢崎市豊城町6,群馬県伊勢崎市豊城町六丁目,estimated,6,36.337194,139.222189,240.0115455257798,213.6450572092566,0.489933,0.449597,estimated-by-town
群馬県伊勢崎市,群馬県伊勢崎市豊城町7,群馬県伊勢崎市豊城町七丁目,estimated,7,36.337194,139.222189,227.47877943695937,195.267162077072,0.489933,0.449597,estimated-by-town
群馬県伊勢崎市,群馬県伊勢崎市豊城町8,群馬県伊勢崎市豊城町八丁目,estimated,8,36.337194,139.222189,202.66082894954917,248.16011703836273,0.489933,0.449597,estimated-by-town
群馬県伊勢崎市,群馬県伊勢崎市豊城町9,群馬県伊勢崎市豊城町九丁目,estimated,9,36.337194,139.222189,214.01011942037377,199.52445758238866,0.489933,0.449597,estimated-by-town
群馬県伊勢崎市,群馬県伊勢崎市豊城町10,群馬県伊勢崎市豊城町十丁目,estimated,10,36.337194,139.222189,246.93179340727508,224.9531812648355,0.489933,0.449597,estimated-by-town
群馬県伊勢崎市,群馬県伊勢崎市赤堀今井町1,群馬県伊勢崎市赤堀今井町一丁目,chome,1,36.375959,139.210273,242,125,0.541387,0.252016,official-chome
群馬県伊勢崎市,群馬県伊勢崎市赤堀今井町2,群馬県伊勢崎市赤堀今井町二丁目,chome,2,36.388078,139.215084,254,94,0.568233,0.189516,official-chome
群馬県伊勢崎市,群馬県伊勢崎市赤堀今井町3,群馬県伊勢崎市赤堀今井町三丁目,estimated,3,36.3820185,139.21267849999998,270.6576946759162,120.06545654351748,0.55481,0.22076600000000002,estimated-by-town
群馬県伊勢崎市,群馬県伊勢崎市赤堀今井町4,群馬県伊勢崎市赤堀今井町四丁目,estimated,4,36.3820185,139.21267849999998,240.74234313200998,138.60887178827988,0.55481,0.22076600000000002,estimated-by-town
群馬県伊勢崎市,群馬県伊勢崎市赤堀今井町5,群馬県伊勢崎市赤堀今井町五丁目,estimated,5,36.3820185,139.21267849999998,243.31149920299288,82.91019066867038,0.55481,0.22076600000000002,estimated-by-town
群馬県伊勢崎市,群馬県伊勢崎市赤堀今井町6,群馬県伊勢崎市赤堀今井町六丁目,estimated,6,36.3820185,139.21267849999998,272.81365379103306,112.54673358512869,0.55481,0.22076600000000002,estimated-by-town
群馬県伊勢崎市,群馬県伊勢崎市赤堀今井町7,群馬県伊勢崎市赤堀今井町七丁目,estimated,7,36.3820185,139.21267849999998,220.41936102744054,100.53850716312651,0.55481,0.22076600000000002,estimated-by-town
群馬県伊勢崎市,群馬県伊勢崎市赤堀今井町8,群馬県伊勢崎市赤堀今井町八丁目,estimated,8,36.3820185,139.21267849999998,240.4942476920269,137.51184896238297,0.55481,0.22076600000000002,estimated-by-town
群馬県伊勢崎市,群馬県伊勢崎市赤堀今井町9,群馬県伊勢崎市赤堀今井町九丁目,estimated,9,36.3820185,139.21267849999998,273.96436790361895,108.13926513768347,0.55481,0.22076600000000002,estimated-by-town
群馬県伊勢崎市,群馬県伊勢崎市赤堀今井町10,群馬県伊勢崎市赤堀今井町十丁目,estimated,10,36.3820185,139.21267849999998,234.83427550755314,135.33918920146266,0.55481,0.22076600000000002,estimated-by-town
群馬県伊勢崎市,群馬県伊勢崎市赤堀鹿島町1,群馬県伊勢崎市赤堀鹿島町一丁目,estimated,1,36.385912,139.253501,202.36456911408789,87.0091270286545,0.478747,0.217742,estimated-by-town
群馬県伊勢崎市,群馬県伊勢崎市赤堀鹿島町2,群馬県伊勢崎市赤堀鹿島町二丁目,estimated,2,36.385912,139.253501,218.86214897467403,80.42538291565818,0.478747,0.217742,estimated-by-town
群馬県伊勢崎市,群馬県伊勢崎市赤堀鹿島町3,群馬県伊勢崎市赤堀鹿島町三丁目,estimated,3,36.385912,139.253501,224.95927866972693,85.53014884252082,0.478747,0.217742,estimated-by-town
群馬県伊勢崎市,群馬県伊勢崎市赤堀鹿島町4,群馬県伊勢崎市赤堀鹿島町四丁目,estimated,4,36.385912,139.253501,188.28498097893663,92.54885775269838,0.478747,0.217742,estimated-by-town
群馬県伊勢崎市,群馬県伊勢崎市赤堀鹿島町5,群馬県伊勢崎市赤堀鹿島町五丁目,estimated,5,36.385912,139.253501,191.8828948041972,92.51343621852176,0.478747,0.217742,estimated-by-town
群馬県伊勢崎市,群馬県伊勢崎市赤堀鹿島町6,群馬県伊勢崎市赤堀鹿島町六丁目,estimated,6,36.385912,139.253501,187.0,108.0,0.478747,0.217742,estimated-by-town
群馬県伊勢崎市,群馬県伊勢崎市赤堀鹿島町7,群馬県伊勢崎市赤堀鹿島町七丁目,estimated,7,36.385912,139.253501,218.06729609104602,133.67989685547357,0.478747,0.217742,estimated-by-town
群馬県伊勢崎市,群馬県伊勢崎市赤堀鹿島町8,群馬県伊勢崎市赤堀鹿島町八丁目,estimated,8,36.385912,139.253501,203.01192519474182,131.56400246295289,0.478747,0.217742,estimated-by-town
群馬県伊勢崎市,群馬県伊勢崎市赤堀鹿島町9,群馬県伊勢崎市赤堀鹿島町九丁目,estimated,9,36.385912,139.253501,187.2012539056843,104.709527728061,0.478747,0.217742,estimated-by-town
群馬県伊勢崎市,群馬県伊勢崎市赤堀鹿島町10,群馬県伊勢崎市赤堀鹿島町十丁目,estimated,10,36.385912,139.253501,231.66928930205796,111.43456191677781,0.478747,0.217742,estimated-by-town
群馬県伊勢崎市,群馬県伊勢崎市連取元町1,群馬県伊勢崎市連取元町一丁目,estimated,1,36.310266,139.180037,138.24422399760707,324.42217460914355,0.35123,0.614919,estimated-by-town
群馬県伊勢崎市,群馬県伊勢崎市連取元町2,群馬県伊勢崎市連取元町二丁目,estimated,2,36.310266,139.180037,177.78460969082653,293.0,0.35123,0.614919,estimated-by-town
群馬県伊勢崎市,群馬県伊勢崎市連取元町3,群馬県伊勢崎市連取元町三丁目,estimated,3,36.310266,139.180037,150.52952387243698,280.8518543427733,0.35123,0.614919,estimated-by-town
群馬県伊勢崎市,群馬県伊勢崎市連取元町4,群馬県伊勢崎市連取元町四丁目,estimated,4,36.310266,139.180037,156.5811422455052,281.00365531624664,0.35123,0.614919,estimated-by-town
群馬県伊勢崎市,群馬県伊勢崎市連取元町5,群馬県伊勢崎市連取元町五丁目,estimated,5,36.310266,139.180037,169.71806234159692,325.3531543077542,0.35123,0.614919,estimated-by-town
群馬県伊勢崎市,群馬県伊勢崎市連取元町6,群馬県伊勢崎市連取元町六丁目,estimated,6,36.310266,139.180037,148.0408012613675,328.33951066243003,0.35123,0.614919,estimated-by-town
群馬県伊勢崎市,群馬県伊勢崎市連取元町7,群馬県伊勢崎市連取元町七丁目,estimated,7,36.310266,139.180037,159.17889356869145,329.9048674522936,0.35123,0.614919,estimated-by-town
群馬県伊勢崎市,群馬県伊勢崎市連取元町8,群馬県伊勢崎市連取元町八丁目,estimated,8,36.310266,139.180037,172.26486573081567,295.46145324380234,0.35123,0.614919,estimated-by-town
群馬県伊勢崎市,群馬県伊勢崎市連取元町9,群馬県伊勢崎市連取元町九丁目,estimated,9,36.310266,139.180037,141.628677106876,316.167919793557,0.35123,0.614919,estimated-by-town
群馬県伊勢崎市,群馬県伊勢崎市連取元町10,群馬県伊勢崎市連取元町十丁目,estimated,10,36.310266,139.180037,166.3549427907434,326.0115455257798,0.35123,0.614919,estimated-by-town
群馬県伊勢崎市,群馬県伊勢崎市連取本町1,群馬県伊勢崎市連取本町一丁目,estimated,1,36.321637,139.177952,155.3141433158711,268.00274148718495,0.346756,0.576613,estimated-by-town
群馬県伊勢崎市,群馬県伊勢崎市連取本町2,群馬県伊勢崎市連取本町二丁目,estimated,2,36.321637,139.177952,142.2865184791817,300.1197516840705,0.346756,0.576613,estimated-by-town
群馬県伊勢崎市,群馬県伊勢崎市連取本町3,群馬県伊勢崎市連取本町三丁目,estimated,3,36.321637,139.177952,137.88098270668723,280.43769410125094,0.346756,0.576613,estimated-by-town
群馬県伊勢崎市,群馬県伊勢崎市連取本町4,群馬県伊勢崎市連取本町四丁目,estimated,4,36.321637,139.177952,137.95004099843754,267.71615745952073,0.346756,0.576613,estimated-by-town
群馬県伊勢崎市,群馬県伊勢崎市連取本町5,群馬県伊勢崎市連取本町五丁目,estimated,5,36.321637,139.177952,166.9570874299469,271.23422673231755,0.346756,0.576613,estimated-by-town
群馬県伊勢崎市,群馬県伊勢崎市連取本町6,群馬県伊勢崎市連取本町六丁目,estimated,6,36.321637,139.177952,130.3798061746948,281.65879555832674,0.346756,0.576613,estimated-by-town
群馬県伊勢崎市,群馬県伊勢崎市連取本町7,群馬県伊勢崎市連取本町七丁目,estimated,7,36.321637,139.177952,178.33951066243003,277.0408012613675,0.346756,0.576613,estimated-by-town
群馬県伊勢崎市,群馬県伊勢崎市連取本町8,群馬県伊勢崎市連取本町八丁目,estimated,8,36.321637,139.177952,134.6468456922458,273.2819376584031,0.346756,0.576613,estimated-by-town
群馬県伊勢崎市,群馬県伊勢崎市連取本町9,群馬県伊勢崎市連取本町九丁目,estimated,9,36.321637,139.177952,163.9905582419819,308.2524125096029,0.346756,0.576613,estimated-by-town
群馬県伊勢崎市,群馬県伊勢崎市連取本町10,群馬県伊勢崎市連取本町十丁目,estimated,10,36.321637,139.177952,134.50684994366753,275.55821850599045,0.346756,0.576613,estimated-by-town
群馬県伊勢崎市,群馬県伊勢崎市連取町1,群馬県伊勢崎市連取町一丁目,estimated,1,36.317458,139.182638,171.1738742499089,318.4105114900604,0.371365,0.596774,estimated-by-town
群馬県伊勢崎市,群馬県伊勢崎市連取町2,群馬県伊勢崎市連取町二丁目,estimated,2,36.317458,139.182638,152.45544754283551,278.6637634206521,0.371365,0.596774,estimated-by-town
群馬県伊勢崎市,群馬県伊勢崎市連取町3,群馬県伊勢崎市連取町三丁目,estimated,3,36.317458,139.182638,177.15062126566576,316.1162532642061,0.371365,0.596774,estimated-by-town
群馬県伊勢崎市,群馬県伊勢崎市連取町4,群馬県伊勢崎市連取町四丁目,estimated,4,36.317458,139.182638,138.06820659272492,294.0468187351645,0.371365,0.596774,estimated-by-town
群馬県伊勢崎市,群馬県伊勢崎市連取町5,群馬県伊勢崎市連取町五丁目,estimated,5,36.317458,139.182638,172.185794934686,313.96485293638705,0.371365,0.596774,estimated-by-town
群馬県伊勢崎市,群馬県伊勢崎市連取町6,群馬県伊勢崎市連取町六丁目,estimated,6,36.317458,139.182638,137.02222521132794,288.2354286469244,0.371365,0.596774,estimated-by-town
群馬県伊勢崎市,群馬県伊勢崎市連取町7,群馬県伊勢崎市連取町七丁目,estimated,7,36.317458,139.182638,167.2037269935877,318.9684792993552,0.371365,0.596774,estimated-by-town
群馬県伊勢崎市,群馬県伊勢崎市連取町8,群馬県伊勢崎市連取町八丁目,estimated,8,36.317458,139.182638,176.54974046921038,320.8536310432159,0.371365,0.596774,estimated-by-town
群馬県伊勢崎市,群馬県伊勢崎市連取町9,群馬県伊勢崎市連取町九丁目,estimated,9,36.317458,139.182638,143.22383441894388,292.79901867791847,0.371365,0.596774,estimated-by-town
群馬県伊勢崎市,群馬県伊勢崎市連取町10,群馬県伊勢崎市連取町十丁目,estimated,10,36.317458,139.182638,148.61333512679678,300.6587428118454,0.371365,0.596774,estimated-by-town
群馬県伊勢崎市,群馬県伊勢崎市野町1,群馬県伊勢崎市野町一丁目,estimated,1,36.387443,139.227539,177.06687381023656,115.84099065927889,0.449664,0.254032,estimated-by-town
群馬県伊勢崎市,群馬県伊勢崎市野町2,群馬県伊勢崎市野町二丁目,estimated,2,36.387443,139.227539,223.21528885045035,144.64084068090963,0.449664,0.254032,estimated-by-town
群馬県伊勢崎市,群馬県伊勢崎市野町3,群馬県伊勢崎市野町三丁目,estimated,3,36.387443,139.227539,178.5894885099396,131.1738742499089,0.449664,0.254032,estimated-by-town
群馬県伊勢崎市,群馬県伊勢崎市野町4,群馬県伊勢崎市野町四丁目,estimated,4,36.387443,139.227539,197.96867456523805,154.84113496567994,0.449664,0.254032,estimated-by-town
群馬県伊勢崎市,群馬県伊勢崎市野町5,群馬県伊勢崎市野町五丁目,estimated,5,36.387443,139.227539,176.09513254770636,123.82110643130855,0.449664,0.254032,estimated-by-town
群馬県伊勢崎市,群馬県伊勢崎市野町6,群馬県伊勢崎市野町六丁目,estimated,6,36.387443,139.227539,192.75753716045807,104.52765019056437,0.449664,0.254032,estimated-by-town
群馬県伊勢崎市,群馬県伊勢崎市野町7,群馬県伊勢崎市野町七丁目,estimated,7,36.387443,139.227539,212.167919793557,141.371322893124,0.449664,0.254032,estimated-by-town
群馬県伊勢崎市,群馬県伊勢崎市野町8,群馬県伊勢崎市野町八丁目,estimated,8,36.387443,139.227539,226.96114792787006,115.51101538435445,0.449664,0.254032,estimated-by-town
群馬県伊勢崎市,群馬県伊勢崎市野町9,群馬県伊勢崎市野町九丁目,estimated,9,36.387443,139.227539,228.8155156370036,114.76180219752263,0.449664,0.254032,estimated-by-town
群馬県伊勢崎市,群馬県伊勢崎市野町10,群馬県伊勢崎市野町十丁目,estimated,10,36.387443,139.227539,213.34349029814194,142.9893568818739,0.449664,0.254032,estimated-by-town
群馬県伊勢崎市,群馬県伊勢崎市長沼町1,群馬県伊勢崎市長沼町一丁目,estimated,1,36.265061,139.209077,230.93474079096305,430.34814166528554,0.480984,0.846774,estimated-by-town
群馬県伊勢崎市,群馬県伊勢崎市長沼町2,群馬県伊勢崎市長沼町二丁目,estimated,2,36.265061,139.209077,195.96753647223034,428.8749834965547,0.480984,0.846774,estimated-by-town
群馬県伊勢崎市,群馬県伊勢崎市長沼町3,群馬県伊勢崎市長沼町三丁目,estimated,3,36.265061,139.209077,226.73678906964727,397.9263101785268,0.480984,0.846774,estimated-by-town
群馬県伊勢崎市,群馬県伊勢崎市長沼町4,群馬県伊勢崎市長沼町四丁目,estimated,4,36.265061,139.209077,238.48277590247187,435.2498929804208,0.480984,0.846774,estimated-by-town
群馬県伊勢崎市,群馬県伊勢崎市長沼町5,群馬県伊勢崎市長沼町五丁目,estimated,5,36.265061,139.209077,213.42992131271168,390.04111395736277,0.480984,0.846774,estimated-by-town
群馬県伊勢崎市,群馬県伊勢崎市長沼町6,群馬県伊勢崎市長沼町六丁目,estimated,6,36.265061,139.209077,200.89315394498064,439.41640786499875,0.480984,0.846774,estimated-by-town
群馬県伊勢崎市,群馬県伊勢崎市長沼町7,群馬県伊勢崎市長沼町七丁目,estimated,7,36.265061,139.209077,193.19456523341898,405.8393850896093,0.480984,0.846774,estimated-by-town
群馬県伊勢崎市,群馬県伊勢崎市長沼町8,群馬県伊勢崎市長沼町八丁目,estimated,8,36.265061,139.209077,202.7440704095197,446.28292582406283,0.480984,0.846774,estimated-by-town
群馬県伊勢崎市,群馬県伊勢崎市長沼町9,群馬県伊勢崎市長沼町九丁目,estimated,9,36.265061,139.209077,222.41640786499875,397.1746436089163,0.480984,0.846774,estimated-by-town
群馬県伊勢崎市,群馬県伊勢崎市長沼町10,群馬県伊勢崎市長沼町十丁目,estimated,10,36.265061,139.209077,231.4438182375668,412.6787404246356,0.480984,0.846774,estimated-by-town
群馬県伊勢崎市,群馬県伊勢崎市間野谷町1,群馬県伊勢崎市間野谷町一丁目,estimated,1,36.380676,139.2619,225.99541791680386,69.08752194388985,0.510067,0.185484,estimated-by-town
群馬県伊勢崎市,群馬県伊勢崎市間野谷町2,群馬県伊勢崎市間野谷町二丁目,estimated,2,36.380676,139.2619,220.83342874875802,67.00719590560371,0.510067,0.185484,estimated-by-town
群馬県伊勢崎市,群馬県伊勢崎市間野谷町3,群馬県伊勢崎市間野谷町三丁目,estimated,3,36.380676,139.2619,208.98480375790157,74.26804263837505,0.510067,0.185484,estimated-by-town
群馬県伊勢崎市,群馬県伊勢崎市間野谷町4,群馬県伊勢崎市間野谷町四丁目,estimated,4,36.380676,139.2619,248.72593931387604,78.02017741323132,0.510067,0.185484,estimated-by-town
群馬県伊勢崎市,群馬県伊勢崎市間野谷町5,群馬県伊勢崎市間野谷町五丁目,estimated,5,36.380676,139.2619,210.92291312031583,100.32905178899247,0.510067,0.185484,estimated-by-town
群馬県伊勢崎市,群馬県伊勢崎市間野谷町6,群馬県伊勢崎市間野谷町六丁目,estimated,6,36.380676,139.2619,241.4350288425444,78.56497115745559,0.510067,0.185484,estimated-by-town
群馬県伊勢崎市,群馬県伊勢崎市間野谷町7,群馬県伊勢崎市間野谷町七丁目,estimated,7,36.380676,139.2619,203.0071959056037,99.16657125124198,0.510067,0.185484,estimated-by-town
群馬県伊勢崎市,群馬県伊勢崎市間野谷町8,群馬県伊勢崎市間野谷町八丁目,estimated,8,36.380676,139.2619,244.9609619231285,102.59838528466409,0.510067,0.185484,estimated-by-town
群馬県伊勢崎市,群馬県伊勢崎市間野谷町9,群馬県伊勢崎市間野谷町九丁目,estimated,9,36.380676,139.2619,247.95128100519648,90.60487052511749,0.510067,0.185484,estimated-by-town
群馬県伊勢崎市,群馬県伊勢崎市間野谷町10,群馬県伊勢崎市間野谷町十丁目,estimated,10,36.380676,139.2619,217.4016147153359,75.03903807687148,0.510067,0.185484,estimated-by-town
群馬県伊勢崎市,群馬県伊勢崎市阿弥大寺町1,群馬県伊勢崎市阿弥大寺町一丁目,estimated,1,36.302409,139.165799,209.41640786499875,345.89315394498067,0.425056,0.725806,estimated-by-town
群馬県伊勢崎市,群馬県伊勢崎市阿弥大寺町2,群馬県伊勢崎市阿弥大寺町二丁目,estimated,2,36.302409,139.165799,219.34442802201417,353.7626492754672,0.425056,0.725806,estimated-by-town
群馬県伊勢崎市,群馬県伊勢崎市阿弥大寺町3,群馬県伊勢崎市阿弥大寺町三丁目,estimated,3,36.302409,139.165799,196.51136308914312,341.08962848801366,0.425056,0.725806,estimated-by-town
群馬県伊勢崎市,群馬県伊勢崎市阿弥大寺町4,群馬県伊勢崎市阿弥大寺町四丁目,estimated,4,36.302409,139.165799,211.7513868888796,370.1428382817768,0.425056,0.725806,estimated-by-town
群馬県伊勢崎市,群馬県伊勢崎市阿弥大寺町5,群馬県伊勢崎市阿弥大寺町五丁目,estimated,5,36.302409,139.165799,192.97225483576437,341.2339215286924,0.425056,0.725806,estimated-by-town
群馬県伊勢崎市,群馬県伊勢崎市阿弥大寺町6,群馬県伊勢崎市阿弥大寺町六丁目,estimated,6,36.302409,139.165799,184.13977321977117,377.0193343607877,0.425056,0.725806,estimated-by-town
群馬県伊勢崎市,群馬県伊勢崎市阿弥大寺町7,群馬県伊勢崎市阿弥大寺町七丁目,estimated,7,36.302409,139.165799,216.1979846094519,353.46810881880896,0.425056,0.725806,estimated-by-town
群馬県伊勢崎市,群馬県伊勢崎市阿弥大寺町8,群馬県伊勢崎市阿弥大寺町八丁目,estimated,8,36.302409,139.165799,184.04716196264204,337.78370599535145,0.425056,0.725806,estimated-by-town
群馬県伊勢崎市,群馬県伊勢崎市阿弥大寺町9,群馬県伊勢崎市阿弥大寺町九丁目,estimated,9,36.302409,139.165799,218.46718831998226,365.5334608659198,0.425056,0.725806,estimated-by-town
群馬県伊勢崎市,群馬県伊勢崎市阿弥大寺町10,群馬県伊勢崎市阿弥大寺町十丁目,estimated,10,36.302409,139.165799,214.2674392500775,371.8360209633051,0.425056,0.725806,estimated-by-town
群馬県伊勢崎市,群馬県伊勢崎市除ケ町1,群馬県伊勢崎市除ケ町一丁目,estimated,1,36.283253,139.192253,184.66840427769162,356.00289379202854,0.41387,0.756048,estimated-by-town
群馬県伊勢崎市,群馬県伊勢崎市除ケ町2,群馬県伊勢崎市除ケ町二丁目,estimated,2,36.283253,139.192253,160.64074838036913,369.3762236414034,0.41387,0.756048,estimated-by-town
群馬県伊勢崎市,群馬県伊勢崎市除ケ町3,群馬県伊勢崎市除ケ町三丁目,estimated,3,36.283253,139.192253,203.98842571336283,374.33690956265247,0.41387,0.756048,estimated-by-town
群馬県伊勢崎市,群馬県伊勢崎市除ケ町4,群馬県伊勢崎市除ケ町四丁目,estimated,4,36.283253,139.192253,155.55118449657007,369.27573013870364,0.41387,0.756048,estimated-by-town
群馬県伊勢崎市,群馬県伊勢崎市除ケ町5,群馬県伊勢崎市除ケ町五丁目,estimated,5,36.283253,139.192253,204.45043437285193,354.8584855905178,0.41387,0.756048,estimated-by-town
群馬県伊勢崎市,群馬県伊勢崎市除ケ町6,群馬県伊勢崎市除ケ町六丁目,estimated,6,36.283253,139.192253,185.34904812874566,355.0030460968722,0.41387,0.756048,estimated-by-town
群馬県伊勢崎市,群馬県伊勢崎市除ケ町7,群馬県伊勢崎市除ケ町七丁目,estimated,7,36.283253,139.192253,163.48075278385627,379.5740571979907,0.41387,0.756048,estimated-by-town
群馬県伊勢崎市,群馬県伊勢崎市除ケ町8,群馬県伊勢崎市除ケ町八丁目,estimated,8,36.283253,139.192253,203.36861673108774,361.1582544675029,0.41387,0.756048,estimated-by-town
群馬県伊勢崎市,群馬県伊勢崎市除ケ町9,群馬県伊勢崎市除ケ町九丁目,estimated,9,36.283253,139.192253,187.82226850822664,348.1479088250566,0.41387,0.756048,estimated-by-town
群馬県伊勢崎市,群馬県伊勢崎市除ケ町10,群馬県伊勢崎市除ケ町十丁目,estimated,10,36.283253,139.192253,200.371322893124,386.16791979355696,0.41387,0.756048,estimated-by-town
群馬県伊勢崎市,群馬県伊勢崎市韮塚町1,群馬県伊勢崎市韮塚町一丁目,estimated,1,36.306943,139.17467,138.0260388396631,323.0056168313841,0.35123,0.653226,estimated-by-town
群馬県伊勢崎市,群馬県伊勢崎市韮塚町2,群馬県伊勢崎市韮塚町二丁目,estimated,2,36.306943,139.17467,153.9532664148713,299.18634620896694,0.35123,0.653226,estimated-by-town
群馬県伊勢崎市,群馬県伊勢崎市韮塚町3,群馬県伊勢崎市韮塚町三丁目,estimated,3,36.306943,139.17467,128.99258720508396,334.751038486359,0.35123,0.653226,estimated-by-town
群馬県伊勢崎市,群馬県伊勢崎市韮塚町4,群馬県伊勢崎市韮塚町四丁目,estimated,4,36.306943,139.17467,147.30380759507327,341.49239414278793,0.35123,0.653226,estimated-by-town
群馬県伊勢崎市,群馬県伊勢崎市韮塚町5,群馬県伊勢崎市韮塚町五丁目,estimated,5,36.306943,139.17467,153.70952772806103,350.7987460943157,0.35123,0.653226,estimated-by-town
群馬県伊勢崎市,群馬県伊勢崎市韮塚町6,群馬県伊勢崎市韮塚町六丁目,estimated,6,36.306943,139.17467,158.46488594862663,303.05115494454367,0.35123,0.653226,estimated-by-town
群馬県伊勢崎市,群馬県伊勢崎市韮塚町7,群馬県伊勢崎市韮塚町七丁目,estimated,7,36.306943,139.17467,184.84661307031166,326.9267969714943,0.35123,0.653226,estimated-by-town
群馬県伊勢崎市,群馬県伊勢崎市韮塚町8,群馬県伊勢崎市韮塚町八丁目,estimated,8,36.306943,139.17467,175.06111763193394,342.70283480880494,0.35123,0.653226,estimated-by-town
群馬県伊勢崎市,群馬県伊勢崎市韮塚町9,群馬県伊勢崎市韮塚町九丁目,estimated,9,36.306943,139.17467,164.5057523079731,295.988151037617,0.35123,0.653226,estimated-by-town
群馬県伊勢崎市,群馬県伊勢崎市韮塚町10,群馬県伊勢崎市韮塚町十丁目,estimated,10,36.306943,139.17467,147.8840916751996,350.47452011678087,0.35123,0.653226,estimated-by-town
群馬県伊勢崎市,群馬県伊勢崎市飯島町1,群馬県伊勢崎市飯島町一丁目,estimated,1,36.26541,139.221738,156.46133883386577,378.9508810218104,0.389262,0.772177,estimated-by-town
群馬県伊勢崎市,群馬県伊勢崎市飯島町2,群馬県伊勢崎市飯島町二丁目,estimated,2,36.26541,139.221738,180.2116570824605,406.18221983093764,0.389262,0.772177,estimated-by-town
群馬県伊勢崎市,群馬県伊勢崎市飯島町3,群馬県伊勢崎市飯島町三丁目,estimated,3,36.26541,139.221738,151.04868585688715,390.0169209133457,0.389262,0.772177,estimated-by-town
群馬県伊勢崎市,群馬県伊勢崎市飯島町4,群馬県伊勢崎市飯島町四丁目,estimated,4,36.26541,139.221738,169.05107680443498,404.4361414252752,0.389262,0.772177,estimated-by-town
群馬県伊勢崎市,群馬県伊勢崎市飯島町5,群馬県伊勢崎市飯島町五丁目,estimated,5,36.26541,139.221738,187.16572449244686,357.16081079853734,0.389262,0.772177,estimated-by-town
群馬県伊勢崎市,群馬県伊勢崎市飯島町6,群馬県伊勢崎市飯島町六丁目,estimated,6,36.26541,139.221738,170.34391969784556,353.22361545076035,0.389262,0.772177,estimated-by-town
群馬県伊勢崎市,群馬県伊勢崎市飯島町7,群馬県伊勢崎市飯島町七丁目,estimated,7,36.26541,139.221738,144.2919579377529,378.82480697119803,0.389262,0.772177,estimated-by-town
群馬県伊勢崎市,群馬県伊勢崎市飯島町8,群馬県伊勢崎市飯島町八丁目,estimated,8,36.26541,139.221738,154.39785646785592,392.98779099427003,0.389262,0.772177,estimated-by-town
群馬県伊勢崎市,群馬県伊勢崎市飯島町9,群馬県伊勢崎市飯島町九丁目,estimated,9,36.26541,139.221738,175.3083989060736,407.9657383688643,0.389262,0.772177,estimated-by-town
群馬県伊勢崎市,群馬県伊勢崎市飯島町10,群馬県伊勢崎市飯島町十丁目,estimated,10,36.26541,139.221738,192.75577600239293,363.57782539085645,0.389262,0.772177,estimated-by-town
群馬県伊勢崎市,群馬県伊勢崎市香林町1,群馬県伊勢崎市香林町一丁目,chome,1,36.388123,139.241011,321,94,0.718121,0.189516,official-chome
群馬県伊勢崎市,群馬県伊勢崎市香林町2,群馬県伊勢崎市香林町二丁目,chome,2,36.399727,139.246789,335,65,0.749441,0.131048,official-chome
群馬県伊勢崎市,群馬県伊勢崎市香林町3,群馬県伊勢崎市香林町三丁目,estimated,3,36.393924999999996,139.2439,340.67854785222096,52.31076638890049,0.733781,0.16028199999999998,estimated-by-town
群馬県伊勢崎市,群馬県伊勢崎市香林町4,群馬県伊勢崎市香林町四丁目,estimated,4,36.393924999999996,139.2439,321.5678224960998,100.53870463118679,0.733781,0.16028199999999998,estimated-by-town
群馬県伊勢崎市,群馬県伊勢崎市香林町5,群馬県伊勢崎市香林町五丁目,estimated,5,36.393924999999996,139.2439,312.31403771856253,96.32113513724093,0.733781,0.16028199999999998,estimated-by-town
群馬県伊勢崎市,群馬県伊勢崎市香林町6,群馬県伊勢崎市香林町六丁目,estimated,6,36.393924999999996,139.2439,308.22204755818757,100.70925734695595,0.733781,0.16028199999999998,estimated-by-town
群馬県伊勢崎市,群馬県伊勢崎市香林町7,群馬県伊勢崎市香林町七丁目,estimated,7,36.393924999999996,139.2439,346.26397222282804,84.73710976052298,0.733781,0.16028199999999998,estimated-by-town
群馬県伊勢崎市,群馬県伊勢崎市香林町8,群馬県伊勢崎市香林町八丁目,estimated,8,36.393924999999996,139.2439,339.33120272618896,106.19464075012077,0.733781,0.16028199999999998,estimated-by-town
群馬県伊勢崎市,群馬県伊勢崎市香林町9,群馬県伊勢崎市香林町九丁目,estimated,9,36.393924999999996,139.2439,330.8029948983184,102.3285614877504,0.733781,0.16028199999999998,estimated-by-town
群馬県伊勢崎市,群馬県伊勢崎市香林町10,群馬県伊勢崎市香林町十丁目,estimated,10,36.393924999999996,139.2439,344.3200651905964,92.71572821204659,0.733781,0.16028199999999998,estimated-by-town
群馬県伊勢崎市,群馬県伊勢崎市馬見塚町1,群馬県伊勢崎市馬見塚町一丁目,estimated,1,36.280319,139.214922,244.94397315597595,374.6043988961149,0.496644,0.752016,estimated-by-town
群馬県伊勢崎市,群馬県伊勢崎市馬見塚町2,群馬県伊勢崎市馬見塚町二丁目,estimated,2,36.280319,139.214922,233.80375299322822,349.8338303711024,0.496644,0.752016,estimated-by-town
群馬県伊勢崎市,群馬県伊勢崎市馬見塚町3,群馬県伊勢崎市馬見塚町三丁目,estimated,3,36.280319,139.214922,203.26434302195196,352.191944886633,0.496644,0.752016,estimated-by-town
群馬県伊勢崎市,群馬県伊勢崎市馬見塚町4,群馬県伊勢崎市馬見塚町四丁目,estimated,4,36.280319,139.214922,218.5654380832222,390.66928930205796,0.496644,0.752016,estimated-by-town
群馬県伊勢崎市,群馬県伊勢崎市馬見塚町5,群馬県伊勢崎市馬見塚町五丁目,estimated,5,36.280319,139.214922,211.01192519474182,396.5640024629529,0.496644,0.752016,estimated-by-town
群馬県伊勢崎市,群馬県伊勢崎市馬見塚町6,群馬県伊勢崎市馬見塚町六丁目,estimated,6,36.280319,139.214922,213.67094821100753,390.07708687968415,0.496644,0.752016,estimated-by-town
群馬県伊勢崎市,群馬県伊勢崎市馬見塚町7,群馬県伊勢崎市馬見塚町七丁目,estimated,7,36.280319,139.214922,235.54455245716449,355.6637634206521,0.496644,0.752016,estimated-by-town
群馬県伊勢崎市,群馬県伊勢崎市馬見塚町8,群馬県伊勢崎市馬見塚町八丁目,estimated,8,36.280319,139.214922,238.9893568818739,360.65650970185806,0.496644,0.752016,estimated-by-town
群馬県伊勢崎市,群馬県伊勢崎市馬見塚町9,群馬県伊勢崎市馬見塚町九丁目,estimated,9,36.280319,139.214922,231.3651648353978,396.1795963641697,0.496644,0.752016,estimated-by-town
群馬県伊勢崎市,群馬県伊勢崎市馬見塚町10,群馬県伊勢崎市馬見塚町十丁目,estimated,10,36.280319,139.214922,247.36397150704246,387.0594789871438,0.496644,0.752016,estimated-by-town
群馬県伊勢崎市,群馬県伊勢崎市鹿島町1,群馬県伊勢崎市鹿島町一丁目,estimated,1,36.339247,139.204498,184.1416231188149,213.6844824753022,0.454139,0.435484,estimated-by-town
群馬県伊勢崎市,群馬県伊勢崎市鹿島町2,群馬県伊勢崎市鹿島町二丁目,estimated,2,36.339247,139.204498,196.50161727681228,198.14584020506774,0.454139,0.435484,estimated-by-town
群馬県伊勢崎市,群馬県伊勢崎市鹿島町3,群馬県伊勢崎市鹿島町三丁目,estimated,3,36.339247,139.204498,212.3894312557178,198.34104814282145,0.454139,0.435484,estimated-by-town
群馬県伊勢崎市,群馬県伊勢崎市鹿島町4,群馬県伊勢崎市鹿島町四丁目,estimated,4,36.339247,139.204498,196.66034081620901,193.89098099341865,0.454139,0.435484,estimated-by-town
群馬県伊勢崎市,群馬県伊勢崎市鹿島町5,群馬県伊勢崎市鹿島町五丁目,estimated,5,36.339247,139.204498,207.69303395120693,186.36934978214586,0.454139,0.435484,estimated-by-town
群馬県伊勢崎市,群馬県伊勢崎市鹿島町6,群馬県伊勢崎市鹿島町六丁目,estimated,6,36.339247,139.204498,181.55075559266862,198.0019469287769,0.454139,0.435484,estimated-by-town
群馬県伊勢崎市,群馬県伊勢崎市鹿島町7,群馬県伊勢崎市鹿島町七丁目,estimated,7,36.339247,139.204498,225.64128740668315,235.68177086971522,0.454139,0.435484,estimated-by-town
群馬県伊勢崎市,群馬県伊勢崎市鹿島町8,群馬県伊勢崎市鹿島町八丁目,estimated,8,36.339247,139.204498,188.07732369400924,226.06547226247343,0.454139,0.435484,estimated-by-town
群馬県伊勢崎市,群馬県伊勢崎市鹿島町9,群馬県伊勢崎市鹿島町九丁目,estimated,9,36.339247,139.204498,223.4788011072248,201.66058909122384,0.454139,0.435484,estimated-by-town
群馬県伊勢崎市,群馬県伊勢崎市鹿島町10,群馬県伊勢崎市鹿島町十丁目,estimated,10,36.339247,139.204498,188.88024831592952,203.2865184791817,0.454139,0.435484,estimated-by-town
