date,user_name
2025-04-01,阿左美　武子
2025-04-01,新井　明
2025-04-01,新井　幸子
2025-04-01,五十嵐　和郎
2025-04-01,今村　春江
2025-04-01,大澤　博
2025-04-01,大関　定男
2025-04-01,女屋　昭治
2025-04-01,片山　サヨ子
2025-04-01,金井　英明
2025-04-01,菊川　美枝子
2025-04-01,菊池　二三男
2025-04-01,木暮　禮子
2025-04-01,木村　延明
2025-04-01,ｸﾞｴﾝ･ﾁｰ・　ﾆｭﾝ
2025-04-01,NGUYEN　THI KIM HONG
2025-04-01,小山　仁一郎
2025-04-01,齊藤　敦
2025-04-01,齋藤　節子
2025-04-01,清水　覚
2025-04-01,須藤　志成幸
2025-04-01,関口　雅久
2025-04-01,関口　靖子
2025-04-01,髙橋　洋
2025-04-01,古澤　利子
2025-04-01,本木　初江
2025-04-01,森　泰江
2025-04-01,渡邉　昭
2025-04-02,新井　基雄
2025-04-02,井開　重男
2025-04-02,石井　清子
2025-04-02,生形　宏
2025-04-02,大沢　正己
2025-04-02,尾内　則夫
2025-04-02,小野　利明
2025-04-02,鯉登　和子
2025-04-02,後藤　俊治
2025-04-02,小林　眞代
2025-04-02,小屋　知紀
2025-04-02,齋藤　アヤ
2025-04-02,齋藤　時子
2025-04-02,齋藤　典之
2025-04-02,佐藤　光男
2025-04-02,髙栁　テル子
2025-04-02,中島　喜作
2025-04-02,中野　るみ子
2025-04-02,箱田　惠美子
2025-04-02,原　貴美子
2025-04-02,原嶋　キン
2025-04-02,藤生　宣男
2025-04-02,松江　光子
2025-04-02,松村　君江
2025-04-02,宮田　初江
2025-04-02,村岡　洋一
2025-04-02,森　洋美
2025-04-02,矢内　弘司
2025-04-02,横堀　喜一
2025-04-02,吉田　雅志
2025-04-02,六本木　利彦
2025-04-03,新井　常子
2025-04-03,五十嵐　和郎
2025-04-03,井口　喜恵夫
2025-04-03,岩沼　百合子
2025-04-03,小椋　正美
2025-04-03,小此木　智浩
2025-04-03,川端　キヨ子
2025-04-03,菊川　美枝子
2025-04-03,菊池　二三男
2025-04-03,木村　延明
2025-04-03,ｸﾞｴﾝ･ﾁｰ・　ﾆｭﾝ
2025-04-03,鯉登　和子
2025-04-03,小林　壯吉
2025-04-03,小山　仁一郎
2025-04-03,齋藤　節子
2025-04-03,鈴木　清江
2025-04-03,関口　雅久
2025-04-03,関口　靖子
2025-04-03,髙橋　歳一
2025-04-03,髙橋　洋
2025-04-03,髙山　昭房
2025-04-03,箱田　惠美子
2025-04-03,原嶋　キン
2025-04-03,原　久榮
2025-04-03,森　泰江
2025-04-04,阿左美　武子
2025-04-04,新井　明
2025-04-04,新井　幸子
2025-04-04,新井　孝子
2025-04-04,今村　春江
2025-04-04,岩沼　百合子
2025-04-04,大島　良之
2025-04-04,女屋　昭治
2025-04-04,小野　利明
2025-04-04,片山　サヨ子
2025-04-04,加藤　正
2025-04-04,菊池　二三男
2025-04-04,小屋　知紀
2025-04-04,齊藤　敦
2025-04-04,齋藤　典之
2025-04-04,坂口　和巳
2025-04-04,千保木　みつ江
2025-04-04,鶴田　聡
2025-04-04,南雲　勝代
2025-04-04,萩原　勝巳
2025-04-04,藤田　祐公
2025-04-04,古澤　利子
2025-04-04,松江　光子
2025-04-04,矢内　弘司
2025-04-04,横堀　喜一
2025-04-04,渡邉　昭
2025-04-05,新井　基雄
2025-04-05,五十嵐　美知子
2025-04-05,石井　清子
2025-04-05,井上　光子
2025-04-05,生形　宏
2025-04-05,大沢　正己
2025-04-05,大関　定男
2025-04-05,奥原　孝子
2025-04-05,小此木　智浩
2025-04-05,尾内　則夫
2025-04-05,小保方　三四子
2025-04-05,金井　英明
2025-04-05,後藤　俊治
2025-04-05,小林　壯吉
2025-04-05,小林　眞代
2025-04-05,齋藤　アヤ
2025-04-05,齋藤　民江
2025-04-05,髙栁　テル子
2025-04-05,中島　昭子
2025-04-05,根岸　一郎
2025-04-05,藤生　宣男
2025-04-05,眞嶋　清子
2025-04-05,松村　君江
2025-04-05,宮田　初江
2025-04-05,村岡　洋一
2025-04-05,本木　初江
2025-04-05,大和　米秋
2025-04-05,横澤　英子
2025-04-05,六本木　利彦
2025-04-07,新井　常子
2025-04-07,井開　重男
2025-04-07,岩沼　百合子
2025-04-07,大島　良之
2025-04-07,小椋　正美
2025-04-07,加藤　正
2025-04-07,小屋　知紀
2025-04-07,齋藤　民江
2025-04-07,齋藤　時子
2025-04-07,齋藤　典之
2025-04-07,坂口　和巳
2025-04-07,佐藤　光男
2025-04-07,鈴木　清江
2025-04-07,関口　雅久
2025-04-07,鶴田　聡
2025-04-07,中島　葉子
2025-04-07,南雲　勝代
2025-04-07,根岸　ヨネ子
2025-04-07,萩原　勝巳
2025-04-07,箱田　惠美子
2025-04-07,原　久榮
2025-04-07,藤田　祐公
2025-04-07,丸橋　美榮子
2025-04-07,森　泰江
2025-04-07,吉田　雅志
2025-04-08,阿左美　武子
2025-04-08,新井　明
2025-04-08,五十嵐　和郎
2025-04-08,五十嵐　美知子
2025-04-08,今村　春江
2025-04-08,大関　定男
2025-04-08,女屋　昭治
2025-04-08,小保方　三四子
2025-04-08,片山　サヨ子
2025-04-08,金井　英明
2025-04-08,菊川　美枝子
2025-04-08,菊池　二三男
2025-04-08,木暮　禮子
2025-04-08,木村　延明
2025-04-08,ｸﾞｴﾝ･ﾁｰ・　ﾆｭﾝ
2025-04-08,NGUYEN　THI KIM HONG
2025-04-08,小山　仁一郎
2025-04-08,齊藤　敦
2025-04-08,齋藤　節子
2025-04-08,清水　覚
2025-04-08,須藤　志成幸
2025-04-08,関口　雅久
2025-04-08,関口　靖子
2025-04-08,髙橋　洋
2025-04-08,田村　タマ
2025-04-08,古澤　利子
2025-04-08,本木　初江
2025-04-08,渡邉　昭
2025-04-09,新井　基雄
2025-04-09,井開　重男
2025-04-09,石井　清子
2025-04-09,生形　宏
2025-04-09,大沢　正己
2025-04-09,尾内　則夫
2025-04-09,小野　利明
2025-04-09,倉林　晶子
2025-04-09,鯉登　和子
2025-04-09,後藤　俊治
2025-04-09,小林　眞代
2025-04-09,齋藤　アヤ
2025-04-09,齋藤　時子
2025-04-09,齋藤　典之
2025-04-09,佐藤　光男
2025-04-09,髙栁　テル子
2025-04-09,中島　喜作
2025-04-09,根岸　一郎
2025-04-09,箱田　惠美子
2025-04-09,原嶋　キン
2025-04-09,藤生　宣男
2025-04-09,松江　光子
2025-04-09,松村　君江
2025-04-09,村岡　洋一
2025-04-09,森　洋美
2025-04-09,矢内　弘司
2025-04-09,大和　米秋
2025-04-09,横堀　喜一
2025-04-09,吉田　雅志
2025-04-09,六本木　利彦
2025-04-10,新井　常子
2025-04-10,五十嵐　和郎
2025-04-10,岩沼　百合子
2025-04-10,小椋　正美
2025-04-10,小此木　智浩
2025-04-10,川端　キヨ子
2025-04-10,菊川　美枝子
2025-04-10,菊池　二三男
2025-04-10,木村　延明
2025-04-10,ｸﾞｴﾝ･ﾁｰ・　ﾆｭﾝ
2025-04-10,NGUYEN　THI KIM HONG
2025-04-10,鯉登　和子
2025-04-10,小林　壯吉
2025-04-10,小山　仁一郎
2025-04-10,齋藤　節子
2025-04-10,櫻井　敬祐
2025-04-10,鈴木　清江
2025-04-10,関口　雅久
2025-04-10,関口　靖子
2025-04-10,髙橋　歳一
2025-04-10,髙橋　洋
2025-04-10,髙山　昭房
2025-04-10,根岸　ヨネ子
2025-04-10,原嶋　キン
2025-04-10,星野　卓也
2025-04-10,眞嶋　清子
2025-04-10,本山　二郎
2025-04-10,森　泰江
2025-04-10,横澤　英子
2025-04-11,阿左美　武子
2025-04-11,新井　明
2025-04-11,新井　幸子
2025-04-11,今村　春江
2025-04-11,岩沼　百合子
2025-04-11,大島　良之
2025-04-11,女屋　昭治
2025-04-11,小野　利明
2025-04-11,片山　サヨ子
2025-04-11,加藤　正
2025-04-11,菊池　二三男
2025-04-11,倉林　晶子
2025-04-11,齊藤　敦
2025-04-11,坂口　和巳
2025-04-11,佐藤　光男
2025-04-11,千保木　みつ江
2025-04-11,鶴田　聡
2025-04-11,中島　葉子
2025-04-11,中野　るみ子
2025-04-11,南雲　勝代
2025-04-11,萩原　勝巳
2025-04-11,藤田　祐公
2025-04-11,古澤　利子
2025-04-11,松江　光子
2025-04-11,矢内　弘司
2025-04-11,横堀　喜一
2025-04-11,渡邉　昭
2025-04-12,新井　基雄
2025-04-12,石井　清子
2025-04-12,井上　光子
2025-04-12,生形　宏
2025-04-12,大澤　博
2025-04-12,大沢　正己
2025-04-12,大嶋　好江
2025-04-12,大関　定男
2025-04-12,奥原　孝子
2025-04-12,小此木　智浩
2025-04-12,尾内　則夫
2025-04-12,小保方　三四子
2025-04-12,金井　英明
2025-04-12,後藤　俊治
2025-04-12,小林　壯吉
2025-04-12,小林　眞代
2025-04-12,齋藤　アヤ
2025-04-12,髙栁　テル子
2025-04-12,田村　タマ
2025-04-12,中島　昭子
2025-04-12,箱田　惠美子
2025-04-12,藤生　宣男
2025-04-12,堀田　益男
2025-04-12,眞嶋　清子
2025-04-12,松村　君江
2025-04-12,村岡　洋一
2025-04-12,大和　米秋
2025-04-12,六本木　利彦
2025-04-14,新井　孝子
2025-04-14,新井　常子
2025-04-14,井開　重男
2025-04-14,岩沼　百合子
2025-04-14,大島　良之
2025-04-14,小椋　正美
2025-04-14,加藤　正
2025-04-14,小屋　知紀
2025-04-14,齋藤　民江
2025-04-14,齋藤　時子
2025-04-14,齋藤　典之
2025-04-14,坂口　和巳
2025-04-14,鈴木　清江
2025-04-14,鶴田　聡
2025-04-14,中島　葉子
2025-04-14,中野　るみ子
2025-04-14,南雲　勝代
2025-04-14,根岸　ヨネ子
2025-04-14,萩原　勝巳
2025-04-14,箱田　惠美子
2025-04-14,八田　里江
2025-04-14,原　久榮
2025-04-14,藤田　祐公
2025-04-14,堀田　益男
2025-04-14,松本　俊史
2025-04-14,森　泰江
2025-04-14,吉田　雅志
2025-04-15,阿左美　武子
2025-04-15,新井　明
2025-04-15,新井　幸子
2025-04-15,五十嵐　和郎
2025-04-15,今村　春江
2025-04-15,大関　定男
2025-04-15,女屋　昭治
2025-04-15,小保方　三四子
2025-04-15,片山　サヨ子
2025-04-15,菊川　美枝子
2025-04-15,菊池　二三男
2025-04-15,木暮　禮子
2025-04-15,木村　延明
2025-04-15,ｸﾞｴﾝ･ﾁｰ・　ﾆｭﾝ
2025-04-15,NGUYEN　THI KIM HONG
2025-04-15,小山　仁一郎
2025-04-15,齊藤　敦
2025-04-15,齋藤　節子
2025-04-15,佐藤　光男
2025-04-15,清水　覚
2025-04-15,須藤　志成幸
2025-04-15,関口　雅久
2025-04-15,関口　靖子
2025-04-15,田村　タマ
2025-04-15,古澤　利子
2025-04-15,渡邉　昭
2025-04-16,新井　基雄
2025-04-16,井開　重男
2025-04-16,石井　清子
2025-04-16,生形　宏
2025-04-16,大沢　正己
2025-04-16,尾内　則夫
2025-04-16,小野　利明
2025-04-16,鯉登　和子
2025-04-16,後藤　俊治
2025-04-16,齋藤　アヤ
2025-04-16,齋藤　時子
2025-04-16,齋藤　典之
2025-04-16,佐藤　光男
2025-04-16,髙栁　テル子
2025-04-16,中澤　正雄
2025-04-16,中島　喜作
2025-04-16,中野　るみ子
2025-04-16,箱田　惠美子
2025-04-16,原　貴美子
2025-04-16,原嶋　キン
2025-04-16,藤生　宣男
2025-04-16,堀田　益男
2025-04-16,松江　光子
2025-04-16,松村　君江
2025-04-16,村岡　洋一
2025-04-16,森　洋美
2025-04-16,矢内　弘司
2025-04-16,大和　米秋
2025-04-16,横堀　喜一
2025-04-16,吉田　雅志
2025-04-16,六本木　利彦
2025-04-17,新井　常子
2025-04-17,岩沼　百合子
2025-04-17,小椋　正美
2025-04-17,小此木　智浩
2025-04-17,川端　キヨ子
2025-04-17,菊川　美枝子
2025-04-17,菊池　二三男
2025-04-17,木村　延明
2025-04-17,ｸﾞｴﾝ･ﾁｰ・　ﾆｭﾝ
2025-04-17,NGUYEN　THI KIM HONG
2025-04-17,小林　壯吉
2025-04-17,小山　仁一郎
2025-04-17,齋藤　節子
2025-04-17,櫻井　敬祐
2025-04-17,鈴木　清江
2025-04-17,髙橋　洋
2025-04-17,髙山　昭房
2025-04-17,中澤　正雄
2025-04-17,根岸　ヨネ子
2025-04-17,原嶋　キン
2025-04-17,原　久榮
2025-04-17,眞嶋　清子
2025-04-17,本山　二郎
2025-04-17,森　泰江
2025-04-18,阿左美　武子
2025-04-18,新井　明
2025-04-18,新井　孝子
2025-04-18,今村　春江
2025-04-18,大島　良之
2025-04-18,女屋　昭治
2025-04-18,小野　利明
2025-04-18,片山　サヨ子
2025-04-18,加藤　正
2025-04-18,倉林　晶子
2025-04-18,小屋　知紀
2025-04-18,齋藤　典之
2025-04-18,坂口　和巳
2025-04-18,佐藤　光男
2025-04-18,千保木　みつ江
2025-04-18,鶴田　聡
2025-04-18,南雲　勝代
2025-04-18,萩原　勝巳
2025-04-18,箱田　惠美子
2025-04-18,八田　里江
2025-04-18,藤田　祐公
2025-04-18,古澤　利子
2025-04-18,松江　光子
2025-04-18,矢内　弘司
2025-04-18,横堀　喜一
2025-04-18,渡邉　昭
2025-04-18,渡邉　孝夫
2025-04-19,新井　基雄
2025-04-19,五十嵐　美知子
2025-04-19,石井　清子
2025-04-19,井上　光子
2025-04-19,生形　宏
2025-04-19,大澤　博
2025-04-19,大沢　正己
2025-04-19,大嶋　好江
2025-04-19,大関　定男
2025-04-19,奥原　孝子
2025-04-19,小此木　智浩
2025-04-19,尾内　則夫
2025-04-19,小保方　三四子
2025-04-19,金井　英明
2025-04-19,後藤　俊治
2025-04-19,小林　壯吉
2025-04-19,小林　眞代
2025-04-19,齋藤　アヤ
2025-04-19,齋藤　民江
2025-04-19,髙栁　テル子
2025-04-19,中島　昭子
2025-04-19,藤生　宣男
2025-04-19,堀田　益男
2025-04-19,眞嶋　清子
2025-04-19,松村　君江
2025-04-19,村岡　洋一
2025-04-19,本木　初江
2025-04-19,六本木　利彦
2025-04-21,新井　孝子
2025-04-21,新井　常子
2025-04-21,井開　重男
2025-04-21,井口　喜恵夫
2025-04-21,大島　良之
2025-04-21,小椋　正美
2025-04-21,加藤　正
2025-04-21,金山　ツイ
2025-04-21,神倉　テツ子
2025-04-21,小屋　知紀
2025-04-21,齋藤　民江
2025-04-21,齋藤　時子
2025-04-21,齋藤　典之
2025-04-21,坂口　和巳
2025-04-21,佐藤　光男
2025-04-21,鈴木　清江
2025-04-21,鶴田　聡
2025-04-21,中島　葉子
2025-04-21,南雲　勝代
2025-04-21,根岸　ヨネ子
2025-04-21,萩原　勝巳
2025-04-21,箱田　惠美子
2025-04-21,八田　里江
2025-04-21,原　久榮
2025-04-21,藤田　祐公
2025-04-21,堀田　益男
2025-04-21,松本　俊史
2025-04-21,丸橋　美榮子
2025-04-21,森　泰江
2025-04-21,吉田　雅志
2025-04-22,新井　明
2025-04-22,新井　幸子
2025-04-22,五十嵐　和郎
2025-04-22,五十嵐　美知子
2025-04-22,今村　春江
2025-04-22,大澤　博
2025-04-22,大関　定男
2025-04-22,女屋　昭治
2025-04-22,小保方　三四子
2025-04-22,片山　サヨ子
2025-04-22,菊川　美枝子
2025-04-22,菊池　二三男
2025-04-22,木暮　禮子
2025-04-22,木村　延明
2025-04-22,ｸﾞｴﾝ･ﾁｰ・　ﾆｭﾝ
2025-04-22,NGUYEN　THI KIM HONG
2025-04-22,小山　仁一郎
2025-04-22,齊藤　敦
2025-04-22,齋藤　節子
2025-04-22,清水　覚
2025-04-22,須藤　志成幸
2025-04-22,関口　靖子
2025-04-22,髙橋　洋
2025-04-22,古澤　利子
2025-04-22,本木　初江
2025-04-22,渡邉　昭
2025-04-22,渡邉　孝夫
2025-04-23,新井　基雄
2025-04-23,井開　重男
2025-04-23,石井　清子
2025-04-23,生形　宏
2025-04-23,大沢　正己
2025-04-23,尾内　則夫
2025-04-23,小野　利明
2025-04-23,倉林　晶子
2025-04-23,鯉登　和子
2025-04-23,後藤　俊治
2025-04-23,小林　眞代
2025-04-23,齋藤　アヤ
2025-04-23,齋藤　時子
2025-04-23,齋藤　典之
2025-04-23,佐藤　光男
2025-04-23,髙栁　テル子
2025-04-23,中島　喜作
2025-04-23,箱田　惠美子
2025-04-23,原嶋　キン
2025-04-23,藤生　宣男
2025-04-23,松江　光子
2025-04-23,松村　君江
2025-04-23,宮田　初江
2025-04-23,村岡　洋一
2025-04-23,森　洋美
2025-04-23,矢内　弘司
2025-04-23,大和　米秋
2025-04-23,吉田　雅志
2025-04-24,新井　常子
2025-04-24,五十嵐　和郎
2025-04-24,小椋　正美
2025-04-24,小此木　智浩
2025-04-24,川端　キヨ子
2025-04-24,菊川　美枝子
2025-04-24,菊池　二三男
2025-04-24,木村　延明
2025-04-24,ｸﾞｴﾝ･ﾁｰ・　ﾆｭﾝ
2025-04-24,NGUYEN　THI KIM HONG
2025-04-24,鯉登　和子
2025-04-24,小山　仁一郎
2025-04-24,齋藤　節子
2025-04-24,櫻井　敬祐
2025-04-24,鈴木　清江
2025-04-24,関口　靖子
2025-04-24,髙橋　歳一
2025-04-24,髙山　昭房
2025-04-24,根岸　ヨネ子
2025-04-24,箱田　惠美子
2025-04-24,原嶋　キン
2025-04-24,原　久榮
2025-04-24,堀田　益男
2025-04-24,眞嶋　清子
2025-04-24,森　泰江
2025-04-24,横澤　英子
2025-04-25,新井　明
2025-04-25,新井　幸子
2025-04-25,新井　孝子
2025-04-25,今村　春江
2025-04-25,大島　良之
2025-04-25,女屋　昭治
2025-04-25,小野　利明
2025-04-25,片山　サヨ子
2025-04-25,加藤　正
2025-04-25,金山　ツイ
2025-04-25,菊池　二三男
2025-04-25,倉林　晶子
2025-04-25,齋藤　典之
2025-04-25,坂口　和巳
2025-04-25,佐藤　光男
2025-04-25,千保木　みつ江
2025-04-25,鶴田　聡
2025-04-25,中島　葉子
2025-04-25,中野　るみ子
2025-04-25,南雲　勝代
2025-04-25,萩原　勝巳
2025-04-25,八田　里江
2025-04-25,藤田　祐公
2025-04-25,古澤　利子
2025-04-25,松江　光子
2025-04-25,渡邉　昭
2025-04-25,渡邉　孝夫
2025-04-26,新井　基雄
2025-04-26,五十嵐　美知子
2025-04-26,石井　清子
2025-04-26,井上　光子
2025-04-26,生形　宏
2025-04-26,大澤　博
2025-04-26,大沢　正己
2025-04-26,大嶋　好江
2025-04-26,大関　定男
2025-04-26,奥原　孝子
2025-04-26,小此木　智浩
2025-04-26,尾内　則夫
2025-04-26,小保方　三四子
2025-04-26,後藤　俊治
2025-04-26,小林　眞代
2025-04-26,齋藤　アヤ
2025-04-26,齋藤　民江
2025-04-26,髙栁　テル子
2025-04-26,中島　昭子
2025-04-26,中島　喜作
2025-04-26,原　貴美子
2025-04-26,藤生　宣男
2025-04-26,堀田　益男
2025-04-26,眞嶋　清子
2025-04-26,松村　君江
2025-04-26,宮田　初江
2025-04-26,村岡　洋一
2025-04-26,本木　初江
2025-04-26,大和　米秋
2025-04-26,六本木　利彦
2025-04-28,新井　孝子
2025-04-28,新井　常子
2025-04-28,井開　重男
2025-04-28,井口　喜恵夫
2025-04-28,大島　良之
2025-04-28,小椋　正美
2025-04-28,加藤　正
2025-04-28,小屋　知紀
2025-04-28,齋藤　民江
2025-04-28,齋藤　時子
2025-04-28,齋藤　典之
2025-04-28,鈴木　清江
2025-04-28,鶴田　聡
2025-04-28,中島　葉子
2025-04-28,中野　るみ子
2025-04-28,南雲　勝代
2025-04-28,根岸　ヨネ子
2025-04-28,萩原　勝巳
2025-04-28,箱田　惠美子
2025-04-28,八田　里江
2025-04-28,原　久榮
2025-04-28,藤田　祐公
2025-04-28,堀田　益男
2025-04-28,マスダ　フェハロ　フジコ
2025-04-28,松本　俊史
2025-04-28,丸橋　美榮子
2025-04-28,森　泰江
2025-04-28,吉田　雅志
2025-04-29,新井　明
2025-04-29,新井　幸子
2025-04-29,五十嵐　和郎
2025-04-29,五十嵐　美知子
2025-04-29,大関　定男
2025-04-29,女屋　昭治
2025-04-29,小保方　三四子
2025-04-29,片山　サヨ子
2025-04-29,金井　英明
2025-04-29,菊川　美枝子
2025-04-29,菊池　二三男
2025-04-29,木暮　禮子
2025-04-29,木村　延明
2025-04-29,ｸﾞｴﾝ･ﾁｰ・　ﾆｭﾝ
2025-04-29,NGUYEN　THI KIM HONG
2025-04-29,小山　仁一郎
2025-04-29,齊藤　敦
2025-04-29,齋藤　節子
2025-04-29,清水　覚
2025-04-29,須藤　志成幸
2025-04-29,関口　靖子
2025-04-29,髙橋　歳一
2025-04-29,髙橋　洋
2025-04-29,藤井　弘三
2025-04-29,本木　初江
2025-04-29,渡邉　昭
2025-04-30,新井　基雄
2025-04-30,井開　重男
2025-04-30,石井　清子
2025-04-30,生形　宏
2025-04-30,大沢　正己
2025-04-30,尾内　則夫
2025-04-30,小野　利明
2025-04-30,倉林　晶子
2025-04-30,鯉登　和子
2025-04-30,後藤　俊治
2025-04-30,小林　眞代
2025-04-30,齋藤　アヤ
2025-04-30,齋藤　時子
2025-04-30,髙栁　テル子
2025-04-30,中島　喜作
2025-04-30,中野　るみ子
2025-04-30,箱田　惠美子
2025-04-30,原　貴美子
2025-04-30,原嶋　キン
2025-04-30,藤生　宣男
2025-04-30,松江　光子
2025-04-30,松村　君江
2025-04-30,宮田　初江
2025-04-30,村岡　洋一
2025-04-30,森　洋美
2025-04-30,矢内　弘司
2025-04-30,大和　米秋
2025-04-30,横堀　喜一
2025-04-30,吉田　雅志
2025-04-30,六本木　利彦
2025-05-01,新井　常子
2025-05-01,五十嵐　和郎
2025-05-01,井口　喜恵夫
2025-05-01,小椋　正美
2025-05-01,小此木　智浩
2025-05-01,川端　キヨ子
2025-05-01,菊川　美枝子
2025-05-01,菊池　二三男
2025-05-01,木村　延明
2025-05-01,ｸﾞｴﾝ･ﾁｰ・　ﾆｭﾝ
2025-05-01,NGUYEN　THI KIM HONG
2025-05-01,鯉登　和子
2025-05-01,小山　仁一郎
2025-05-01,齋藤　節子
2025-05-01,鈴木　清江
2025-05-01,関口　靖子
2025-05-01,根岸　ヨネ子
2025-05-01,原嶋　キン
2025-05-01,原　久榮
2025-05-01,星野　卓也
2025-05-01,堀田　益男
2025-05-01,眞嶋　清子
2025-05-01,本山　二郎
2025-05-01,森　泰江
2025-05-02,新井　明
2025-05-02,今村　春江
2025-05-02,大島　良之
2025-05-02,女屋　昭治
2025-05-02,小野　利明
2025-05-02,片山　サヨ子
2025-05-02,加藤　正
2025-05-02,金山　ツイ
2025-05-02,菊池　二三男
2025-05-02,倉林　晶子
2025-05-02,小屋　知紀
2025-05-02,齊藤　敦
2025-05-02,齋藤　典之
2025-05-02,坂口　和巳
2025-05-02,千保木　みつ江
2025-05-02,鶴田　聡
2025-05-02,南雲　勝代
2025-05-02,萩原　勝巳
2025-05-02,箱田　惠美子
2025-05-02,八田　里江
2025-05-02,藤井　弘三
2025-05-02,藤田　祐公
2025-05-02,松江　光子
2025-05-02,横堀　喜一
2025-05-02,渡邉　昭
2025-05-03,新井　基雄
2025-05-03,石井　清子
2025-05-03,井上　光子
2025-05-03,生形　宏
2025-05-03,大澤　博
2025-05-03,大沢　正己
2025-05-03,大関　定男
2025-05-03,奥原　孝子
2025-05-03,小此木　智浩
2025-05-03,尾内　則夫
2025-05-03,小保方　三四子
2025-05-03,金井　英明
2025-05-03,後藤　俊治
2025-05-03,小林　眞代
2025-05-03,齋藤　アヤ
2025-05-03,齋藤　民江
2025-05-03,髙栁　テル子
2025-05-03,田村　タマ
2025-05-03,中島　昭子
2025-05-03,原　貴美子
2025-05-03,藤生　宣男
2025-05-03,堀田　益男
2025-05-03,眞嶋　清子
2025-05-03,松村　君江
2025-05-03,宮田　初江
2025-05-03,村岡　洋一
2025-05-03,本木　初江
2025-05-03,横澤　英子
2025-05-03,六本木　利彦
2025-05-05,新井　常子
2025-05-05,井開　重男
2025-05-05,井口　喜恵夫
2025-05-05,岩沼　百合子
2025-05-05,大島　良之
2025-05-05,小椋　正美
2025-05-05,加藤　正
2025-05-05,金山　ツイ
2025-05-05,小屋　知紀
2025-05-05,齋藤　民江
2025-05-05,齋藤　時子
2025-05-05,齋藤　典之
2025-05-05,佐藤　光男
2025-05-05,鈴木　清江
2025-05-05,鶴田　聡
2025-05-05,中島　葉子
2025-05-05,南雲　勝代
2025-05-05,根岸　ヨネ子
2025-05-05,萩原　勝巳
2025-05-05,箱田　惠美子
2025-05-05,藤田　祐公
2025-05-05,堀田　益男
2025-05-05,マスダ　フェハロ　フジコ
2025-05-05,松本　俊史
2025-05-05,丸橋　美榮子
2025-05-05,森　泰江
2025-05-05,吉田　雅志
2025-05-06,阿左美　武子
2025-05-06,今村　春江
2025-05-06,大澤　博
2025-05-06,大関　定男
2025-05-06,女屋　昭治
2025-05-06,片山　サヨ子
2025-05-06,金井　英明
2025-05-06,菊川　美枝子
2025-05-06,菊池　二三男
2025-05-06,木暮　禮子
2025-05-06,ｸﾞｴﾝ･ﾁｰ・　ﾆｭﾝ
2025-05-06,NGUYEN　THI KIM HONG
2025-05-06,小山　仁一郎
2025-05-06,齊藤　敦
2025-05-06,齋藤　節子
2025-05-06,清水　覚
2025-05-06,須藤　志成幸
2025-05-06,関口　靖子
2025-05-06,髙橋　洋
2025-05-06,田村　タマ
2025-05-06,藤井　弘三
2025-05-06,本木　初江
2025-05-06,渡邉　昭
2025-05-07,新井　基雄
2025-05-07,井開　重男
2025-05-07,石井　清子
2025-05-07,生形　宏
2025-05-07,大沢　正己
2025-05-07,尾内　則夫
2025-05-07,倉林　晶子
2025-05-07,鯉登　和子
2025-05-07,後藤　俊治
2025-05-07,小林　眞代
2025-05-07,小屋　知紀
2025-05-07,齋藤　アヤ
2025-05-07,齋藤　時子
2025-05-07,齋藤　典之
2025-05-07,佐藤　光男
2025-05-07,髙栁　テル子
2025-05-07,中島　喜作
2025-05-07,箱田　惠美子
2025-05-07,原　貴美子
2025-05-07,原嶋　キン
2025-05-07,藤生　宣男
2025-05-07,松江　光子
2025-05-07,松村　君江
2025-05-07,宮田　初江
2025-05-07,村岡　洋一
2025-05-07,森　洋美
2025-05-07,矢内　弘司
2025-05-07,横堀　喜一
2025-05-07,吉田　雅志
2025-05-08,新井　常子
2025-05-08,五十嵐　和郎
2025-05-08,井口　喜恵夫
2025-05-08,岩沼　百合子
2025-05-08,小椋　正美
2025-05-08,小此木　智浩
2025-05-08,川端　キヨ子
2025-05-08,菊川　美枝子
2025-05-08,菊池　二三男
2025-05-08,木村　延明
2025-05-08,ｸﾞｴﾝ･ﾁｰ・　ﾆｭﾝ
2025-05-08,NGUYEN　THI KIM HONG
2025-05-08,鯉登　和子
2025-05-08,小山　仁一郎
2025-05-08,齋藤　節子
2025-05-08,鈴木　清江
2025-05-08,関口　靖子
2025-05-08,髙橋　洋
2025-05-08,髙山　昭房
2025-05-08,箱田　惠美子
2025-05-08,原嶋　キン
2025-05-08,原　久榮
2025-05-08,星野　卓也
2025-05-08,眞嶋　清子
2025-05-08,本山　二郎
2025-05-08,森　泰江
2025-05-09,阿左美　武子
2025-05-09,新井　孝子
2025-05-09,石田　博紀
2025-05-09,今村　春江
2025-05-09,岩沼　百合子
2025-05-09,大島　良之
2025-05-09,女屋　昭治
2025-05-09,小野　利明
2025-05-09,片山　サヨ子
2025-05-09,加藤　正
2025-05-09,菊池　二三男
2025-05-09,倉林　晶子
2025-05-09,小屋　知紀
2025-05-09,坂口　和巳
2025-05-09,佐藤　光男
2025-05-09,千保木　みつ江
2025-05-09,鶴田　聡
2025-05-09,中野　るみ子
2025-05-09,南雲　勝代
2025-05-09,萩原　勝巳
2025-05-09,八田　里江
2025-05-09,藤田　祐公
2025-05-09,松江　光子
2025-05-09,矢内　弘司
2025-05-09,横堀　喜一
2025-05-09,渡邉　昭
2025-05-10,新井　基雄
2025-05-10,五十嵐　美知子
2025-05-10,石井　清子
2025-05-10,井上　光子
2025-05-10,生形　宏
2025-05-10,大澤　博
2025-05-10,大沢　正己
2025-05-10,大嶋　好江
2025-05-10,大関　定男
2025-05-10,小此木　智浩
2025-05-10,尾内　則夫
2025-05-10,木暮　典子
2025-05-10,後藤　俊治
2025-05-10,小林　眞代
2025-05-10,齋藤　アヤ
2025-05-10,髙栁　テル子
2025-05-10,田村　タマ
2025-05-10,中島　昭子
2025-05-10,中島　葉子
2025-05-10,箱田　惠美子
2025-05-10,藤生　宣男
2025-05-10,眞嶋　清子
2025-05-10,松村　君江
2025-05-10,宮田　初江
2025-05-10,村岡　洋一
2025-05-10,大和　米秋
2025-05-10,六本木　利彦
2025-05-12,新井　孝子
2025-05-12,新井　常子
2025-05-12,井開　重男
2025-05-12,井口　喜恵夫
2025-05-12,石田　博紀
2025-05-12,岩沼　百合子
2025-05-12,大島　良之
2025-05-12,小椋　正美
2025-05-12,加藤　正
2025-05-12,金山　ツイ
2025-05-12,小屋　知紀
2025-05-12,齋藤　民江
2025-05-12,齋藤　時子
2025-05-12,坂口　和巳
2025-05-12,佐藤　光男
2025-05-12,鈴木　清江
2025-05-12,鶴田　聡
2025-05-12,中島　葉子
2025-05-12,中野　るみ子
2025-05-12,南雲　勝代
2025-05-12,根岸　ヨネ子
2025-05-12,萩原　勝巳
2025-05-12,箱田　惠美子
2025-05-12,原　久榮
2025-05-12,藤田　祐公
2025-05-12,マスダ　フェハロ　フジコ
2025-05-12,松本　俊史
2025-05-12,丸橋　美榮子
2025-05-12,森　泰江
2025-05-12,吉田　雅志
2025-05-13,阿左美　武子
2025-05-13,五十嵐　和郎
2025-05-13,五十嵐　美知子
2025-05-13,今村　春江
2025-05-13,大澤　博
2025-05-13,大関　定男
2025-05-13,女屋　昭治
2025-05-13,片山　サヨ子
2025-05-13,菊川　美枝子
2025-05-13,菊池　二三男
2025-05-13,木暮　禮子
2025-05-13,木村　延明
2025-05-13,ｸﾞｴﾝ･ﾁｰ・　ﾆｭﾝ
2025-05-13,NGUYEN　THI KIM HONG
2025-05-13,小山　仁一郎
2025-05-13,齊藤　敦
2025-05-13,齋藤　節子
2025-05-13,清水　覚
2025-05-13,須藤　志成幸
2025-05-13,関口　靖子
2025-05-13,髙橋　洋
2025-05-13,田村　タマ
2025-05-13,箱田　惠美子
2025-05-13,藤井　弘三
2025-05-13,渡邉　昭
2025-05-14,新井　基雄
2025-05-14,井開　重男
2025-05-14,石井　清子
2025-05-14,生形　宏
2025-05-14,大沢　正己
2025-05-14,尾内　則夫
2025-05-14,小野　利明
2025-05-14,倉林　晶子
2025-05-14,鯉登　和子
2025-05-14,後藤　俊治
2025-05-14,小林　眞代
2025-05-14,小屋　知紀
2025-05-14,齋藤　アヤ
2025-05-14,齋藤　時子
2025-05-14,齋藤　典之
2025-05-14,髙栁　テル子
2025-05-14,中島　喜作
2025-05-14,箱田　惠美子
2025-05-14,原　貴美子
2025-05-14,原嶋　キン
2025-05-14,藤生　宣男
2025-05-14,松江　光子
2025-05-14,松村　君江
2025-05-14,宮田　初江
2025-05-14,村岡　洋一
2025-05-14,森　洋美
2025-05-14,矢内　弘司
2025-05-14,大和　米秋
2025-05-14,横堀　喜一
2025-05-14,吉田　雅志
2025-05-14,六本木　利彦
2025-05-15,新井　常子
2025-05-15,五十嵐　和郎
2025-05-15,井口　喜恵夫
2025-05-15,岩沼　百合子
2025-05-15,小椋　正美
2025-05-15,小此木　智浩
2025-05-15,川端　キヨ子
2025-05-15,菊川　美枝子
2025-05-15,菊池　二三男
2025-05-15,木村　延明
2025-05-15,ｸﾞｴﾝ･ﾁｰ・　ﾆｭﾝ
2025-05-15,NGUYEN　THI KIM HONG
2025-05-15,鯉登　和子
2025-05-15,小山　仁一郎
2025-05-15,齋藤　節子
2025-05-15,櫻井　敬祐
2025-05-15,鈴木　清江
2025-05-15,髙山　昭房
2025-05-15,根岸　ヨネ子
2025-05-15,箱田　惠美子
2025-05-15,原嶋　キン
2025-05-15,原　久榮
2025-05-15,星野　卓也
2025-05-15,堀田　益男
2025-05-15,眞嶋　清子
2025-05-15,本山　二郎
2025-05-15,森　泰江
2025-05-15,山岡　英夫
2025-05-15,横澤　英子
2025-05-16,阿左美　武子
2025-05-16,新井　孝子
2025-05-16,石田　博紀
2025-05-16,今村　春江
2025-05-16,岩沼　百合子
2025-05-16,大島　良之
2025-05-16,女屋　昭治
2025-05-16,小野　利明
2025-05-16,片山　サヨ子
2025-05-16,加藤　正
2025-05-16,金山　ツイ
2025-05-16,菊池　二三男
2025-05-16,倉林　晶子
2025-05-16,小屋　知紀
2025-05-16,坂口　和巳
2025-05-16,佐藤　光男
2025-05-16,千保木　みつ江
2025-05-16,鶴田　聡
2025-05-16,中島　葉子
2025-05-16,中野　るみ子
2025-05-16,南雲　勝代
2025-05-16,庭山　玲子
2025-05-16,萩原　勝巳
2025-05-16,八田　里江
2025-05-16,藤井　弘三
2025-05-16,藤田　祐公
2025-05-16,古澤　利子
2025-05-16,松江　光子
2025-05-16,矢内　弘司
2025-05-16,横堀　喜一
2025-05-16,渡邉　昭
2025-05-16,渡邉　孝夫
2025-05-17,新井　基雄
2025-05-17,五十嵐　美知子
2025-05-17,石井　清子
2025-05-17,井上　光子
2025-05-17,生形　宏
2025-05-17,大澤　博
2025-05-17,大沢　正己
2025-05-17,大嶋　好江
2025-05-17,大関　定男
2025-05-17,奥原　孝子
2025-05-17,小此木　智浩
2025-05-17,尾内　則夫
2025-05-17,後藤　俊治
2025-05-17,小林　眞代
2025-05-17,齋藤　アヤ
2025-05-17,齋藤　民江
2025-05-17,髙栁　テル子
2025-05-17,中島　昭子
2025-05-17,原　貴美子
2025-05-17,藤生　宣男
2025-05-17,堀田　益男
2025-05-17,眞嶋　清子
2025-05-17,松村　君江
2025-05-17,宮田　初江
2025-05-17,村岡　洋一
2025-05-17,本木　初江
2025-05-17,大和　米秋
2025-05-17,横澤　英子
2025-05-17,六本木　利彦
2025-05-19,新井　孝子
2025-05-19,新井　常子
2025-05-19,井開　重男
2025-05-19,石田　博紀
2025-05-19,岩沼　百合子
2025-05-19,大島　良之
2025-05-19,小椋　正美
2025-05-19,加藤　正
2025-05-19,金山　ツイ
2025-05-19,小林　明子
2025-05-19,小屋　知紀
2025-05-19,齋藤　民江
2025-05-19,齋藤　時子
2025-05-19,齋藤　典之
2025-05-19,坂口　和巳
2025-05-19,鈴木　清江
2025-05-19,中島　葉子
2025-05-19,中野　るみ子
2025-05-19,南雲　勝代
2025-05-19,庭山　玲子
2025-05-19,根岸　ヨネ子
2025-05-19,萩原　勝巳
2025-05-19,箱田　惠美子
2025-05-19,八田　里江
2025-05-19,原　久榮
2025-05-19,藤田　祐公
2025-05-19,堀田　益男
2025-05-19,マスダ　フェハロ　フジコ
2025-05-19,松本　俊史
2025-05-19,森　泰江
2025-05-19,吉田　雅志
2025-05-20,阿左美　武子
2025-05-20,五十嵐　和郎
2025-05-20,五十嵐　美知子
2025-05-20,今村　春江
2025-05-20,大澤　博
2025-05-20,大関　定男
2025-05-20,女屋　昭治
2025-05-20,片山　サヨ子
2025-05-20,菊川　美枝子
2025-05-20,菊池　二三男
2025-05-20,木暮　禮子
2025-05-20,木村　延明
2025-05-20,ｸﾞｴﾝ･ﾁｰ・　ﾆｭﾝ
2025-05-20,NGUYEN　THI KIM HONG
2025-05-20,小山　仁一郎
2025-05-20,齊藤　敦
2025-05-20,齋藤　節子
2025-05-20,清水　覚
2025-05-20,関口　靖子
2025-05-20,藤井　弘三
2025-05-20,古澤　利子
2025-05-20,本木　初江
2025-05-20,渡邉　昭
2025-05-20,渡邉　孝夫
2025-05-21,新井　基雄
2025-05-21,井開　重男
2025-05-21,石井　清子
2025-05-21,生形　宏
2025-05-21,大沢　正己
2025-05-21,尾内　則夫
2025-05-21,小野　利明
2025-05-21,川端　キヨ子
2025-05-21,倉林　晶子
2025-05-21,鯉登　和子
2025-05-21,後藤　俊治
2025-05-21,小林　眞代
2025-05-21,小屋　知紀
2025-05-21,齋藤　アヤ
2025-05-21,齋藤　時子
2025-05-21,齋藤　典之
2025-05-21,佐藤　光男
2025-05-21,髙栁　テル子
2025-05-21,中島　喜作
2025-05-21,箱田　惠美子
2025-05-21,原嶋　キン
2025-05-21,藤生　宣男
2025-05-21,松江　光子
2025-05-21,宮田　初江
2025-05-21,村岡　洋一
2025-05-21,森　洋美
2025-05-21,矢内　弘司
2025-05-21,大和　米秋
2025-05-21,横堀　喜一
2025-05-21,吉田　雅志
2025-05-21,六本木　利彦
2025-05-22,新井　常子
2025-05-22,五十嵐　和郎
2025-05-22,井口　喜恵夫
2025-05-22,岩沼　百合子
2025-05-22,小椋　正美
2025-05-22,小此木　智浩
2025-05-22,川端　キヨ子
2025-05-22,菊川　美枝子
2025-05-22,菊池　二三男
2025-05-22,木村　延明
2025-05-22,ｸﾞｴﾝ･ﾁｰ・　ﾆｭﾝ
2025-05-22,NGUYEN　THI KIM HONG
2025-05-22,鯉登　和子
2025-05-22,小林　明子
2025-05-22,小山　仁一郎
2025-05-22,齋藤　節子
2025-05-22,櫻井　敬祐
2025-05-22,鈴木　清江
2025-05-22,関口　靖子
2025-05-22,髙山　昭房
2025-05-22,根岸　ヨネ子
2025-05-22,原嶋　キン
2025-05-22,原　久榮
2025-05-22,堀田　益男
2025-05-22,眞嶋　清子
2025-05-22,本山　二郎
2025-05-22,森　泰江
2025-05-23,阿左美　武子
2025-05-23,新井　孝子
2025-05-23,石田　博紀
2025-05-23,今村　春江
2025-05-23,岩沼　百合子
2025-05-23,大島　良之
2025-05-23,女屋　昭治
2025-05-23,小野　利明
2025-05-23,片山　サヨ子
2025-05-23,加藤　正
2025-05-23,金山　ツイ
2025-05-23,倉林　晶子
2025-05-23,小屋　知紀
2025-05-23,齋藤　典之
2025-05-23,坂口　和巳
2025-05-23,千保木　みつ江
2025-05-23,鶴田　聡
2025-05-23,中島　葉子
2025-05-23,南雲　勝代
2025-05-23,庭山　玲子
2025-05-23,萩原　勝巳
2025-05-23,八田　里江
2025-05-23,藤井　弘三
2025-05-23,藤田　祐公
2025-05-23,古澤　利子
2025-05-23,松江　光子
2025-05-23,矢内　弘司
2025-05-23,横堀　喜一
2025-05-23,渡邉　昭
2025-05-23,渡邉　孝夫
2025-05-24,新井　基雄
2025-05-24,石井　清子
2025-05-24,井上　光子
2025-05-24,大澤　博
2025-05-24,大沢　正己
2025-05-24,大嶋　好江
2025-05-24,大関　定男
2025-05-24,奥原　孝子
2025-05-24,小此木　智浩
2025-05-24,尾内　則夫
2025-05-24,木暮　典子
2025-05-24,後藤　俊治
2025-05-24,齋藤　アヤ
2025-05-24,齋藤　民江
2025-05-24,下田　良子
2025-05-24,髙栁　テル子
2025-05-24,中島　昭子
2025-05-24,原　貴美子
2025-05-24,藤生　宣男
2025-05-24,堀田　益男
2025-05-24,眞嶋　清子
2025-05-24,宮田　初江
2025-05-24,村岡　洋一
2025-05-24,本木　初江
2025-05-24,山岡　英夫
2025-05-24,大和　米秋
2025-05-24,六本木　利彦
2025-05-24,渡邉　孝夫
2025-05-26,新井　常子
2025-05-26,井開　重男
2025-05-26,井口　喜恵夫
2025-05-26,石田　博紀
2025-05-26,岩沼　百合子
2025-05-26,大島　良之
2025-05-26,小椋　正美
2025-05-26,小野　利明
2025-05-26,加藤　正
2025-05-26,金山　ツイ
2025-05-26,小林　明子
2025-05-26,齋藤　民江
2025-05-26,齋藤　時子
2025-05-26,齋藤　典之
2025-05-26,坂口　和巳
2025-05-26,下田　良子
2025-05-26,鈴木　清江
2025-05-26,鶴田　聡
2025-05-26,中島　葉子
2025-05-26,南雲　勝代
2025-05-26,庭山　玲子
2025-05-26,根岸　ヨネ子
2025-05-26,萩原　勝巳
2025-05-26,箱田　惠美子
2025-05-26,八田　里江
2025-05-26,原　久榮
2025-05-26,藤田　祐公
2025-05-26,堀田　益男
2025-05-26,マスダ　フェハロ　フジコ
2025-05-26,森　泰江
2025-05-26,吉田　雅志
2025-05-27,阿左美　武子
2025-05-27,五十嵐　和郎
2025-05-27,五十嵐　美知子
2025-05-27,大澤　博
2025-05-27,女屋　昭治
2025-05-27,小保方　三四子
2025-05-27,片山　サヨ子
2025-05-27,菊川　美枝子
2025-05-27,菊池　二三男
2025-05-27,木暮　禮子
2025-05-27,木村　延明
2025-05-27,ｸﾞｴﾝ･ﾁｰ・　ﾆｭﾝ
2025-05-27,NGUYEN　THI KIM HONG
2025-05-27,小山　仁一郎
2025-05-27,齊藤　敦
2025-05-27,齋藤　節子
2025-05-27,清水　覚
2025-05-27,関口　靖子
2025-05-27,立澤　卓也
2025-05-27,藤井　弘三
2025-05-27,古澤　利子
2025-05-27,本木　初江
2025-05-27,渡邉　昭
2025-05-27,渡邉　孝夫
2025-05-28,新井　基雄
2025-05-28,井開　重男
2025-05-28,石井　清子
2025-05-28,生形　宏
2025-05-28,大沢　正己
2025-05-28,尾内　則夫
2025-05-28,小野　利明
2025-05-28,川端　キヨ子
2025-05-28,倉林　晶子
2025-05-28,鯉登　和子
2025-05-28,後藤　俊治
2025-05-28,小屋　知紀
2025-05-28,齋藤　アヤ
2025-05-28,齋藤　時子
2025-05-28,齋藤　典之
2025-05-28,中島　喜作
2025-05-28,中野　るみ子
2025-05-28,箱田　惠美子
2025-05-28,原嶋　キン
2025-05-28,藤生　宣男
2025-05-28,松江　光子
2025-05-28,松村　君江
2025-05-28,宮田　初江
2025-05-28,村岡　洋一
2025-05-28,矢内　弘司
2025-05-28,大和　米秋
2025-05-28,横堀　喜一
2025-05-28,吉田　雅志
2025-05-28,六本木　利彦
2025-05-29,新井　常子
2025-05-29,五十嵐　和郎
2025-05-29,井口　喜恵夫
2025-05-29,岩沼　百合子
2025-05-29,小椋　正美
2025-05-29,小此木　智浩
2025-05-29,川端　キヨ子
2025-05-29,菊川　美枝子
2025-05-29,菊池　二三男
2025-05-29,木村　延明
2025-05-29,ｸﾞｴﾝ･ﾁｰ・　ﾆｭﾝ
2025-05-29,鯉登　和子
2025-05-29,小林　明子
2025-05-29,小山　仁一郎
2025-05-29,齋藤　節子
2025-05-29,櫻井　敬祐
2025-05-29,鈴木　清江
2025-05-29,関口　靖子
2025-05-29,髙山　昭房
2025-05-29,根岸　ヨネ子
2025-05-29,箱田　惠美子
2025-05-29,原嶋　キン
2025-05-29,原　久榮
2025-05-29,星野　卓也
2025-05-29,堀田　益男
2025-05-29,眞嶋　清子
2025-05-29,森　泰江
2025-05-30,阿左美　武子
2025-05-30,新井　孝子
2025-05-30,石田　博紀
2025-05-30,今村　春江
2025-05-30,岩沼　百合子
2025-05-30,大島　良之
2025-05-30,女屋　昭治
2025-05-30,小野　利明
2025-05-30,片山　サヨ子
2025-05-30,加藤　正
2025-05-30,金山　ツイ
2025-05-30,倉林　晶子
2025-05-30,齊藤　敦
2025-05-30,齋藤　典之
2025-05-30,坂口　和巳
2025-05-30,千保木　みつ江
2025-05-30,鶴田　聡
2025-05-30,中島　葉子
2025-05-30,中野　るみ子
2025-05-30,南雲　勝代
2025-05-30,庭山　玲子
2025-05-30,萩原　勝巳
2025-05-30,八田　里江
2025-05-30,藤井　弘三
2025-05-30,藤田　祐公
2025-05-30,古澤　利子
2025-05-30,松江　光子
2025-05-30,横堀　喜一
2025-05-30,渡邉　昭
2025-05-30,渡邉　孝夫
2025-05-31,新井　基雄
2025-05-31,石井　清子
2025-05-31,井上　光子
2025-05-31,生形　宏
2025-05-31,大澤　博
2025-05-31,大沢　正己
2025-05-31,大嶋　好江
2025-05-31,奥原　孝子
2025-05-31,小此木　智浩
2025-05-31,尾内　則夫
2025-05-31,小保方　三四子
2025-05-31,後藤　俊治
2025-05-31,小林　眞代
2025-05-31,齋藤　アヤ
2025-05-31,齋藤　民江
2025-05-31,髙栁　テル子
2025-05-31,中島　昭子
2025-05-31,福田　由紀子
2025-05-31,藤生　宣男
2025-05-31,堀田　益男
2025-05-31,眞嶋　清子
2025-05-31,松村　君江
2025-05-31,宮田　初江
2025-05-31,村岡　洋一
2025-05-31,本木　初江
2025-05-31,山岡　英夫
2025-05-31,六本木　利彦
2025-05-31,渡邉　孝夫
2025-06-02,新井　孝子
2025-06-02,新井　常子
2025-06-02,井開　重男
2025-06-02,石田　博紀
2025-06-02,岩沼　百合子
2025-06-02,大島　良之
2025-06-02,小椋　正美
2025-06-02,加藤　正
2025-06-02,金山　ツイ
2025-06-02,小林　明子
2025-06-02,小屋　知紀
2025-06-02,齋藤　民江
2025-06-02,齋藤　時子
2025-06-02,坂口　和巳
2025-06-02,鈴木　清江
2025-06-02,鶴田　聡
2025-06-02,中島　葉子
2025-06-02,中野　るみ子
2025-06-02,南雲　勝代
2025-06-02,庭山　玲子
2025-06-02,根岸　ヨネ子
2025-06-02,萩原　勝巳
2025-06-02,八田　里江
2025-06-02,原　久榮
2025-06-02,藤田　祐公
2025-06-02,堀田　益男
2025-06-02,マスダ　フェハロ　フジコ
2025-06-02,松本　俊史
2025-06-02,丸橋　美榮子
2025-06-02,森　泰江
2025-06-02,吉田　雅志
2025-06-03,阿左美　武子
2025-06-03,新井　幸子
2025-06-03,五十嵐　和郎
2025-06-03,五十嵐　美知子
2025-06-03,今村　春江
2025-06-03,大澤　博
2025-06-03,大嶋　好江
2025-06-03,女屋　昭治
2025-06-03,小保方　三四子
2025-06-03,片山　サヨ子
2025-06-03,菊川　美枝子
2025-06-03,菊池　二三男
2025-06-03,木暮　禮子
2025-06-03,木村　延明
2025-06-03,ｸﾞｴﾝ･ﾁｰ・　ﾆｭﾝ
2025-06-03,NGUYEN　THI KIM HONG
2025-06-03,小山　仁一郎
2025-06-03,齊藤　敦
2025-06-03,齋藤　節子
2025-06-03,清水　覚
2025-06-03,関口　靖子
2025-06-03,髙橋　洋
2025-06-03,立澤　卓也
2025-06-03,田村　タマ
2025-06-03,藤井　弘三
2025-06-03,古澤　利子
2025-06-03,本木　初江
2025-06-03,渡邉　昭
2025-06-03,渡邉　孝夫
2025-06-04,新井　基雄
2025-06-04,井開　重男
2025-06-04,石井　清子
2025-06-04,生形　宏
2025-06-04,大沢　正己
2025-06-04,尾内　則夫
2025-06-04,小野　利明
2025-06-04,川端　キヨ子
2025-06-04,倉林　晶子
2025-06-04,鯉登　和子
2025-06-04,後藤　俊治
2025-06-04,小林　眞代
2025-06-04,小屋　知紀
2025-06-04,齋藤　アヤ
2025-06-04,齋藤　時子
2025-06-04,齋藤　典之
2025-06-04,髙栁　テル子
2025-06-04,中島　喜作
2025-06-04,中野　るみ子
2025-06-04,箱田　惠美子
2025-06-04,原嶋　キン
2025-06-04,藤生　宣男
2025-06-04,松江　光子
2025-06-04,松村　君江
2025-06-04,宮田　初江
2025-06-04,村岡　洋一
2025-06-04,森　洋美
2025-06-04,矢内　弘司
2025-06-04,大和　米秋
2025-06-04,横堀　喜一
2025-06-04,吉田　雅志
2025-06-05,新井　常子
2025-06-05,五十嵐　和郎
2025-06-05,岩沼　百合子
2025-06-05,小椋　正美
2025-06-05,小此木　智浩
2025-06-05,川端　キヨ子
2025-06-05,菊川　美枝子
2025-06-05,菊池　二三男
2025-06-05,ｸﾞｴﾝ･ﾁｰ・　ﾆｭﾝ
2025-06-05,NGUYEN　THI KIM HONG
2025-06-05,鯉登　和子
2025-06-05,小林　明子
2025-06-05,小山　仁一郎
2025-06-05,齋藤　節子
2025-06-05,櫻井　敬祐
2025-06-05,鈴木　清江
2025-06-05,関口　靖子
2025-06-05,髙橋　洋
2025-06-05,髙山　昭房
2025-06-05,根岸　ヨネ子
2025-06-05,箱田　惠美子
2025-06-05,原嶋　キン
2025-06-05,原　久榮
2025-06-05,星野　卓也
2025-06-05,堀田　益男
2025-06-05,眞嶋　清子
2025-06-05,本山　二郎
2025-06-05,森　泰江
2025-06-05,横澤　英子
2025-06-06,阿左美　武子
2025-06-06,新井　幸子
2025-06-06,新井　孝子
2025-06-06,石田　博紀
2025-06-06,今村　春江
2025-06-06,岩沼　百合子
2025-06-06,大島　良之
2025-06-06,女屋　昭治
2025-06-06,小野　利明
2025-06-06,片山　サヨ子
2025-06-06,加藤　正
2025-06-06,金山　ツイ
2025-06-06,倉林　晶子
2025-06-06,小屋　知紀
2025-06-06,齋藤　典之
2025-06-06,坂口　和巳
2025-06-06,千保木　みつ江
2025-06-06,鶴田　聡
2025-06-06,南雲　勝代
2025-06-06,庭山　玲子
2025-06-06,萩原　勝巳
2025-06-06,八田　里江
2025-06-06,藤井　弘三
2025-06-06,藤田　祐公
2025-06-06,古澤　利子
2025-06-06,松江　光子
2025-06-06,矢内　弘司
2025-06-06,横堀　喜一
2025-06-06,渡邉　昭
2025-06-07,新井　基雄
2025-06-07,五十嵐　美知子
2025-06-07,石井　清子
2025-06-07,井上　光子
2025-06-07,生形　宏
2025-06-07,大澤　博
2025-06-07,大沢　正己
2025-06-07,奥原　孝子
2025-06-07,小此木　智浩
2025-06-07,尾内　則夫
2025-06-07,小保方　三四子
2025-06-07,木暮　典子
2025-06-07,後藤　俊治
2025-06-07,齋藤　アヤ
2025-06-07,齋藤　民江
2025-06-07,髙栁　テル子
2025-06-07,田村　タマ
2025-06-07,中島　昭子
2025-06-07,原　貴美子
2025-06-07,藤生　宣男
2025-06-07,堀田　益男
2025-06-07,眞嶋　清子
2025-06-07,松村　君江
2025-06-07,宮田　初江
2025-06-07,村岡　洋一
2025-06-07,本木　初江
2025-06-07,山岡　英夫
2025-06-07,大和　米秋
2025-06-07,六本木　利彦
2025-06-09,新井　孝子
2025-06-09,新井　常子
2025-06-09,井口　喜恵夫
2025-06-09,石田　博紀
2025-06-09,岩沼　百合子
2025-06-09,大島　良之
2025-06-09,小椋　正美
2025-06-09,加藤　正
2025-06-09,金山　ツイ
2025-06-09,小林　明子
2025-06-09,小屋　知紀
2025-06-09,小山　仁一郎
2025-06-09,齋藤　民江
2025-06-09,齋藤　時子
2025-06-09,齋藤　典之
2025-06-09,坂口　和巳
2025-06-09,鈴木　清江
2025-06-09,鶴田　聡
2025-06-09,中島　葉子
2025-06-09,南雲　勝代
2025-06-09,庭山　玲子
2025-06-09,根岸　ヨネ子
2025-06-09,萩原　勝巳
2025-06-09,箱田　惠美子
2025-06-09,八田　里江
2025-06-09,原　久榮
2025-06-09,藤田　祐公
2025-06-09,堀田　益男
2025-06-09,マスダ　フェハロ　フジコ
2025-06-09,吉田　雅志
2025-06-10,阿左美　武子
2025-06-10,新井　幸子
2025-06-10,五十嵐　和郎
2025-06-10,五十嵐　美知子
2025-06-10,今村　春江
2025-06-10,大澤　博
2025-06-10,大嶋　好江
2025-06-10,大関　定男
2025-06-10,女屋　昭治
2025-06-10,小保方　三四子
2025-06-10,片山　サヨ子
2025-06-10,菊川　美枝子
2025-06-10,木暮　禮子
2025-06-10,木村　延明
2025-06-10,ｸﾞｴﾝ･ﾁｰ・　ﾆｭﾝ
2025-06-10,NGUYEN　THI KIM HONG
2025-06-10,小林　節子
2025-06-10,小山　仁一郎
2025-06-10,齊藤　敦
2025-06-10,齋藤　節子
2025-06-10,清水　覚
2025-06-10,須藤　志成幸
2025-06-10,関口　靖子
2025-06-10,立澤　卓也
2025-06-10,田村　タマ
2025-06-10,藤井　弘三
2025-06-10,古澤　利子
2025-06-10,本木　初江
2025-06-10,森　泰江
2025-06-10,渡邉　昭
2025-06-11,新井　基雄
2025-06-11,石井　清子
2025-06-11,生形　宏
2025-06-11,大沢　正己
2025-06-11,尾内　則夫
2025-06-11,小野　利明
2025-06-11,倉林　晶子
2025-06-11,後藤　俊治
2025-06-11,小林　眞代
2025-06-11,小屋　知紀
2025-06-11,齋藤　アヤ
2025-06-11,齋藤　時子
2025-06-11,齋藤　典之
2025-06-11,髙橋　洋
2025-06-11,髙栁　テル子
2025-06-11,中島　喜作
2025-06-11,箱田　惠美子
2025-06-11,原嶋　キン
2025-06-11,藤生　宣男
2025-06-11,松江　光子
2025-06-11,松村　君江
2025-06-11,宮田　初江
2025-06-11,村岡　洋一
2025-06-11,森　洋美
2025-06-11,矢内　弘司
2025-06-11,大和　米秋
2025-06-11,横堀　喜一
2025-06-11,吉田　雅志
2025-06-11,六本木　利彦
2025-06-12,新井　常子
2025-06-12,五十嵐　和郎
2025-06-12,井口　喜恵夫
2025-06-12,岩沼　百合子
2025-06-12,小椋　正美
2025-06-12,小此木　智浩
2025-06-12,川端　キヨ子
2025-06-12,菊川　美枝子
2025-06-12,菊池　二三男
2025-06-12,木村　延明
2025-06-12,ｸﾞｴﾝ･ﾁｰ・　ﾆｭﾝ
2025-06-12,NGUYEN　THI KIM HONG
2025-06-12,小林　明子
2025-06-12,小林　節子
2025-06-12,小山　仁一郎
2025-06-12,齋藤　節子
2025-06-12,櫻井　敬祐
2025-06-12,鈴木　清江
2025-06-12,関口　靖子
2025-06-12,根岸　ヨネ子
2025-06-12,原嶋　キン
2025-06-12,原　久榮
2025-06-12,眞嶋　清子
2025-06-12,本山　二郎
2025-06-12,森　泰江
2025-06-13,阿左美　武子
2025-06-13,石田　博紀
2025-06-13,今村　春江
2025-06-13,岩沼　百合子
2025-06-13,大島　良之
2025-06-13,女屋　昭治
2025-06-13,小野　利明
2025-06-13,片山　サヨ子
2025-06-13,加藤　正
2025-06-13,金山　ツイ
2025-06-13,菊池　二三男
2025-06-13,倉林　晶子
2025-06-13,坂口　和巳
2025-06-13,千保木　みつ江
2025-06-13,髙橋　洋
2025-06-13,鶴田　聡
2025-06-13,中島　葉子
2025-06-13,中野　るみ子
2025-06-13,南雲　勝代
2025-06-13,萩原　勝巳
2025-06-13,八田　里江
2025-06-13,藤井　弘三
2025-06-13,藤田　祐公
2025-06-13,古澤　利子
2025-06-13,矢内　弘司
2025-06-13,横堀　喜一
2025-06-13,渡邉　昭
2025-06-14,新井　基雄
2025-06-14,五十嵐　美知子
2025-06-14,石井　清子
2025-06-14,井上　光子
2025-06-14,生形　宏
2025-06-14,大澤　博
2025-06-14,大沢　正己
2025-06-14,大関　定男
2025-06-14,奥原　孝子
2025-06-14,小此木　智浩
2025-06-14,尾内　則夫
2025-06-14,小保方　三四子
2025-06-14,木暮　典子
2025-06-14,後藤　俊治
2025-06-14,小林　眞代
2025-06-14,齋藤　アヤ
2025-06-14,齋藤　民江
2025-06-14,髙栁　テル子
2025-06-14,田村　タマ
2025-06-14,中島　昭子
2025-06-14,箱田　惠美子
2025-06-14,藤生　宣男
2025-06-14,眞嶋　清子
2025-06-14,松村　君江
2025-06-14,宮田　初江
2025-06-14,村岡　洋一
2025-06-14,山岡　英夫
2025-06-14,大和　米秋
2025-06-14,横澤　英子
2025-06-14,六本木　利彦
2025-06-16,新井　常子
2025-06-16,石田　博紀
2025-06-16,岩沼　百合子
2025-06-16,大島　良之
2025-06-16,小椋　正美
2025-06-16,加藤　正
2025-06-16,金山　ツイ
2025-06-16,小林　明子
2025-06-16,齋藤　アヤ
2025-06-16,齋藤　民江
2025-06-16,齋藤　時子
2025-06-16,齋藤　典之
2025-06-16,坂口　和巳
2025-06-16,鈴木　清江
2025-06-16,鶴田　聡
2025-06-16,中島　葉子
2025-06-16,中野　るみ子
2025-06-16,南雲　勝代
2025-06-16,庭山　玲子
2025-06-16,根岸　ヨネ子
2025-06-16,萩原　勝巳
2025-06-16,箱田　惠美子
2025-06-16,八田　里江
2025-06-16,原　久榮
2025-06-16,藤田　祐公
2025-06-16,マスダ　フェハロ　フジコ
2025-06-16,松本　俊史
2025-06-16,丸橋　美榮子
2025-06-16,森　泰江
2025-06-16,吉田　雅志
2025-06-17,阿左美　武子
2025-06-17,五十嵐　和郎
2025-06-17,五十嵐　美知子
2025-06-17,井口　喜恵夫
2025-06-17,今村　春江
2025-06-17,大澤　博
2025-06-17,大嶋　好江
2025-06-17,大関　定男
2025-06-17,女屋　昭治
2025-06-17,小保方　三四子
2025-06-17,片山　サヨ子
2025-06-17,菊川　美枝子
2025-06-17,菊池　二三男
2025-06-17,木暮　禮子
2025-06-17,木村　延明
2025-06-17,ｸﾞｴﾝ･ﾁｰ・　ﾆｭﾝ
2025-06-17,NGUYEN　THI KIM HONG
2025-06-17,小山　仁一郎
2025-06-17,齊藤　敦
2025-06-17,齋藤　節子
2025-06-17,清水　覚
2025-06-17,須藤　志成幸
2025-06-17,関口　雅久
2025-06-17,関口　靖子
2025-06-17,髙橋　洋
2025-06-17,立澤　卓也
2025-06-17,田村　タマ
2025-06-17,藤井　弘三
2025-06-17,古澤　利子
2025-06-17,渡邉　昭
2025-06-18,新井　基雄
2025-06-18,石井　清子
2025-06-18,生形　宏
2025-06-18,大沢　正己
2025-06-18,尾内　則夫
2025-06-18,小野　利明
2025-06-18,倉林　晶子
2025-06-18,後藤　俊治
2025-06-18,小林　眞代
2025-06-18,小屋　知紀
2025-06-18,齋藤　アヤ
2025-06-18,齋藤　時子
2025-06-18,齋藤　典之
2025-06-18,髙栁　テル子
2025-06-18,中島　喜作
2025-06-18,中野　るみ子
2025-06-18,箱田　惠美子
2025-06-18,原嶋　キン
2025-06-18,藤生　宣男
2025-06-18,松江　光子
2025-06-18,松村　君江
2025-06-18,宮田　初江
2025-06-18,村岡　洋一
2025-06-18,森　洋美
2025-06-18,矢内　弘司
2025-06-18,大和　米秋
2025-06-18,横堀　喜一
2025-06-18,吉田　雅志
2025-06-18,六本木　利彦
2025-06-19,新井　常子
2025-06-19,五十嵐　和郎
2025-06-19,井口　喜恵夫
2025-06-19,小椋　正美
2025-06-19,小此木　智浩
2025-06-19,川端　キヨ子
2025-06-19,菊川　美枝子
2025-06-19,菊池　二三男
2025-06-19,木村　延明
2025-06-19,ｸﾞｴﾝ･ﾁｰ・　ﾆｭﾝ
2025-06-19,NGUYEN　THI KIM HONG
2025-06-19,小林　明子
2025-06-19,小山　仁一郎
2025-06-19,齋藤　節子
2025-06-19,櫻井　敬祐
2025-06-19,下田　良子
2025-06-19,鈴木　清江
2025-06-19,関口　雅久
2025-06-19,髙橋　歳一
2025-06-19,髙橋　洋
2025-06-19,髙山　昭房
2025-06-19,根岸　ヨネ子
2025-06-19,原嶋　キン
2025-06-19,原　久榮
2025-06-19,星野　卓也
2025-06-19,堀田　益男
2025-06-19,眞嶋　清子
2025-06-19,本山　二郎
2025-06-19,森　泰江
2025-06-19,横澤　英子
2025-06-20,阿左美　武子
2025-06-20,石田　博紀
2025-06-20,今村　春江
2025-06-20,大島　良之
2025-06-20,女屋　昭治
2025-06-20,小野　利明
2025-06-20,片山　サヨ子
2025-06-20,金山　ツイ
2025-06-20,倉林　晶子
2025-06-20,小屋　知紀
2025-06-20,齊藤　敦
2025-06-20,齋藤　典之
2025-06-20,坂口　和巳
2025-06-20,千保木　みつ江
2025-06-20,鶴田　聡
2025-06-20,南雲　勝代
2025-06-20,庭山　玲子
2025-06-20,萩原　勝巳
2025-06-20,箱田　惠美子
2025-06-20,八田　里江
2025-06-20,藤井　弘三
2025-06-20,藤田　祐公
2025-06-20,古澤　利子
2025-06-20,松江　光子
2025-06-20,矢内　弘司
2025-06-20,横堀　喜一
2025-06-20,渡邉　昭
2025-06-21,新井　基雄
2025-06-21,五十嵐　美知子
2025-06-21,石井　清子
2025-06-21,井上　光子
2025-06-21,生形　宏
2025-06-21,大澤　博
2025-06-21,大沢　正己
2025-06-21,奥原　孝子
2025-06-21,小此木　智浩
2025-06-21,尾内　則夫
2025-06-21,小保方　三四子
2025-06-21,木暮　典子
2025-06-21,後藤　俊治
2025-06-21,小林　眞代
2025-06-21,齋藤　アヤ
2025-06-21,齋藤　民江
2025-06-21,下田　良子
2025-06-21,髙栁　テル子
2025-06-21,中島　昭子
2025-06-21,原　貴美子
2025-06-21,藤生　宣男
2025-06-21,堀田　益男
2025-06-21,眞嶋　清子
2025-06-21,松村　君江
2025-06-21,宮田　初江
2025-06-21,村岡　洋一
2025-06-21,本木　初江
2025-06-21,山岡　英夫
2025-06-21,大和　米秋
2025-06-21,六本木　利彦
2025-06-23,新井　常子
2025-06-23,石田　博紀
2025-06-23,大島　良之
2025-06-23,小椋　正美
2025-06-23,金山　ツイ
2025-06-23,小屋　知紀
2025-06-23,近藤　孝江
2025-06-23,齋藤　民江
2025-06-23,齋藤　時子
2025-06-23,齋藤　典之
2025-06-23,坂口　和巳
2025-06-23,鈴木　清江
2025-06-23,関口　雅久
2025-06-23,鶴田　聡
2025-06-23,南雲　勝代
2025-06-23,庭山　玲子
2025-06-23,根岸　ヨネ子
2025-06-23,萩原　勝巳
2025-06-23,箱田　惠美子
2025-06-23,八田　里江
2025-06-23,原　久榮
2025-06-23,藤田　祐公
2025-06-23,堀田　益男
2025-06-23,マスダ　フェハロ　フジコ
2025-06-23,松本　俊史
2025-06-23,丸橋　美榮子
2025-06-23,森　泰江
2025-06-23,吉田　雅志
2025-06-24,阿左美　武子
2025-06-24,新井　幸子
2025-06-24,五十嵐　和郎
2025-06-24,五十嵐　美知子
2025-06-24,今村　春江
2025-06-24,大澤　博
2025-06-24,大嶋　好江
2025-06-24,女屋　昭治
2025-06-24,小保方　三四子
2025-06-24,片山　サヨ子
2025-06-24,金井　英明
2025-06-24,菊川　美枝子
2025-06-24,菊池　二三男
2025-06-24,木暮　禮子
2025-06-24,木村　延明
2025-06-24,ｸﾞｴﾝ･ﾁｰ・　ﾆｭﾝ
2025-06-24,NGUYEN　THI KIM HONG
2025-06-24,小山　仁一郎
2025-06-24,齊藤　敦
2025-06-24,齋藤　節子
2025-06-24,清水　覚
2025-06-24,関口　雅久
2025-06-24,関口　靖子
2025-06-24,髙橋　洋
2025-06-24,立澤　卓也
2025-06-24,藤井　弘三
2025-06-24,古澤　利子
2025-06-24,本木　初江
2025-06-24,渡邉　昭
2025-06-24,渡邉　孝夫
2025-06-25,新井　基雄
2025-06-25,石井　清子
2025-06-25,生形　宏
2025-06-25,大沢　正己
2025-06-25,尾内　則夫
2025-06-25,小野　利明
2025-06-25,川端　キヨ子
2025-06-25,倉林　晶子
2025-06-25,鯉登　和子
2025-06-25,後藤　俊治
2025-06-25,小屋　知紀
2025-06-25,齋藤　アヤ
2025-06-25,齋藤　時子
2025-06-25,齋藤　典之
2025-06-25,髙栁　テル子
2025-06-25,中島　喜作
2025-06-25,箱田　惠美子
2025-06-25,原　貴美子
2025-06-25,原嶋　キン
2025-06-25,藤生　宣男
2025-06-25,松村　君江
2025-06-25,宮田　初江
2025-06-25,村岡　洋一
2025-06-25,森　洋美
2025-06-25,矢内　弘司
2025-06-25,大和　米秋
2025-06-25,横堀　喜一
2025-06-25,吉田　雅志
2025-06-25,六本木　利彦
2025-06-26,新井　常子
2025-06-26,五十嵐　和郎
2025-06-26,井口　喜恵夫
2025-06-26,小椋　正美
2025-06-26,小此木　智浩
2025-06-26,川端　キヨ子
2025-06-26,菊川　美枝子
2025-06-26,菊池　二三男
2025-06-26,木村　延明
2025-06-26,ｸﾞｴﾝ･ﾁｰ・　ﾆｭﾝ
2025-06-26,NGUYEN　THI KIM HONG
2025-06-26,鯉登　和子
2025-06-26,小林　明子
2025-06-26,小林　節子
2025-06-26,小山　仁一郎
2025-06-26,齋藤　節子
2025-06-26,櫻井　敬祐
2025-06-26,鈴木　清江
2025-06-26,関口　雅久
2025-06-26,関口　靖子
2025-06-26,髙橋　歳一
2025-06-26,髙橋　洋
2025-06-26,髙山　昭房
2025-06-26,根岸　ヨネ子
2025-06-26,原嶋　キン
2025-06-26,原　久榮
2025-06-26,堀田　益男
2025-06-26,眞嶋　清子
2025-06-26,森　泰江
2025-06-27,阿左美　武子
2025-06-27,新井　幸子
2025-06-27,今村　春江
2025-06-27,大島　良之
2025-06-27,女屋　昭治
2025-06-27,小野　利明
2025-06-27,片山　サヨ子
2025-06-27,菊池　二三男
2025-06-27,倉林　晶子
2025-06-27,齋藤　典之
2025-06-27,坂口　和巳
2025-06-27,千保木　みつ江
2025-06-27,塚本　潔
2025-06-27,鶴田　聡
2025-06-27,中野　るみ子
2025-06-27,南雲　勝代
2025-06-27,萩原　勝巳
2025-06-27,藤井　弘三
2025-06-27,藤田　祐公
2025-06-27,古澤　利子
2025-06-27,松江　光子
2025-06-27,矢内　弘司
2025-06-27,横堀　喜一
2025-06-27,渡邉　昭
2025-06-27,渡邉　孝夫
2025-06-28,新井　基雄
2025-06-28,五十嵐　美知子
2025-06-28,石井　清子
2025-06-28,井上　光子
2025-06-28,生形　宏
2025-06-28,大澤　博
2025-06-28,大沢　正己
2025-06-28,小此木　智浩
2025-06-28,尾内　則夫
2025-06-28,小保方　三四子
2025-06-28,金井　英明
2025-06-28,木暮　典子
2025-06-28,後藤　俊治
2025-06-28,小林　節子
2025-06-28,小林　眞代
2025-06-28,齋藤　アヤ
2025-06-28,髙橋　歳一
2025-06-28,髙栁　テル子
2025-06-28,中島　昭子
2025-06-28,箱田　惠美子
2025-06-28,藤生　宣男
2025-06-28,堀田　益男
2025-06-28,眞嶋　清子
2025-06-28,松村　君江
2025-06-28,宮田　初江
2025-06-28,村岡　洋一
2025-06-28,本木　初江
2025-06-28,山岡　英夫
2025-06-28,大和　米秋
2025-06-28,横澤　英子
2025-06-28,六本木　利彦
2025-06-30,石田　博紀
2025-06-30,大澤　博
2025-06-30,大島　良之
2025-06-30,小椋　正美
2025-06-30,金山　ツイ
2025-06-30,小屋　知紀
2025-06-30,齋藤　民江
2025-06-30,齋藤　時子
2025-06-30,齋藤　典之
2025-06-30,坂口　和巳
2025-06-30,鈴木　清江
2025-06-30,鶴田　聡
2025-06-30,中野　るみ子
2025-06-30,南雲　勝代
2025-06-30,庭山　玲子
2025-06-30,萩原　勝巳
2025-06-30,箱田　惠美子
2025-06-30,原　久榮
2025-06-30,藤田　祐公
2025-06-30,堀田　益男
2025-06-30,マスダ　フェハロ　フジコ
2025-06-30,松本　俊史
2025-06-30,森　泰江
2025-06-30,吉田　雅志
2025-06-30,渡邉　孝夫
2025-07-01,阿左美　武子
2025-07-01,新井　幸子
2025-07-01,五十嵐　和郎
2025-07-01,五十嵐　美知子
2025-07-01,今村　春江
2025-07-01,大嶋　好江
2025-07-01,大関　定男
2025-07-01,女屋　昭治
2025-07-01,小保方　三四子
2025-07-01,片山　サヨ子
2025-07-01,金井　英明
2025-07-01,菊川　美枝子
2025-07-01,菊池　二三男
2025-07-01,木暮　禮子
2025-07-01,木村　延明
2025-07-01,ｸﾞｴﾝ･ﾁｰ・　ﾆｭﾝ
2025-07-01,NGUYEN　THI KIM HONG
2025-07-01,小山　仁一郎
2025-07-01,齊藤　敦
2025-07-01,齋藤　節子
2025-07-01,関口　雅久
2025-07-01,関口　靖子
2025-07-01,髙橋　歳一
2025-07-01,藤井　弘三
2025-07-01,古澤　利子
2025-07-01,本木　初江
2025-07-01,渡邉　昭
2025-07-01,渡邉　孝夫
2025-07-02,新井　基雄
2025-07-02,井開　重男
2025-07-02,石井　清子
2025-07-02,生形　宏
2025-07-02,大沢　正己
2025-07-02,尾内　則夫
2025-07-02,倉林　晶子
2025-07-02,鯉登　和子
2025-07-02,後藤　俊治
2025-07-02,小林　眞代
2025-07-02,小屋　知紀
2025-07-02,齋藤　アヤ
2025-07-02,齋藤　時子
2025-07-02,齋藤　典之
2025-07-02,髙橋　洋
2025-07-02,髙栁　テル子
2025-07-02,中島　喜作
2025-07-02,箱田　惠美子
2025-07-02,原嶋　キン
2025-07-02,藤生　宣男
2025-07-02,松江　光子
2025-07-02,松村　君江
2025-07-02,宮田　初江
2025-07-02,村岡　洋一
2025-07-02,森　洋美
2025-07-02,矢内　弘司
2025-07-02,大和　米秋
2025-07-02,横堀　喜一
2025-07-02,吉田　雅志
2025-07-02,六本木　利彦
2025-07-03,五十嵐　和郎
2025-07-03,小椋　正美
2025-07-03,小此木　智浩
2025-07-03,川端　キヨ子
2025-07-03,菊川　美枝子
2025-07-03,菊池　二三男
2025-07-03,木村　延明
2025-07-03,ｸﾞｴﾝ･ﾁｰ・　ﾆｭﾝ
2025-07-03,NGUYEN　THI KIM HONG
2025-07-03,鯉登　和子
2025-07-03,小林　明子
2025-07-03,小山　仁一郎
2025-07-03,齋藤　節子
2025-07-03,櫻井　敬祐
2025-07-03,鈴木　清江
2025-07-03,関口　雅久
2025-07-03,髙橋　歳一
2025-07-03,髙山　昭房
2025-07-03,根岸　ヨネ子
2025-07-03,原嶋　キン
2025-07-03,原　久榮
2025-07-03,星野　卓也
2025-07-03,堀田　益男
2025-07-03,眞嶋　清子
2025-07-03,本山　二郎
2025-07-03,森　泰江
2025-07-03,横澤　英子
2025-07-04,阿左美　武子
2025-07-04,石田　博紀
2025-07-04,今村　春江
2025-07-04,大澤　博
2025-07-04,大島　良之
2025-07-04,女屋　昭治
2025-07-04,小野　利明
2025-07-04,片山　サヨ子
2025-07-04,金山　ツイ
2025-07-04,小屋　知紀
2025-07-04,齊藤　敦
2025-07-04,坂口　和巳
2025-07-04,千保木　みつ江
2025-07-04,塚本　潔
2025-07-04,鶴田　聡
2025-07-04,南雲　勝代
2025-07-04,萩原　勝巳
2025-07-04,藤井　弘三
2025-07-04,藤田　祐公
2025-07-04,古澤　利子
2025-07-04,松江　光子
2025-07-04,矢内　弘司
2025-07-04,横堀　喜一
2025-07-04,渡邉　昭
2025-07-04,渡邉　孝夫
2025-07-05,新井　基雄
2025-07-05,石井　清子
2025-07-05,井上　光子
2025-07-05,大沢　正己
2025-07-05,大関　定男
2025-07-05,奥原　孝子
2025-07-05,小此木　智浩
2025-07-05,尾内　則夫
2025-07-05,小保方　三四子
2025-07-05,金井　英明
2025-07-05,木暮　典子
2025-07-05,後藤　俊治
2025-07-05,小林　眞代
2025-07-05,齋藤　アヤ
2025-07-05,齋藤　民江
2025-07-05,髙橋　洋
2025-07-05,髙栁　テル子
2025-07-05,中島　昭子
2025-07-05,箱田　惠美子
2025-07-05,藤生　宣男
2025-07-05,堀田　益男
2025-07-05,眞嶋　清子
2025-07-05,松村　君江
2025-07-05,宮田　初江
2025-07-05,村岡　洋一
2025-07-05,本木　初江
2025-07-05,山岡　英夫
2025-07-05,大和　米秋
2025-07-05,六本木　利彦
2025-07-07,新井　常子
2025-07-07,井開　重男
2025-07-07,石田　博紀
2025-07-07,大澤　博
2025-07-07,大島　良之
2025-07-07,小椋　正美
2025-07-07,金山　ツイ
2025-07-07,小林　明子
2025-07-07,小屋　知紀
2025-07-07,齋藤　民江
2025-07-07,齋藤　時子
2025-07-07,齋藤　典之
2025-07-07,坂口　和巳
2025-07-07,鈴木　清江
2025-07-07,鶴田　聡
2025-07-07,中島　葉子
2025-07-07,南雲　勝代
2025-07-07,庭山　玲子
2025-07-07,根岸　ヨネ子
2025-07-07,萩原　勝巳
2025-07-07,箱田　惠美子
2025-07-07,藤田　祐公
2025-07-07,堀田　益男
2025-07-07,マスダ　フェハロ　フジコ
2025-07-07,松本　俊史
2025-07-07,丸橋　美榮子
2025-07-07,森　泰江
2025-07-07,吉田　雅志
2025-07-08,阿左美　武子
2025-07-08,新井　幸子
2025-07-08,五十嵐　和郎
2025-07-08,五十嵐　美知子
2025-07-08,今村　春江
2025-07-08,大嶋　好江
2025-07-08,大関　定男
2025-07-08,女屋　昭治
2025-07-08,小保方　三四子
2025-07-08,片山　サヨ子
2025-07-08,金井　英明
2025-07-08,菊川　美枝子
2025-07-08,菊池　二三男
2025-07-08,木暮　禮子
2025-07-08,木村　延明
2025-07-08,ｸﾞｴﾝ･ﾁｰ・　ﾆｭﾝ
2025-07-08,小山　仁一郎
2025-07-08,齋藤　節子
2025-07-08,須藤　志成幸
2025-07-08,関口　雅久
2025-07-08,髙橋　歳一
2025-07-08,立澤　卓也
2025-07-08,田村　タマ
2025-07-08,藤井　弘三
2025-07-08,古澤　利子
2025-07-08,本木　初江
2025-07-08,渡邉　昭
2025-07-08,渡邉　孝夫
2025-07-09,新井　基雄
2025-07-09,井開　重男
2025-07-09,石井　清子
2025-07-09,生形　宏
2025-07-09,大沢　正己
2025-07-09,尾内　則夫
2025-07-09,小野　利明
2025-07-09,川端　キヨ子
2025-07-09,鯉登　和子
2025-07-09,後藤　俊治
2025-07-09,小林　眞代
2025-07-09,小屋　知紀
2025-07-09,齋藤　アヤ
2025-07-09,齋藤　時子
2025-07-09,齋藤　典之
2025-07-09,髙栁　テル子
2025-07-09,箱田　惠美子
2025-07-09,原　貴美子
2025-07-09,原嶋　キン
2025-07-09,藤生　宣男
2025-07-09,松江　光子
2025-07-09,松村　君江
2025-07-09,宮田　初江
2025-07-09,村岡　洋一
2025-07-09,森　洋美
2025-07-09,矢内　弘司
2025-07-09,大和　米秋
2025-07-09,横堀　喜一
2025-07-09,吉田　雅志
2025-07-09,六本木　利彦
2025-07-10,新井　常子
2025-07-10,五十嵐　和郎
2025-07-10,小椋　正美
2025-07-10,小此木　智浩
2025-07-10,川端　キヨ子
2025-07-10,菊川　美枝子
2025-07-10,木村　延明
2025-07-10,ｸﾞｴﾝ･ﾁｰ・　ﾆｭﾝ
2025-07-10,NGUYEN　THI KIM HONG
2025-07-10,鯉登　和子
2025-07-10,小林　明子
2025-07-10,小山　仁一郎
2025-07-10,齋藤　節子
2025-07-10,櫻井　敬祐
2025-07-10,鈴木　清江
2025-07-10,関口　雅久
2025-07-10,髙山　昭房
2025-07-10,箱田　惠美子
2025-07-10,原嶋　キン
2025-07-10,原　久榮
2025-07-10,星野　卓也
2025-07-10,堀田　益男
2025-07-10,眞嶋　清子
2025-07-10,森　泰江
2025-07-11,阿左美　武子
2025-07-11,新井　幸子
2025-07-11,石田　博紀
2025-07-11,今村　春江
2025-07-11,大澤　博
2025-07-11,大島　良之
2025-07-11,女屋　昭治
2025-07-11,小野　利明
2025-07-11,片山　サヨ子
2025-07-11,金山　ツイ
2025-07-11,小屋　知紀
2025-07-11,齋藤　典之
2025-07-11,坂口　和巳
2025-07-11,千保木　みつ江
2025-07-11,塚本　潔
2025-07-11,鶴田　聡
2025-07-11,中島　葉子
2025-07-11,中野　るみ子
2025-07-11,南雲　勝代
2025-07-11,萩原　勝巳
2025-07-11,八田　里江
2025-07-11,藤井　弘三
2025-07-11,藤田　祐公
2025-07-11,古澤　利子
2025-07-11,松江　光子
2025-07-11,矢内　弘司
2025-07-11,横堀　喜一
2025-07-11,渡邉　昭
2025-07-11,渡邉　孝夫
2025-07-12,新井　基雄
2025-07-12,五十嵐　美知子
2025-07-12,石井　清子
2025-07-12,井上　光子
2025-07-12,生形　宏
2025-07-12,大沢　正己
2025-07-12,大関　定男
2025-07-12,奥原　孝子
2025-07-12,小此木　智浩
2025-07-12,尾内　則夫
2025-07-12,小保方　三四子
2025-07-12,金井　英明
2025-07-12,木暮　典子
2025-07-12,後藤　俊治
2025-07-12,小林　眞代
2025-07-12,齋藤　アヤ
2025-07-12,齋藤　民江
2025-07-12,髙橋　洋
2025-07-12,髙栁　テル子
2025-07-12,田村　タマ
2025-07-12,中島　昭子
2025-07-12,原　貴美子
2025-07-12,福田　由紀子
2025-07-12,藤生　宣男
2025-07-12,堀田　益男
2025-07-12,眞嶋　清子
2025-07-12,松村　君江
2025-07-12,宮田　初江
2025-07-12,村岡　洋一
2025-07-12,山岡　英夫
2025-07-12,六本木　利彦
2025-07-14,新井　常子
2025-07-14,今村　春江
2025-07-14,大島　良之
2025-07-14,小椋　正美
2025-07-14,金山　ツイ
2025-07-14,小屋　知紀
2025-07-14,齋藤　民江
2025-07-14,齋藤　時子
2025-07-14,坂口　和巳
2025-07-14,鈴木　清江
2025-07-14,鶴田　聡
2025-07-14,中島　葉子
2025-07-14,中野　るみ子
2025-07-14,南雲　勝代
2025-07-14,庭山　玲子
2025-07-14,萩原　勝巳
2025-07-14,箱田　惠美子
2025-07-14,八田　里江
2025-07-14,原　久榮
2025-07-14,藤田　祐公
2025-07-14,堀田　益男
2025-07-14,マスダ　フェハロ　フジコ
2025-07-14,松本　俊史
2025-07-14,丸橋　美榮子
2025-07-14,森　泰江
2025-07-14,吉田　雅志
2025-07-15,阿左美　武子
2025-07-15,新井　幸子
2025-07-15,五十嵐　和郎
2025-07-15,五十嵐　美知子
2025-07-15,岩澤　秀子
2025-07-15,大澤　博
2025-07-15,大嶋　好江
2025-07-15,女屋　昭治
2025-07-15,小保方　三四子
2025-07-15,片山　サヨ子
2025-07-15,菊川　美枝子
2025-07-15,菊池　二三男
2025-07-15,木暮　禮子
2025-07-15,木村　延明
2025-07-15,ｸﾞｴﾝ･ﾁｰ・　ﾆｭﾝ
2025-07-15,NGUYEN　THI KIM HONG
2025-07-15,小山　仁一郎
2025-07-15,齊藤　敦
2025-07-15,齋藤　節子
2025-07-15,清水　覚
2025-07-15,須藤　志成幸
2025-07-15,立澤　卓也
2025-07-15,田村　タマ
2025-07-15,藤井　弘三
2025-07-15,古澤　利子
2025-07-15,渡邉　昭
2025-07-15,渡邉　孝夫
2025-07-16,新井　基雄
2025-07-16,井開　重男
2025-07-16,石井　清子
2025-07-16,生形　宏
2025-07-16,大沢　正己
2025-07-16,尾内　則夫
2025-07-16,小野　利明
2025-07-16,倉林　晶子
2025-07-16,鯉登　和子
2025-07-16,後藤　俊治
2025-07-16,小林　眞代
2025-07-16,小屋　知紀
2025-07-16,齋藤　アヤ
2025-07-16,齋藤　時子
2025-07-16,齋藤　典之
2025-07-16,髙橋　洋
2025-07-16,髙栁　テル子
2025-07-16,中島　喜作
2025-07-16,中野　るみ子
2025-07-16,箱田　惠美子
2025-07-16,原嶋　キン
2025-07-16,藤生　宣男
2025-07-16,松村　君江
2025-07-16,宮田　初江
2025-07-16,村岡　洋一
2025-07-16,森　洋美
2025-07-16,矢内　弘司
2025-07-16,大和　米秋
2025-07-16,横堀　喜一
2025-07-16,吉田　雅志
2025-07-17,新井　常子
2025-07-17,岩澤　秀子
2025-07-17,小椋　正美
2025-07-17,小此木　智浩
2025-07-17,川端　キヨ子
2025-07-17,菊川　美枝子
2025-07-17,菊池　二三男
2025-07-17,木村　延明
2025-07-17,ｸﾞｴﾝ･ﾁｰ・　ﾆｭﾝ
2025-07-17,NGUYEN　THI KIM HONG
2025-07-17,鯉登　和子
2025-07-17,小山　仁一郎
2025-07-17,齋藤　節子
2025-07-17,櫻井　敬祐
2025-07-17,鈴木　清江
2025-07-17,髙山　昭房
2025-07-17,原嶋　キン
2025-07-17,原　久榮
2025-07-17,星野　卓也
2025-07-17,堀田　益男
2025-07-17,眞嶋　清子
2025-07-17,本山　二郎
2025-07-17,森　泰江
2025-07-17,横澤　英子
2025-07-18,阿左美　武子
2025-07-18,新井　幸子
2025-07-18,石田　博紀
2025-07-18,今村　春江
2025-07-18,大澤　博
2025-07-18,大島　良之
2025-07-18,女屋　昭治
2025-07-18,片山　サヨ子
2025-07-18,金山　ツイ
2025-07-18,倉林　晶子
2025-07-18,小屋　知紀
2025-07-18,坂口　和巳
2025-07-18,塚本　潔
2025-07-18,鶴田　聡
2025-07-18,中島　葉子
2025-07-18,中野　るみ子
2025-07-18,南雲　勝代
2025-07-18,萩原　勝巳
2025-07-18,八田　里江
2025-07-18,藤井　弘三
2025-07-18,藤田　祐公
2025-07-18,古澤　利子
2025-07-18,横堀　喜一
2025-07-18,渡邉　昭
2025-07-19,新井　基雄
2025-07-19,五十嵐　美知子
2025-07-19,石井　清子
2025-07-19,井上　光子
2025-07-19,生形　宏
2025-07-19,大沢　正己
2025-07-19,大関　定男
2025-07-19,奥原　孝子
2025-07-19,小此木　智浩
2025-07-19,尾内　則夫
2025-07-19,小保方　三四子
2025-07-19,木暮　典子
2025-07-19,後藤　俊治
2025-07-19,齋藤　アヤ
2025-07-19,齋藤　民江
2025-07-19,髙橋　洋
2025-07-19,髙栁　テル子
2025-07-19,中島　昭子
2025-07-19,箱田　惠美子
2025-07-19,藤生　宣男
2025-07-19,堀田　益男
2025-07-19,眞嶋　清子
2025-07-19,松村　君江
2025-07-19,宮田　初江
2025-07-19,村岡　洋一
2025-07-19,本木　初江
2025-07-19,山岡　英夫
2025-07-19,大和　米秋
2025-07-19,六本木　利彦
2025-07-21,新井　常子
2025-07-21,井開　重男
2025-07-21,石田　博紀
2025-07-21,大澤　博
2025-07-21,大島　良之
2025-07-21,小椋　正美
2025-07-21,金山　ツイ
2025-07-21,小屋　知紀
2025-07-21,齋藤　民江
2025-07-21,齋藤　時子
2025-07-21,齋藤　典之
2025-07-21,鶴田　聡
2025-07-21,中島　葉子
2025-07-21,中野　るみ子
2025-07-21,南雲　勝代
2025-07-21,庭山　玲子
2025-07-21,萩原　勝巳
2025-07-21,箱田　惠美子
2025-07-21,藤田　祐公
2025-07-21,堀田　益男
2025-07-21,松本　俊史
2025-07-21,丸橋　美榮子
2025-07-21,森　泰江
2025-07-21,吉田　雅志
2025-07-22,阿左美　武子
2025-07-22,新井　幸子
2025-07-22,五十嵐　和郎
2025-07-22,五十嵐　美知子
2025-07-22,今村　春江
2025-07-22,大嶋　好江
2025-07-22,大関　定男
2025-07-22,女屋　昭治
2025-07-22,小保方　三四子
2025-07-22,片山　サヨ子
2025-07-22,金井　英明
2025-07-22,菊川　美枝子
2025-07-22,菊池　二三男
2025-07-22,木暮　禮子
2025-07-22,木村　延明
2025-07-22,ｸﾞｴﾝ･ﾁｰ・　ﾆｭﾝ
2025-07-22,NGUYEN　THI KIM HONG
2025-07-22,小山　仁一郎
2025-07-22,齊藤　敦
2025-07-22,齋藤　節子
2025-07-22,清水　覚
2025-07-22,須藤　志成幸
2025-07-22,立澤　卓也
2025-07-22,藤井　弘三
2025-07-22,古澤　利子
2025-07-22,本木　初江
2025-07-22,渡邉　昭
2025-07-23,新井　基雄
2025-07-23,井開　重男
2025-07-23,石井　清子
2025-07-23,生形　宏
2025-07-23,大沢　正己
2025-07-23,尾内　則夫
2025-07-23,川端　キヨ子
2025-07-23,鯉登　和子
2025-07-23,後藤　俊治
2025-07-23,小林　眞代
2025-07-23,小屋　知紀
2025-07-23,齋藤　アヤ
2025-07-23,齋藤　時子
2025-07-23,齋藤　典之
2025-07-23,髙橋　洋
2025-07-23,髙栁　テル子
2025-07-23,中島　喜作
2025-07-23,箱田　惠美子
2025-07-23,原嶋　キン
2025-07-23,藤生　宣男
2025-07-23,松村　君江
2025-07-23,宮田　初江
2025-07-23,村岡　洋一
2025-07-23,森　洋美
2025-07-23,矢内　弘司
2025-07-23,横堀　喜一
2025-07-23,吉田　雅志
2025-07-23,六本木　利彦
2025-07-24,五十嵐　和郎
2025-07-24,岩沼　百合子
2025-07-24,小椋　正美
2025-07-24,小此木　智浩
2025-07-24,川端　キヨ子
2025-07-24,菊川　美枝子
2025-07-24,菊池　二三男
2025-07-24,木村　延明
2025-07-24,ｸﾞｴﾝ･ﾁｰ・　ﾆｭﾝ
2025-07-24,NGUYEN　THI KIM HONG
2025-07-24,鯉登　和子
2025-07-24,小山　仁一郎
2025-07-24,齋藤　節子
2025-07-24,櫻井　敬祐
2025-07-24,鈴木　清江
2025-07-24,髙山　昭房
2025-07-24,原嶋　キン
2025-07-24,原　久榮
2025-07-24,眞嶋　清子
2025-07-24,森　泰江
2025-07-25,阿左美　武子
2025-07-25,新井　幸子
2025-07-25,石田　博紀
2025-07-25,今村　春江
2025-07-25,岩沼　百合子
2025-07-25,大澤　博
2025-07-25,大島　良之
2025-07-25,大城　フリオ
2025-07-25,女屋　昭治
2025-07-25,片山　サヨ子
2025-07-25,加藤　正
2025-07-25,金山　ツイ
2025-07-25,菊池　二三男
2025-07-25,齊藤　敦
2025-07-25,齋藤　典之
2025-07-25,坂口　和巳
2025-07-25,塚本　潔
2025-07-25,中島　葉子
2025-07-25,南雲　勝代
2025-07-25,萩原　勝巳
2025-07-25,箱田　惠美子
2025-07-25,八田　里江
2025-07-25,藤井　弘三
2025-07-25,古澤　利子
2025-07-25,矢内　弘司
2025-07-25,横堀　喜一
2025-07-25,渡邉　昭
2025-07-26,新井　基雄
2025-07-26,五十嵐　美知子
2025-07-26,石井　清子
2025-07-26,井上　光子
2025-07-26,生形　宏
2025-07-26,大沢　正己
2025-07-26,大関　定男
2025-07-26,奥原　孝子
2025-07-26,小此木　智浩
2025-07-26,尾内　則夫
2025-07-26,小保方　三四子
2025-07-26,金井　英明
2025-07-26,木暮　典子
2025-07-26,後藤　俊治
2025-07-26,小林　眞代
2025-07-26,齋藤　アヤ
2025-07-26,齋藤　民江
2025-07-26,髙橋　洋
2025-07-26,髙栁　テル子
2025-07-26,中島　昭子
2025-07-26,原　貴美子
2025-07-26,藤生　宣男
2025-07-26,堀田　益男
2025-07-26,眞嶋　清子
2025-07-26,松村　君江
2025-07-26,宮田　初江
2025-07-26,村岡　洋一
2025-07-26,本木　初江
2025-07-26,山岡　英夫
2025-07-26,大和　米秋
2025-07-26,六本木　利彦
2025-07-28,新井　常子
2025-07-28,井開　重男
2025-07-28,石田　博紀
2025-07-28,岩沼　百合子
2025-07-28,大澤　博
2025-07-28,大島　良之
2025-07-28,大城　フリオ
2025-07-28,小椋　正美
2025-07-28,加藤　正
2025-07-28,金山　ツイ
2025-07-28,小屋　知紀
2025-07-28,齋藤　民江
2025-07-28,齋藤　時子
2025-07-28,齋藤　典之
2025-07-28,坂口　和巳
2025-07-28,鈴木　清江
2025-07-28,鶴田　聡
2025-07-28,中島　葉子
2025-07-28,南雲　勝代
2025-07-28,庭山　玲子
2025-07-28,根岸　ヨネ子
2025-07-28,萩原　勝巳
2025-07-28,箱田　惠美子
2025-07-28,八田　里江
2025-07-28,原　久榮
2025-07-28,松本　俊史
2025-07-28,森　泰江
2025-07-28,吉田　雅志
2025-07-29,阿左美　武子
2025-07-29,新井　幸子
2025-07-29,五十嵐　和郎
2025-07-29,五十嵐　美知子
2025-07-29,今村　春江
2025-07-29,大関　定男
2025-07-29,女屋　昭治
2025-07-29,小保方　三四子
2025-07-29,片山　サヨ子
2025-07-29,菊川　美枝子
2025-07-29,菊池　二三男
2025-07-29,木暮　禮子
2025-07-29,木村　延明
2025-07-29,ｸﾞｴﾝ･ﾁｰ・　ﾆｭﾝ
2025-07-29,NGUYEN　THI KIM HONG
2025-07-29,小山　仁一郎
2025-07-29,齋藤　節子
2025-07-29,清水　覚
2025-07-29,須藤　志成幸
2025-07-29,髙橋　歳一
2025-07-29,立澤　卓也
2025-07-29,藤井　弘三
2025-07-29,古澤　利子
2025-07-29,本木　初江
2025-07-29,渡邉　昭
2025-07-30,新井　基雄
2025-07-30,井開　重男
2025-07-30,石井　清子
2025-07-30,生形　宏
2025-07-30,大沢　正己
2025-07-30,尾内　則夫
2025-07-30,倉林　晶子
2025-07-30,鯉登　和子
2025-07-30,後藤　俊治
2025-07-30,小屋　知紀
2025-07-30,齋藤　アヤ
2025-07-30,齋藤　時子
2025-07-30,齋藤　典之
2025-07-30,髙橋　洋
2025-07-30,髙栁　テル子
2025-07-30,中野　るみ子
2025-07-30,箱田　惠美子
2025-07-30,原　貴美子
2025-07-30,原嶋　キン
2025-07-30,藤生　宣男
2025-07-30,松村　君江
2025-07-30,宮田　初江
2025-07-30,村岡　洋一
2025-07-30,森　洋美
2025-07-30,矢内　弘司
2025-07-30,大和　米秋
2025-07-30,横堀　喜一
2025-07-30,吉田　雅志
2025-07-30,六本木　利彦
2025-07-31,新井　常子
2025-07-31,五十嵐　和郎
2025-07-31,岩沼　百合子
2025-07-31,小椋　正美
2025-07-31,小此木　智浩
2025-07-31,菊川　美枝子
2025-07-31,菊池　二三男
2025-07-31,木村　延明
2025-07-31,ｸﾞｴﾝ･ﾁｰ・　ﾆｭﾝ
2025-07-31,NGUYEN　THI KIM HONG
2025-07-31,鯉登　和子
2025-07-31,小山　仁一郎
2025-07-31,齋藤　節子
2025-07-31,櫻井　敬祐
2025-07-31,鈴木　清江
2025-07-31,関口　雅久
2025-07-31,髙山　昭房
2025-07-31,根岸　ヨネ子
2025-07-31,原嶋　キン
2025-07-31,原　久榮
2025-07-31,星野　卓也
2025-07-31,眞嶋　清子
2025-07-31,本山　二郎
2025-07-31,森　泰江
2025-07-31,横澤　英子
2025-08-01,阿左美　武子
2025-08-01,新井　幸子
2025-08-01,石田　博紀
2025-08-01,今村　春江
2025-08-01,岩沼　百合子
2025-08-01,大島　良之
2025-08-01,大城　フリオ
2025-08-01,女屋　昭治
2025-08-01,片山　サヨ子
2025-08-01,加藤　正
2025-08-01,金山　ツイ
2025-08-01,倉林　晶子
2025-08-01,小屋　知紀
2025-08-01,齊藤　敦
2025-08-01,齋藤　典之
2025-08-01,坂口　和巳
2025-08-01,佐藤　光男
2025-08-01,塚本　潔
2025-08-01,鶴田　聡
2025-08-01,中野　るみ子
2025-08-01,南雲　勝代
2025-08-01,萩原　勝巳
2025-08-01,八田　里江
2025-08-01,藤井　弘三
2025-08-01,古澤　利子
2025-08-01,横堀　喜一
2025-08-01,渡邉　昭
2025-08-01,渡邉　孝夫
2025-08-02,新井　基雄
2025-08-02,五十嵐　美知子
2025-08-02,石井　清子
2025-08-02,井上　光子
2025-08-02,生形　宏
2025-08-02,大沢　正己
2025-08-02,大関　定男
2025-08-02,奥原　孝子
2025-08-02,小此木　智浩
2025-08-02,尾内　則夫
2025-08-02,小保方　三四子
2025-08-02,金井　英明
2025-08-02,木暮　典子
2025-08-02,後藤　俊治
2025-08-02,小林　眞代
2025-08-02,齋藤　アヤ
2025-08-02,齋藤　民江
2025-08-02,髙橋　洋
2025-08-02,髙栁　テル子
2025-08-02,中島　昭子
2025-08-02,藤生　宣男
2025-08-02,堀田　益男
2025-08-02,眞嶋　清子
2025-08-02,松村　君江
2025-08-02,宮田　初江
2025-08-02,村岡　洋一
2025-08-02,本木　初江
2025-08-02,山岡　英夫
2025-08-02,大和　米秋
2025-08-02,横澤　英子
2025-08-02,六本木　利彦
2025-08-04,新井　常子
2025-08-04,井開　重男
2025-08-04,石田　博紀
2025-08-04,岩沼　百合子
2025-08-04,大澤　博
2025-08-04,大島　良之
2025-08-04,大城　フリオ
2025-08-04,小椋　正美
2025-08-04,加藤　正
2025-08-04,金山　ツイ
2025-08-04,齋藤　民江
2025-08-04,齋藤　時子
2025-08-04,齋藤　典之
2025-08-04,坂口　和巳
2025-08-04,鈴木　清江
2025-08-04,鶴田　聡
2025-08-04,中島　葉子
2025-08-04,中野　るみ子
2025-08-04,南雲　勝代
2025-08-04,庭山　玲子
2025-08-04,根岸　ヨネ子
2025-08-04,萩原　勝巳
2025-08-04,箱田　惠美子
2025-08-04,八田　里江
2025-08-04,原　久榮
2025-08-04,堀田　益男
2025-08-04,マスダ　フェハロ　フジコ
2025-08-04,松本　俊史
2025-08-04,丸橋　美榮子
2025-08-04,森　泰江
2025-08-04,矢内　弘司
2025-08-04,吉田　雅志
2025-08-05,阿左美　武子
2025-08-05,五十嵐　和郎
2025-08-05,五十嵐　美知子
2025-08-05,今村　春江
2025-08-05,大嶋　好江
2025-08-05,大関　定男
2025-08-05,女屋　昭治
2025-08-05,小保方　三四子
2025-08-05,片山　サヨ子
2025-08-05,金井　英明
2025-08-05,菊川　美枝子
2025-08-05,菊池　二三男
2025-08-05,木暮　禮子
2025-08-05,木村　延明
2025-08-05,ｸﾞｴﾝ･ﾁｰ・　ﾆｭﾝ
2025-08-05,NGUYEN　THI KIM HONG
2025-08-05,小山　仁一郎
2025-08-05,齊藤　敦
2025-08-05,齋藤　節子
2025-08-05,清水　覚
2025-08-05,須藤　志成幸
2025-08-05,関口　雅久
2025-08-05,立澤　卓也
2025-08-05,田村　タマ
2025-08-05,藤井　弘三
2025-08-05,古澤　利子
2025-08-05,本木　初江
2025-08-05,渡邉　昭
2025-08-05,渡邉　孝夫
2025-08-06,新井　基雄
2025-08-06,井開　重男
2025-08-06,石井　清子
2025-08-06,生形　宏
2025-08-06,大沢　正己
2025-08-06,尾内　則夫
2025-08-06,倉林　晶子
2025-08-06,鯉登　和子
2025-08-06,後藤　俊治
2025-08-06,小林　眞代
2025-08-06,小屋　知紀
2025-08-06,齋藤　アヤ
2025-08-06,齋藤　時子
2025-08-06,齋藤　典之
2025-08-06,佐藤　光男
2025-08-06,髙橋　洋
2025-08-06,髙栁　テル子
2025-08-06,中島　喜作
2025-08-06,中野　るみ子
2025-08-06,箱田　惠美子
2025-08-06,原嶋　キン
2025-08-06,藤生　宣男
2025-08-06,松江　光子
2025-08-06,松村　君江
2025-08-06,宮田　初江
2025-08-06,村岡　洋一
2025-08-06,森　洋美
2025-08-06,矢内　弘司
2025-08-06,大和　米秋
2025-08-06,横堀　喜一
2025-08-07,新井　常子
2025-08-07,五十嵐　和郎
2025-08-07,岩沼　百合子
2025-08-07,小椋　正美
2025-08-07,小此木　智浩
2025-08-07,菊川　美枝子
2025-08-07,菊池　二三男
2025-08-07,木村　延明
2025-08-07,ｸﾞｴﾝ･ﾁｰ・　ﾆｭﾝ
2025-08-07,NGUYEN　THI KIM HONG
2025-08-07,鯉登　和子
2025-08-07,小屋　知紀
2025-08-07,小山　仁一郎
2025-08-07,齋藤　節子
2025-08-07,櫻井　敬祐
2025-08-07,鈴木　清江
2025-08-07,関口　雅久
2025-08-07,髙橋　歳一
2025-08-07,髙山　昭房
2025-08-07,根岸　ヨネ子
2025-08-07,原嶋　キン
2025-08-07,原　久榮
2025-08-07,布施　哲雄
2025-08-07,堀田　益男
2025-08-07,眞嶋　清子
2025-08-07,本山　二郎
2025-08-07,森　泰江
2025-08-08,阿左美　武子
2025-08-08,石田　博紀
2025-08-08,今村　春江
2025-08-08,岩沼　百合子
2025-08-08,大澤　博
2025-08-08,大島　良之
2025-08-08,大城　フリオ
2025-08-08,女屋　昭治
2025-08-08,片山　サヨ子
2025-08-08,加藤　正
2025-08-08,金山　ツイ
2025-08-08,倉林　晶子
2025-08-08,小屋　知紀
2025-08-08,齋藤　典之
2025-08-08,坂口　和巳
2025-08-08,佐藤　光男
2025-08-08,塚本　潔
2025-08-08,鶴田　聡
2025-08-08,中島　葉子
2025-08-08,南雲　勝代
2025-08-08,萩原　勝巳
2025-08-08,八田　里江
2025-08-08,藤井　弘三
2025-08-08,古澤　利子
2025-08-08,松江　光子
2025-08-08,横堀　喜一
2025-08-08,渡邉　昭
2025-08-08,渡邉　孝夫
2025-08-09,新井　基雄
2025-08-09,五十嵐　美知子
2025-08-09,池田　美紀
2025-08-09,石井　清子
2025-08-09,井上　光子
2025-08-09,生形　宏
2025-08-09,大沢　正己
2025-08-09,大関　定男
2025-08-09,奥原　孝子
2025-08-09,小此木　智浩
2025-08-09,尾内　則夫
2025-08-09,小保方　三四子
2025-08-09,金井　英明
2025-08-09,木暮　典子
2025-08-09,後藤　俊治
2025-08-09,小林　眞代
2025-08-09,齋藤　アヤ
2025-08-09,齋藤　民江
2025-08-09,髙栁　テル子
2025-08-09,田村　タマ
2025-08-09,中島　昭子
2025-08-09,箱田　惠美子
2025-08-09,福田　由紀子
2025-08-09,藤生　宣男
2025-08-09,堀田　益男
2025-08-09,眞嶋　清子
2025-08-09,松村　君江
2025-08-09,宮田　初江
2025-08-09,村岡　洋一
2025-08-09,山岡　英夫
2025-08-09,六本木　利彦
2025-08-11,新井　常子
2025-08-11,井開　重男
2025-08-11,石田　博紀
2025-08-11,岩沼　百合子
2025-08-11,大澤　博
2025-08-11,大島　良之
2025-08-11,大城　フリオ
2025-08-11,小椋　正美
2025-08-11,加藤　正
2025-08-11,金山　ツイ
2025-08-11,小屋　知紀
2025-08-11,齋藤　民江
2025-08-11,齋藤　時子
2025-08-11,齋藤　典之
2025-08-11,佐藤　光男
2025-08-11,塩谷　武夫
2025-08-11,鈴木　清江
2025-08-11,鶴田　聡
2025-08-11,中島　葉子
2025-08-11,南雲　勝代
2025-08-11,庭山　玲子
2025-08-11,根岸　ヨネ子
2025-08-11,萩原　勝巳
2025-08-11,箱田　惠美子
2025-08-11,堀田　益男
2025-08-11,マスダ　フェハロ　フジコ
2025-08-11,松本　俊史
2025-08-11,森　泰江
2025-08-11,吉田　雅志
2025-08-12,阿左美　武子
2025-08-12,新井　幸子
2025-08-12,五十嵐　和郎
2025-08-12,五十嵐　美知子
2025-08-12,今村　春江
2025-08-12,大嶋　好江
2025-08-12,大関　定男
2025-08-12,女屋　昭治
2025-08-12,小保方　三四子
2025-08-12,片山　サヨ子
2025-08-12,金井　英明
2025-08-12,菊川　美枝子
2025-08-12,菊池　二三男
2025-08-12,木暮　禮子
2025-08-12,木村　延明
2025-08-12,ｸﾞｴﾝ･ﾁｰ・　ﾆｭﾝ
2025-08-12,NGUYEN　THI KIM HONG
2025-08-12,小山　仁一郎
2025-08-12,齊藤　敦
2025-08-12,齋藤　節子
2025-08-12,清水　覚
2025-08-12,須藤　志成幸
2025-08-12,髙橋　歳一
2025-08-12,立澤　卓也
2025-08-12,田村　タマ
2025-08-12,藤井　弘三
2025-08-12,古澤　利子
2025-08-12,渡邉　昭
2025-08-12,渡邉　孝夫
2025-08-13,新井　基雄
2025-08-13,井開　重男
2025-08-13,石井　清子
2025-08-13,大沢　正己
2025-08-13,尾内　則夫
2025-08-13,小野　利明
2025-08-13,鯉登　和子
2025-08-13,後藤　俊治
2025-08-13,小林　眞代
2025-08-13,小屋　知紀
2025-08-13,齋藤　アヤ
2025-08-13,齋藤　時子
2025-08-13,齋藤　典之
2025-08-13,髙橋　洋
2025-08-13,髙栁　テル子
2025-08-13,中島　喜作
2025-08-13,箱田　惠美子
2025-08-13,原　貴美子
2025-08-13,原嶋　キン
2025-08-13,藤生　宣男
2025-08-13,松江　光子
2025-08-13,松村　君江
2025-08-13,宮田　初江
2025-08-13,村岡　洋一
2025-08-13,森　洋美
2025-08-13,矢内　弘司
2025-08-13,大和　米秋
2025-08-13,横堀　喜一
2025-08-13,吉田　雅志
2025-08-13,六本木　利彦
2025-08-14,新井　常子
2025-08-14,五十嵐　和郎
2025-08-14,岩沼　百合子
2025-08-14,小椋　正美
2025-08-14,小此木　智浩
2025-08-14,菊川　美枝子
2025-08-14,菊池　雄八
2025-08-14,ｸﾞｴﾝ･ﾁｰ・　ﾆｭﾝ
2025-08-14,NGUYEN　THI KIM HONG
2025-08-14,鯉登　和子
2025-08-14,小山　仁一郎
2025-08-14,齋藤　節子
2025-08-14,鈴木　清江
2025-08-14,髙橋　歳一
2025-08-14,髙山　昭房
2025-08-14,根岸　ヨネ子
2025-08-14,箱田　惠美子
2025-08-14,原嶋　キン
2025-08-14,原　久榮
2025-08-14,星野　卓也
2025-08-14,堀田　益男
2025-08-14,眞嶋　清子
2025-08-14,森　泰江
2025-08-15,新井　幸子
2025-08-15,石田　博紀
2025-08-15,今村　春江
2025-08-15,岩沼　百合子
2025-08-15,大澤　博
2025-08-15,大島　良之
2025-08-15,大城　フリオ
2025-08-15,女屋　昭治
2025-08-15,小野　利明
2025-08-15,片山　サヨ子
2025-08-15,加藤　正
2025-08-15,倉林　晶子
2025-08-15,齋藤　典之
2025-08-15,鶴田　聡
2025-08-15,中島　葉子
2025-08-15,南雲　勝代
2025-08-15,萩原　勝巳
2025-08-15,藤井　弘三
2025-08-15,古澤　利子
2025-08-15,松江　光子
2025-08-15,横堀　喜一
2025-08-15,渡邉　昭
2025-08-15,渡邉　孝夫
2025-08-16,新井　基雄
2025-08-16,五十嵐　美知子
2025-08-16,池田　美紀
2025-08-16,石井　清子
2025-08-16,井上　光子
2025-08-16,生形　宏
2025-08-16,大沢　正己
2025-08-16,大関　定男
2025-08-16,小此木　智浩
2025-08-16,尾内　則夫
2025-08-16,小保方　三四子
2025-08-16,金井　英明
2025-08-16,木暮　典子
2025-08-16,後藤　俊治
2025-08-16,小林　眞代
2025-08-16,齋藤　アヤ
2025-08-16,塩谷　武夫
2025-08-16,髙橋　洋
2025-08-16,髙栁　テル子
2025-08-16,田村　タマ
2025-08-16,中島　昭子
2025-08-16,藤生　宣男
2025-08-16,堀田　益男
2025-08-16,眞嶋　清子
2025-08-16,松村　君江
2025-08-16,宮田　初江
2025-08-16,村岡　洋一
2025-08-16,山岡　英夫
2025-08-16,六本木　利彦
2025-08-18,新井　常子
2025-08-18,井開　重男
2025-08-18,石田　博紀
2025-08-18,岩沼　百合子
2025-08-18,大澤　博
2025-08-18,大島　良之
2025-08-18,大城　フリオ
2025-08-18,小椋　正美
2025-08-18,加藤　正
2025-08-18,金山　ツイ
2025-08-18,小屋　知紀
2025-08-18,齋藤　アヤ
2025-08-18,齋藤　民江
2025-08-18,齋藤　時子
2025-08-18,齋藤　典之
2025-08-18,坂口　和巳
2025-08-18,鈴木　清江
2025-08-18,鶴田　聡
2025-08-18,中島　葉子
2025-08-18,南雲　勝代
2025-08-18,庭山　玲子
2025-08-18,根岸　ヨネ子
2025-08-18,萩原　勝巳
2025-08-18,箱田　惠美子
2025-08-18,八田　里江
2025-08-18,原　久榮
2025-08-18,堀田　益男
2025-08-18,マスダ　フェハロ　フジコ
2025-08-18,松本　俊史
2025-08-18,丸橋　美榮子
2025-08-18,矢内　弘司
2025-08-18,吉田　雅志
2025-08-19,阿左美　武子
2025-08-19,新井　幸子
2025-08-19,五十嵐　和郎
2025-08-19,五十嵐　美知子
2025-08-19,今村　春江
2025-08-19,大嶋　好江
2025-08-19,大関　定男
2025-08-19,女屋　昭治
2025-08-19,小保方　三四子
2025-08-19,片山　サヨ子
2025-08-19,菊川　美枝子
2025-08-19,木暮　禮子
2025-08-19,木村　延明
2025-08-19,ｸﾞｴﾝ･ﾁｰ・　ﾆｭﾝ
2025-08-19,NGUYEN　THI KIM HONG
2025-08-19,小山　仁一郎
2025-08-19,齊藤　敦
2025-08-19,齋藤　節子
2025-08-19,清水　覚
2025-08-19,須藤　志成幸
2025-08-19,立澤　卓也
2025-08-19,藤井　弘三
2025-08-19,古澤　利子
2025-08-19,本木　初江
2025-08-19,森　泰江
2025-08-19,渡邉　昭
2025-08-19,渡邉　孝夫
2025-08-20,井開　重男
2025-08-20,石井　清子
2025-08-20,生形　宏
2025-08-20,大沢　正己
2025-08-20,尾内　則夫
2025-08-20,倉林　晶子
2025-08-20,鯉登　和子
2025-08-20,後藤　俊治
2025-08-20,小屋　知紀
2025-08-20,齋藤　アヤ
2025-08-20,齋藤　時子
2025-08-20,齋藤　典之
2025-08-20,髙橋　洋
2025-08-20,髙栁　テル子
2025-08-20,中島　喜作
2025-08-20,中野　るみ子
2025-08-20,箱田　惠美子
2025-08-20,原嶋　キン
2025-08-20,藤生　宣男
2025-08-20,松江　光子
2025-08-20,松村　君江
2025-08-20,宮田　初江
2025-08-20,村岡　洋一
2025-08-20,森　洋美
2025-08-20,矢内　弘司
2025-08-20,大和　米秋
2025-08-20,横堀　喜一
2025-08-20,吉田　雅志
2025-08-20,六本木　利彦
2025-08-21,新井　常子
2025-08-21,五十嵐　和郎
2025-08-21,小椋　正美
2025-08-21,小此木　智浩
2025-08-21,菊川　美枝子
2025-08-21,菊池　二三男
2025-08-21,菊池　雄八
2025-08-21,木村　延明
2025-08-21,ｸﾞｴﾝ･ﾁｰ・　ﾆｭﾝ
2025-08-21,NGUYEN　THI KIM HONG
2025-08-21,小山　仁一郎
2025-08-21,齋藤　節子
2025-08-21,櫻井　敬祐
2025-08-21,鈴木　清江
2025-08-21,關川　浩
2025-08-21,髙橋　歳一
2025-08-21,根岸　ヨネ子
2025-08-21,箱田　惠美子
2025-08-21,原嶋　キン
2025-08-21,原　久榮
2025-08-21,堀田　益男
2025-08-21,眞嶋　清子
2025-08-21,本山　二郎
2025-08-21,森　泰江
2025-08-21,横澤　英子
2025-08-22,阿左美　武子
2025-08-22,新井　幸子
2025-08-22,石田　博紀
2025-08-22,今村　春江
2025-08-22,大澤　博
2025-08-22,大島　良之
2025-08-22,大城　フリオ
2025-08-22,女屋　昭治
2025-08-22,小野　利明
2025-08-22,片山　サヨ子
2025-08-22,加藤　正
2025-08-22,金山　ツイ
2025-08-22,倉林　晶子
2025-08-22,小屋　知紀
2025-08-22,坂口　和巳
2025-08-22,鶴田　聡
2025-08-22,中島　葉子
2025-08-22,中野　るみ子
2025-08-22,南雲　勝代
2025-08-22,萩原　勝巳
2025-08-22,八田　里江
2025-08-22,藤井　弘三
2025-08-22,古澤　利子
2025-08-22,松江　光子
2025-08-22,横堀　喜一
2025-08-22,渡邉　昭
2025-08-23,新井　基雄
2025-08-23,五十嵐　美知子
2025-08-23,池田　美紀
2025-08-23,石井　清子
2025-08-23,井上　光子
2025-08-23,生形　宏
2025-08-23,大沢　正己
2025-08-23,大関　定男
2025-08-23,奥原　孝子
2025-08-23,小此木　智浩
2025-08-23,尾内　則夫
2025-08-23,小保方　三四子
2025-08-23,後藤　俊治
2025-08-23,小林　眞代
2025-08-23,小和瀨　潤
2025-08-23,齋藤　アヤ
2025-08-23,齋藤　民江
2025-08-23,塩谷　武夫
2025-08-23,髙栁　テル子
2025-08-23,中島　昭子
2025-08-23,原　貴美子
2025-08-23,藤生　宣男
2025-08-23,堀田　益男
2025-08-23,眞嶋　清子
2025-08-23,松村　君江
2025-08-23,宮田　初江
2025-08-23,村岡　洋一
2025-08-23,本木　初江
2025-08-23,山岡　英夫
2025-08-23,大和　米秋
2025-08-25,新井　常子
2025-08-25,井開　重男
2025-08-25,石田　博紀
2025-08-25,大澤　博
2025-08-25,大島　良之
2025-08-25,大城　フリオ
2025-08-25,小椋　正美
2025-08-25,加藤　正
2025-08-25,金山　ツイ
2025-08-25,小屋　知紀
2025-08-25,齋藤　民江
2025-08-25,齋藤　時子
2025-08-25,坂口　和巳
2025-08-25,鈴木　清江
2025-08-25,中島　葉子
2025-08-25,中野　るみ子
2025-08-25,南雲　勝代
2025-08-25,根岸　ヨネ子
2025-08-25,萩原　勝巳
2025-08-25,箱田　惠美子
2025-08-25,八田　里江
2025-08-25,原　久榮
2025-08-25,堀田　益男
2025-08-25,マスダ　フェハロ　フジコ
2025-08-25,松本　俊史
2025-08-25,丸橋　美榮子
2025-08-25,森　泰江
2025-08-25,矢内　弘司
2025-08-25,吉田　雅志
2025-08-26,阿左美　武子
2025-08-26,新井　幸子
2025-08-26,五十嵐　和郎
2025-08-26,五十嵐　美知子
2025-08-26,今村　春江
2025-08-26,大嶋　好江
2025-08-26,女屋　昭治
2025-08-26,小保方　三四子
2025-08-26,片山　サヨ子
2025-08-26,金井　英明
2025-08-26,菊川　美枝子
2025-08-26,菊池　二三男
2025-08-26,木暮　禮子
2025-08-26,木村　延明
2025-08-26,ｸﾞｴﾝ･ﾁｰ・　ﾆｭﾝ
2025-08-26,NGUYEN　THI KIM HONG
2025-08-26,小林　眞代
2025-08-26,小山　仁一郎
2025-08-26,齋藤　節子
2025-08-26,清水　覚
2025-08-26,髙橋　歳一
2025-08-26,立澤　卓也
2025-08-26,藤井　弘三
2025-08-26,古澤　利子
2025-08-26,本木　初江
2025-08-26,渡邉　昭
2025-08-27,新井　基雄
2025-08-27,井開　重男
2025-08-27,石井　清子
2025-08-27,生形　宏
2025-08-27,大沢　正己
2025-08-27,尾内　則夫
2025-08-27,小野　利明
2025-08-27,倉林　晶子
2025-08-27,鯉登　和子
2025-08-27,後藤　俊治
2025-08-27,小屋　知紀
2025-08-27,齋藤　アヤ
2025-08-27,齋藤　時子
2025-08-27,齋藤　典之
2025-08-27,髙橋　洋
2025-08-27,髙栁　テル子
2025-08-27,中島　喜作
2025-08-27,中野　るみ子
2025-08-27,箱田　惠美子
2025-08-27,原　貴美子
2025-08-27,原嶋　キン
2025-08-27,藤生　宣男
2025-08-27,松江　光子
2025-08-27,松村　君江
2025-08-27,宮田　初江
2025-08-27,村岡　洋一
2025-08-27,森　洋美
2025-08-27,矢内　弘司
2025-08-27,大和　米秋
2025-08-27,横堀　喜一
2025-08-27,吉田　雅志
2025-08-28,新井　常子
2025-08-28,五十嵐　和郎
2025-08-28,小椋　正美
2025-08-28,小此木　智浩
2025-08-28,菊川　美枝子
2025-08-28,菊池　二三男
2025-08-28,菊池　雄八
2025-08-28,木村　延明
2025-08-28,ｸﾞｴﾝ･ﾁｰ・　ﾆｭﾝ
2025-08-28,NGUYEN　THI KIM HONG
2025-08-28,鯉登　和子
2025-08-28,小山　仁一郎
2025-08-28,齋藤　節子
2025-08-28,櫻井　敬祐
2025-08-28,鈴木　清江
2025-08-28,關川　浩
2025-08-28,中野　るみ子
2025-08-28,根岸　ヨネ子
2025-08-28,箱田　惠美子
2025-08-28,原嶋　キン
2025-08-28,星野　卓也
2025-08-28,眞嶋　清子
2025-08-28,松本　佳子
2025-08-28,本山　二郎
2025-08-28,森　泰江
2025-08-28,横澤　英子
2025-08-29,阿左美　武子
2025-08-29,新井　幸子
2025-08-29,石田　博紀
2025-08-29,今村　春江
2025-08-29,大澤　博
2025-08-29,大島　良之
2025-08-29,大城　フリオ
2025-08-29,女屋　昭治
2025-08-29,小野　利明
2025-08-29,片山　サヨ子
2025-08-29,加藤　正
2025-08-29,金山　ツイ
2025-08-29,倉林　晶子
2025-08-29,齋藤　典之
2025-08-29,坂口　和巳
2025-08-29,塚本　潔
2025-08-29,中島　葉子
2025-08-29,南雲　勝代
2025-08-29,萩原　勝巳
2025-08-29,八田　里江
2025-08-29,藤井　弘三
2025-08-29,古澤　利子
2025-08-29,松江　光子
2025-08-29,横堀　喜一
2025-08-29,渡邉　昭
2025-08-30,新井　基雄
2025-08-30,五十嵐　美知子
2025-08-30,池田　美紀
2025-08-30,石井　清子
2025-08-30,井上　光子
2025-08-30,生形　宏
2025-08-30,大沢　正己
2025-08-30,大関　定男
2025-08-30,奥原　孝子
2025-08-30,小此木　智浩
2025-08-30,尾内　則夫
2025-08-30,金井　英明
2025-08-30,木暮　典子
2025-08-30,後藤　俊治
2025-08-30,小林　眞代
2025-08-30,小和瀨　潤
2025-08-30,齋藤　アヤ
2025-08-30,齋藤　民江
2025-08-30,髙橋　洋
2025-08-30,髙栁　テル子
2025-08-30,中島　昭子
2025-08-30,原　貴美子
2025-08-30,藤生　宣男
2025-08-30,眞嶋　清子
2025-08-30,松村　君江
2025-08-30,宮田　初江
2025-08-30,村岡　洋一
2025-08-30,本木　初江
2025-08-30,山岡　英夫
2025-08-30,大和　米秋
2025-08-30,横澤　英子
2025-08-30,六本木　利彦
2025-09-01,新井　孝子
2025-09-01,新井　常子
2025-09-01,井開　重男
2025-09-01,大澤　博
2025-09-01,大島　良之
2025-09-01,大城　フリオ
2025-09-01,小椋　正美
2025-09-01,加藤　正
2025-09-01,金山　ツイ
2025-09-01,小屋　知紀
2025-09-01,小山　仁一郎
2025-09-01,齋藤　民江
2025-09-01,齋藤　時子
2025-09-01,齋藤　典之
2025-09-01,坂口　和巳
2025-09-01,鈴木　清江
2025-09-01,中島　葉子
2025-09-01,南雲　勝代
2025-09-01,庭山　玲子
2025-09-01,根岸　ヨネ子
2025-09-01,萩原　勝巳
2025-09-01,箱田　惠美子
2025-09-01,八田　里江
2025-09-01,原　久榮
2025-09-01,松本　俊史
2025-09-01,丸橋　美榮子
2025-09-01,森　泰江
2025-09-01,矢内　弘司
2025-09-01,吉田　雅志
2025-09-02,阿左美　武子
2025-09-02,新井　幸子
2025-09-02,五十嵐　和郎
2025-09-02,五十嵐　美知子
2025-09-02,今村　春江
2025-09-02,大嶋　好江
2025-09-02,大関　定男
2025-09-02,女屋　昭治
2025-09-02,小保方　三四子
2025-09-02,片山　サヨ子
2025-09-02,菊川　美枝子
2025-09-02,菊池　二三男
2025-09-02,木暮　禮子
2025-09-02,木村　延明
2025-09-02,ｸﾞｴﾝ･ﾁｰ・　ﾆｭﾝ
2025-09-02,NGUYEN　THI KIM HONG
2025-09-02,小山　仁一郎
2025-09-02,齊藤　敦
2025-09-02,齋藤　節子
2025-09-02,清水　覚
2025-09-02,須藤　志成幸
2025-09-02,關川　浩
2025-09-02,髙橋　歳一
2025-09-02,立澤　卓也
2025-09-02,藤井　弘三
2025-09-02,古澤　利子
2025-09-02,本木　初江
2025-09-02,渡邉　昭
2025-09-03,新井　基雄
2025-09-03,井開　重男
2025-09-03,生形　宏
2025-09-03,大沢　正己
2025-09-03,尾内　則夫
2025-09-03,倉林　晶子
2025-09-03,鯉登　和子
2025-09-03,小林　眞代
2025-09-03,小屋　知紀
2025-09-03,齋藤　アヤ
2025-09-03,齋藤　時子
2025-09-03,髙栁　テル子
2025-09-03,中島　喜作
2025-09-03,箱田　惠美子
2025-09-03,原　貴美子
2025-09-03,原嶋　キン
2025-09-03,藤生　宣男
2025-09-03,松江　光子
2025-09-03,松村　君江
2025-09-03,宮田　初江
2025-09-03,村岡　洋一
2025-09-03,森　洋美
2025-09-03,矢内　弘司
2025-09-03,大和　米秋
2025-09-03,横堀　喜一
2025-09-03,吉田　雅志
2025-09-03,六本木　利彦
2025-09-04,新井　常子
2025-09-04,五十嵐　和郎
2025-09-04,岩沼　百合子
2025-09-04,小椋　正美
2025-09-04,小此木　智浩
2025-09-04,小保方　三四子
2025-09-04,菊川　美枝子
2025-09-04,菊池　二三男
2025-09-04,木村　延明
2025-09-04,ｸﾞｴﾝ･ﾁｰ・　ﾆｭﾝ
2025-09-04,NGUYEN　THI KIM HONG
2025-09-04,鯉登　和子
2025-09-04,小山　仁一郎
2025-09-04,齋藤　節子
2025-09-04,櫻井　敬祐
2025-09-04,鈴木　清江
2025-09-04,關川　浩
2025-09-04,根岸　ヨネ子
2025-09-04,原嶋　キン
2025-09-04,原　久榮
2025-09-04,堀田　益男
2025-09-04,眞嶋　清子
2025-09-04,松本　俊史
2025-09-04,松本　佳子
2025-09-04,森　泰江
2025-09-05,阿左美　武子
2025-09-05,新井　幸子
2025-09-05,石田　博紀
2025-09-05,今村　春江
2025-09-05,岩沼　百合子
2025-09-05,大澤　博
2025-09-05,大島　良之
2025-09-05,大城　フリオ
2025-09-05,女屋　昭治
2025-09-05,小野　利明
2025-09-05,片山　サヨ子
2025-09-05,加藤　正
2025-09-05,金山　ツイ
2025-09-05,倉林　晶子
2025-09-05,小屋　知紀
2025-09-05,齋藤　典之
2025-09-05,坂口　和巳
2025-09-05,中野　るみ子
2025-09-05,南雲　勝代
2025-09-05,萩原　勝巳
2025-09-05,箱田　惠美子
2025-09-05,八田　里江
2025-09-05,藤井　弘三
2025-09-05,古澤　利子
2025-09-05,横堀　喜一
2025-09-05,渡邉　昭
2025-09-05,渡邉　孝夫
2025-09-06,新井　基雄
2025-09-06,五十嵐　美知子
2025-09-06,井上　光子
2025-09-06,生形　宏
2025-09-06,大沢　正己
2025-09-06,大関　定男
2025-09-06,奥原　孝子
2025-09-06,小此木　智浩
2025-09-06,尾内　則夫
2025-09-06,小保方　三四子
2025-09-06,木暮　典子
2025-09-06,後藤　俊治
2025-09-06,小林　眞代
2025-09-06,齋藤　アヤ
2025-09-06,齋藤　民江
2025-09-06,髙橋　洋
2025-09-06,髙栁　テル子
2025-09-06,田村　タマ
2025-09-06,中島　昭子
2025-09-06,藤生　宣男
2025-09-06,堀田　益男
2025-09-06,眞嶋　清子
2025-09-06,松村　君江
2025-09-06,宮田　初江
2025-09-06,村岡　洋一
2025-09-06,本木　初江
2025-09-06,山岡　英夫
2025-09-06,六本木　利彦
2025-09-08,新井　孝子
2025-09-08,新井　常子
2025-09-08,井開　重男
2025-09-08,石田　博紀
2025-09-08,岩沼　百合子
2025-09-08,大澤　博
2025-09-08,大島　良之
2025-09-08,大城　フリオ
2025-09-08,小椋　正美
2025-09-08,加藤　正
2025-09-08,金山　ツイ
2025-09-08,小屋　知紀
2025-09-08,齋藤　民江
2025-09-08,齋藤　時子
2025-09-08,齋藤　典之
2025-09-08,坂口　和巳
2025-09-08,鈴木　清江
2025-09-08,中島　葉子
2025-09-08,中野　るみ子
2025-09-08,南雲　勝代
2025-09-08,庭山　玲子
2025-09-08,根岸　ヨネ子
2025-09-08,萩原　勝巳
2025-09-08,箱田　惠美子
2025-09-08,八田　里江
2025-09-08,原　久榮
2025-09-08,堀田　益男
2025-09-08,松本　俊史
2025-09-08,丸橋　美榮子
2025-09-08,森　泰江
2025-09-08,矢内　弘司
2025-09-08,吉田　雅志
2025-09-09,阿左美　武子
2025-09-09,新井　幸子
2025-09-09,五十嵐　和郎
2025-09-09,五十嵐　美知子
2025-09-09,今村　春江
2025-09-09,大嶋　好江
2025-09-09,大関　定男
2025-09-09,女屋　昭治
2025-09-09,小保方　三四子
2025-09-09,片山　サヨ子
2025-09-09,金井　英明
2025-09-09,菊川　美枝子
2025-09-09,菊池　二三男
2025-09-09,木村　延明
2025-09-09,ｸﾞｴﾝ･ﾁｰ・　ﾆｭﾝ
2025-09-09,NGUYEN　THI KIM HONG
2025-09-09,小山　仁一郎
2025-09-09,近藤　孝江
2025-09-09,齋藤　節子
2025-09-09,清水　覚
2025-09-09,須藤　志成幸
2025-09-09,關川　浩
2025-09-09,髙橋　歳一
2025-09-09,立澤　卓也
2025-09-09,田村　タマ
2025-09-09,藤井　弘三
2025-09-09,古澤　利子
2025-09-09,渡邉　昭
2025-09-09,渡邉　孝夫
2025-09-10,新井　基雄
2025-09-10,井開　重男
2025-09-10,生形　宏
2025-09-10,大沢　正己
2025-09-10,尾内　則夫
2025-09-10,小野　利明
2025-09-10,倉林　晶子
2025-09-10,鯉登　和子
2025-09-10,後藤　俊治
2025-09-10,小林　眞代
2025-09-10,小屋　知紀
2025-09-10,齋藤　アヤ
2025-09-10,齋藤　時子
2025-09-10,齋藤　典之
2025-09-10,髙橋　洋
2025-09-10,髙栁　テル子
2025-09-10,中島　喜作
2025-09-10,中野　るみ子
2025-09-10,箱田　惠美子
2025-09-10,原嶋　キン
2025-09-10,藤生　宣男
2025-09-10,松江　光子
2025-09-10,松村　君江
2025-09-10,宮田　初江
2025-09-10,村岡　洋一
2025-09-10,森　洋美
2025-09-10,矢内　弘司
2025-09-10,大和　米秋
2025-09-10,横堀　喜一
2025-09-10,吉田　雅志
2025-09-10,六本木　利彦
2025-09-11,新井　常子
2025-09-11,五十嵐　和郎
2025-09-11,池田　美紀
2025-09-11,岩沼　百合子
2025-09-11,小椋　正美
2025-09-11,小此木　智浩
2025-09-11,菊川　美枝子
2025-09-11,菊池　二三男
2025-09-11,木村　延明
2025-09-11,ｸﾞｴﾝ･ﾁｰ・　ﾆｭﾝ
2025-09-11,鯉登　和子
2025-09-11,小山　仁一郎
2025-09-11,齋藤　節子
2025-09-11,櫻井　敬祐
2025-09-11,鈴木　清江
2025-09-11,關川　浩
2025-09-11,髙橋　歳一
2025-09-11,根岸　ヨネ子
2025-09-11,原嶋　キン
2025-09-11,原　久榮
2025-09-11,星野　卓也
2025-09-11,堀田　益男
2025-09-11,眞嶋　清子
2025-09-11,松本　俊史
2025-09-11,森　泰江
2025-09-12,阿左美　武子
2025-09-12,新井　幸子
2025-09-12,石田　博紀
2025-09-12,今村　春江
2025-09-12,岩沼　百合子
2025-09-12,大島　良之
2025-09-12,大城　フリオ
2025-09-12,女屋　昭治
2025-09-12,小野　利明
2025-09-12,片山　サヨ子
2025-09-12,加藤　正
2025-09-12,金山　ツイ
2025-09-12,倉林　晶子
2025-09-12,小屋　知紀
2025-09-12,齋藤　典之
2025-09-12,坂口　和巳
2025-09-12,關川　浩
2025-09-12,塚本　潔
2025-09-12,中島　葉子
2025-09-12,中野　るみ子
2025-09-12,南雲　勝代
2025-09-12,萩原　勝巳
2025-09-12,箱田　惠美子
2025-09-12,八田　里江
2025-09-12,藤井　弘三
2025-09-12,古澤　利子
2025-09-12,松江　光子
2025-09-12,横堀　喜一
2025-09-12,渡邉　昭
2025-09-12,渡邉　孝夫
2025-09-13,新井　基雄
2025-09-13,五十嵐　美知子
2025-09-13,池田　美紀
2025-09-13,井上　光子
2025-09-13,生形　宏
2025-09-13,大澤　博
2025-09-13,大沢　正己
2025-09-13,大関　定男
2025-09-13,奥原　孝子
2025-09-13,小此木　智浩
2025-09-13,尾内　則夫
2025-09-13,小保方　三四子
2025-09-13,金井　英明
2025-09-13,木暮　典子
2025-09-13,後藤　俊治
2025-09-13,齋藤　アヤ
2025-09-13,齋藤　民江
2025-09-13,塩谷　武夫
2025-09-13,髙橋　洋
2025-09-13,髙栁　テル子
2025-09-13,田村　タマ
2025-09-13,中島　昭子
2025-09-13,福田　由紀子
2025-09-13,藤生　宣男
2025-09-13,眞嶋　清子
2025-09-13,松村　君江
2025-09-13,宮田　初江
2025-09-13,村岡　洋一
2025-09-13,山岡　英夫
2025-09-13,大和　米秋
2025-09-13,横澤　英子
2025-09-13,六本木　利彦
2025-09-15,新井　孝子
2025-09-15,新井　常子
2025-09-15,井開　重男
2025-09-15,石田　博紀
2025-09-15,岩沼　百合子
2025-09-15,大澤　博
2025-09-15,大島　良之
2025-09-15,大城　フリオ
2025-09-15,小椋　正美
2025-09-15,加藤　正
2025-09-15,金山　ツイ
2025-09-15,小屋　知紀
2025-09-15,齋藤　民江
2025-09-15,齋藤　時子
2025-09-15,齋藤　典之
2025-09-15,鈴木　清江
2025-09-15,中島　葉子
2025-09-15,中野　るみ子
2025-09-15,南雲　勝代
2025-09-15,庭山　玲子
2025-09-15,根岸　ヨネ子
2025-09-15,萩原　勝巳
2025-09-15,箱田　惠美子
2025-09-15,堀田　益男
2025-09-15,松本　俊史
2025-09-15,森　泰江
2025-09-15,矢内　弘司
2025-09-15,吉田　雅志
2025-09-16,阿左美　武子
2025-09-16,五十嵐　和郎
2025-09-16,五十嵐　美知子
2025-09-16,今村　春江
2025-09-16,大嶋　好江
2025-09-16,女屋　昭治
2025-09-16,小保方　三四子
2025-09-16,片山　サヨ子
2025-09-16,菊川　美枝子
2025-09-16,木村　延明
2025-09-16,ｸﾞｴﾝ･ﾁｰ・　ﾆｭﾝ
2025-09-16,NGUYEN　THI KIM HONG
2025-09-16,小山　仁一郎
2025-09-16,近藤　孝江
2025-09-16,齊藤　敦
2025-09-16,齋藤　節子
2025-09-16,清水　覚
2025-09-16,須藤　志成幸
2025-09-16,關川　浩
2025-09-16,髙橋　歳一
2025-09-16,立澤　卓也
2025-09-16,田村　タマ
2025-09-16,藤井　弘三
2025-09-16,古澤　利子
2025-09-16,渡邉　昭
2025-09-16,渡邉　孝夫
2025-09-17,新井　基雄
2025-09-17,井開　重男
2025-09-17,生形　宏
2025-09-17,大沢　正己
2025-09-17,尾内　則夫
2025-09-17,小野　利明
2025-09-17,倉林　晶子
2025-09-17,鯉登　和子
2025-09-17,後藤　俊治
2025-09-17,小林　眞代
2025-09-17,小屋　知紀
2025-09-17,齋藤　アヤ
2025-09-17,齋藤　時子
2025-09-17,齋藤　典之
2025-09-17,髙橋　洋
2025-09-17,髙栁　テル子
2025-09-17,中島　喜作
2025-09-17,箱田　惠美子
2025-09-17,原　貴美子
2025-09-17,原嶋　キン
2025-09-17,藤生　宣男
2025-09-17,松江　光子
2025-09-17,宮田　初江
2025-09-17,村岡　洋一
2025-09-17,森　洋美
2025-09-17,矢内　弘司
2025-09-17,大和　米秋
2025-09-17,横堀　喜一
2025-09-17,吉田　雅志
2025-09-18,新井　常子
2025-09-18,五十嵐　和郎
2025-09-18,池田　美紀
2025-09-18,岩沼　百合子
2025-09-18,小椋　正美
2025-09-18,小此木　智浩
2025-09-18,菊川　美枝子
2025-09-18,木村　延明
2025-09-18,ｸﾞｴﾝ･ﾁｰ・　ﾆｭﾝ
2025-09-18,NGUYEN　THI KIM HONG
2025-09-18,鯉登　和子
2025-09-18,小山　仁一郎
2025-09-18,齋藤　節子
2025-09-18,櫻井　敬祐
2025-09-18,塩谷　彦衛
2025-09-18,鈴木　清江
2025-09-18,根岸　ヨネ子
2025-09-18,箱田　惠美子
2025-09-18,原嶋　キン
2025-09-18,原　久榮
2025-09-18,堀田　益男
2025-09-18,眞嶋　清子
2025-09-18,松本　俊史
2025-09-18,本山　二郎
2025-09-18,森　泰江
2025-09-18,横澤　英子
2025-09-19,阿左美　武子
2025-09-19,石田　博紀
2025-09-19,今村　春江
2025-09-19,大澤　博
2025-09-19,大島　良之
2025-09-19,大城　フリオ
2025-09-19,女屋　昭治
2025-09-19,小野　利明
2025-09-19,片山　サヨ子
2025-09-19,加藤　正
2025-09-19,金山　ツイ
2025-09-19,倉林　晶子
2025-09-19,小屋　知紀
2025-09-19,齋藤　典之
2025-09-19,坂口　和巳
2025-09-19,塚本　潔
2025-09-19,中島　葉子
2025-09-19,南雲　勝代
2025-09-19,萩原　勝巳
2025-09-19,八田　里江
2025-09-19,藤井　弘三
2025-09-19,古澤　利子
2025-09-19,松江　光子
2025-09-19,渡邉　昭
2025-09-19,渡邉　孝夫
2025-09-20,新井　基雄
2025-09-20,五十嵐　美知子
2025-09-20,石井　清子
2025-09-20,井上　光子
2025-09-20,生形　宏
2025-09-20,大沢　正己
2025-09-20,大関　定男
2025-09-20,奥原　孝子
2025-09-20,小此木　智浩
2025-09-20,尾内　則夫
2025-09-20,小保方　三四子
2025-09-20,木暮　典子
2025-09-20,後藤　俊治
2025-09-20,小林　眞代
2025-09-20,小和瀨　潤
2025-09-20,齋藤　アヤ
2025-09-20,齋藤　民江
2025-09-20,塩谷　武夫
2025-09-20,髙橋　洋
2025-09-20,髙栁　テル子
2025-09-20,中島　昭子
2025-09-20,原　貴美子
2025-09-20,藤生　宣男
2025-09-20,堀田　益男
2025-09-20,眞嶋　清子
2025-09-20,松村　君江
2025-09-20,宮田　初江
2025-09-20,村岡　洋一
2025-09-20,本木　初江
2025-09-20,山岡　英夫
2025-09-20,大和　米秋
2025-09-20,六本木　利彦
2025-09-22,新井　常子
2025-09-22,井開　重男
2025-09-22,石田　博紀
2025-09-22,岩沼　百合子
2025-09-22,大澤　博
2025-09-22,大島　良之
2025-09-22,大城　フリオ
2025-09-22,小椋　正美
2025-09-22,加藤　正
2025-09-22,金山　ツイ
2025-09-22,小屋　知紀
2025-09-22,齋藤　民江
2025-09-22,齋藤　時子
2025-09-22,齋藤　典之
2025-09-22,鈴木　清江
2025-09-22,中島　葉子
2025-09-22,南雲　勝代
2025-09-22,根岸　ヨネ子
2025-09-22,萩原　勝巳
2025-09-22,箱田　惠美子
2025-09-22,八田　里江
2025-09-22,原　久榮
2025-09-22,堀田　益男
2025-09-22,松本　俊史
2025-09-22,丸橋　美榮子
2025-09-22,森　泰江
2025-09-22,吉田　雅志
2025-09-23,阿左美　武子
2025-09-23,新井　幸子
2025-09-23,五十嵐　和郎
2025-09-23,五十嵐　美知子
2025-09-23,今村　春江
2025-09-23,大嶋　好江
2025-09-23,大関　定男
2025-09-23,女屋　昭治
2025-09-23,小保方　三四子
2025-09-23,片山　サヨ子
2025-09-23,金井　英明
2025-09-23,菊川　美枝子
2025-09-23,ｸﾞｴﾝ･ﾁｰ・　ﾆｭﾝ
2025-09-23,NGUYEN　THI KIM HONG
2025-09-23,小山　仁一郎
2025-09-23,近藤　孝江
2025-09-23,齋藤　節子
2025-09-23,清水　覚
2025-09-23,須藤　志成幸
2025-09-23,髙橋　歳一
2025-09-23,立澤　卓也
2025-09-23,根岸　一郎
2025-09-23,藤井　弘三
2025-09-23,古澤　利子
2025-09-23,本木　初江
2025-09-23,渡邉　昭
2025-09-24,新井　基雄
2025-09-24,井開　重男
2025-09-24,石井　清子
2025-09-24,生形　宏
2025-09-24,大沢　正己
2025-09-24,尾内　則夫
2025-09-24,小野　利明
2025-09-24,倉林　晶子
2025-09-24,鯉登　和子
2025-09-24,後藤　俊治
2025-09-24,小林　眞代
2025-09-24,小屋　知紀
2025-09-24,齋藤　アヤ
2025-09-24,齋藤　時子
2025-09-24,齋藤　典之
2025-09-24,髙橋　洋
2025-09-24,髙栁　テル子
2025-09-24,中島　喜作
2025-09-24,根岸　一郎
2025-09-24,箱田　惠美子
2025-09-24,原　貴美子
2025-09-24,原嶋　キン
2025-09-24,藤生　宣男
2025-09-24,松江　光子
2025-09-24,松村　君江
2025-09-24,宮田　初江
2025-09-24,村岡　洋一
2025-09-24,森　洋美
2025-09-24,矢内　弘司
2025-09-24,横堀　喜一
2025-09-24,吉田　雅志
2025-09-24,六本木　利彦
2025-09-25,新井　常子
2025-09-25,五十嵐　和郎
2025-09-25,池田　美紀
2025-09-25,岩沼　百合子
2025-09-25,小椋　正美
2025-09-25,小此木　智浩
2025-09-25,菊川　美枝子
2025-09-25,木村　延明
2025-09-25,ｸﾞｴﾝ･ﾁｰ・　ﾆｭﾝ
2025-09-25,NGUYEN　THI KIM HONG
2025-09-25,鯉登　和子
2025-09-25,小山　仁一郎
2025-09-25,齋藤　節子
2025-09-25,塩谷　彦衛
2025-09-25,鈴木　清江
2025-09-25,關川　浩
2025-09-25,根岸　ヨネ子
2025-09-25,原嶋　キン
2025-09-25,原　久榮
2025-09-25,堀田　益男
2025-09-25,眞嶋　清子
2025-09-25,松本　俊史
2025-09-25,森　泰江
2025-09-26,阿左美　武子
2025-09-26,新井　幸子
2025-09-26,石田　博紀
2025-09-26,今村　春江
2025-09-26,岩沼　百合子
2025-09-26,大澤　博
2025-09-26,大島　良之
2025-09-26,女屋　昭治
2025-09-26,小野　利明
2025-09-26,片山　サヨ子
2025-09-26,加藤　正
2025-09-26,倉林　晶子
2025-09-26,齋藤　典之
2025-09-26,坂口　和巳
2025-09-26,關川　浩
2025-09-26,髙橋　洋
2025-09-26,塚本　潔
2025-09-26,中島　葉子
2025-09-26,中野　るみ子
2025-09-26,南雲　勝代
2025-09-26,萩原　勝巳
2025-09-26,箱田　惠美子
2025-09-26,八田　里江
2025-09-26,藤井　弘三
2025-09-26,古澤　利子
2025-09-26,松江　光子
2025-09-26,横堀　喜一
2025-09-26,渡邉　昭
2025-09-27,新井　基雄
2025-09-27,五十嵐　美知子
2025-09-27,池田　美紀
2025-09-27,石井　清子
2025-09-27,井上　光子
2025-09-27,生形　宏
2025-09-27,大関　定男
2025-09-27,奥原　孝子
2025-09-27,小此木　智浩
2025-09-27,尾内　則夫
2025-09-27,小保方　三四子
2025-09-27,金井　英明
2025-09-27,木暮　典子
2025-09-27,後藤　俊治
2025-09-27,小林　眞代
2025-09-27,小和瀨　潤
2025-09-27,齋藤　アヤ
2025-09-27,齋藤　民江
2025-09-27,塩谷　武夫
2025-09-27,髙栁　テル子
2025-09-27,中島　昭子
2025-09-27,藤生　宣男
2025-09-27,堀田　益男
2025-09-27,眞嶋　清子
2025-09-27,松村　君江
2025-09-27,宮田　初江
2025-09-27,村岡　洋一
2025-09-27,本木　初江
2025-09-27,山岡　英夫
2025-09-27,大和　米秋
2025-09-27,六本木　利彦
2025-09-29,新井　常子
2025-09-29,井開　重男
2025-09-29,岩沼　百合子
2025-09-29,大澤　博
2025-09-29,大島　良之
2025-09-29,小椋　正美
2025-09-29,金山　ツイ
2025-09-29,小屋　知紀
2025-09-29,齋藤　民江
2025-09-29,齋藤　時子
2025-09-29,齋藤　典之
2025-09-29,坂口　和巳
2025-09-29,鈴木　清江
2025-09-29,中島　葉子
2025-09-29,中野　るみ子
2025-09-29,南雲　勝代
2025-09-29,根岸　ヨネ子
2025-09-29,萩原　勝巳
2025-09-29,箱田　惠美子
2025-09-29,八田　里江
2025-09-29,原　久榮
2025-09-29,松本　俊史
2025-09-29,丸橋　美榮子
2025-09-29,森　泰江
2025-09-29,矢内　弘司
2025-09-29,吉田　雅志
2025-09-30,阿左美　武子
2025-09-30,新井　幸子
2025-09-30,五十嵐　和郎
2025-09-30,五十嵐　美知子
2025-09-30,今村　春江
2025-09-30,大嶋　好江
2025-09-30,大関　定男
2025-09-30,女屋　昭治
2025-09-30,小保方　三四子
2025-09-30,片山　サヨ子
2025-09-30,金井　英明
2025-09-30,菊川　美枝子
2025-09-30,木村　延明
2025-09-30,ｸﾞｴﾝ･ﾁｰ・　ﾆｭﾝ
2025-09-30,NGUYEN　THI KIM HONG
2025-09-30,小山　仁一郎
2025-09-30,近藤　孝江
2025-09-30,齊藤　敦
2025-09-30,齋藤　節子
2025-09-30,清水　覚
2025-09-30,須藤　志成幸
2025-09-30,關川　浩
2025-09-30,髙橋　歳一
2025-09-30,立澤　卓也
2025-09-30,藤井　弘三
2025-09-30,古澤　利子
2025-09-30,本木　初江
2025-09-30,渡邉　昭
2025-10-01,新井　基雄
2025-10-01,井開　重男
2025-10-01,石井　清子
2025-10-01,石田　伸和
2025-10-01,生形　宏
2025-10-01,大沢　正己
2025-10-01,尾内　則夫
2025-10-01,小野　利明
2025-10-01,倉林　晶子
2025-10-01,鯉登　和子
2025-10-01,後藤　俊治
2025-10-01,小屋　知紀
2025-10-01,齋藤　アヤ
2025-10-01,齋藤　時子
2025-10-01,髙栁　テル子
2025-10-01,中島　喜作
2025-10-01,中野　るみ子
2025-10-01,箱田　惠美子
2025-10-01,原嶋　キン
2025-10-01,藤生　宣男
2025-10-01,松江　光子
2025-10-01,松村　君江
2025-10-01,宮田　初江
2025-10-01,村岡　洋一
2025-10-01,森　洋美
2025-10-01,矢内　弘司
2025-10-01,大和　米秋
2025-10-01,横堀　喜一
2025-10-01,吉田　雅志
2025-10-01,六本木　利彦
2025-10-02,新井　常子
2025-10-02,五十嵐　和郎
2025-10-02,池田　美紀
2025-10-02,小椋　正美
2025-10-02,小此木　智浩
2025-10-02,菊川　美枝子
2025-10-02,木村　延明
2025-10-02,ｸﾞｴﾝ･ﾁｰ・　ﾆｭﾝ
2025-10-02,NGUYEN　THI KIM HONG
2025-10-02,鯉登　和子
2025-10-02,小山　仁一郎
2025-10-02,齋藤　節子
2025-10-02,櫻井　敬祐
2025-10-02,塩谷　彦衛
2025-10-02,鈴木　清江
2025-10-02,關川　浩
2025-10-02,根岸　光夫
2025-10-02,根岸　ヨネ子
2025-10-02,原嶋　キン
2025-10-02,原　久榮
2025-10-02,星野　卓也
2025-10-02,眞嶋　清子
2025-10-02,松本　俊史
2025-10-02,森　泰江
2025-10-02,横澤　英子
2025-10-03,阿左美　武子
2025-10-03,新井　幸子
2025-10-03,石田　博紀
2025-10-03,今村　春江
2025-10-03,大澤　博
2025-10-03,大島　良之
2025-10-03,女屋　昭治
2025-10-03,小野　利明
2025-10-03,片山　サヨ子
2025-10-03,金山　ツイ
2025-10-03,倉林　晶子
2025-10-03,小屋　知紀
2025-10-03,坂口　和巳
2025-10-03,塚本　潔
2025-10-03,南雲　勝代
2025-10-03,萩原　勝巳
2025-10-03,箱田　惠美子
2025-10-03,八田　里江
2025-10-03,藤井　弘三
2025-10-03,古澤　利子
2025-10-03,松江　光子
2025-10-03,横堀　喜一
2025-10-03,渡邉　昭
2025-10-04,新井　基雄
2025-10-04,池田　美紀
2025-10-04,石井　清子
2025-10-04,井上　光子
2025-10-04,生形　宏
2025-10-04,大沢　正己
2025-10-04,大関　定男
2025-10-04,奥原　孝子
2025-10-04,尾内　則夫
2025-10-04,小保方　三四子
2025-10-04,金井　英明
2025-10-04,後藤　俊治
2025-10-04,小林　眞代
2025-10-04,小和瀨　潤
2025-10-04,齋藤　アヤ
2025-10-04,塩谷　武夫
2025-10-04,髙栁　テル子
2025-10-04,原　貴美子
2025-10-04,藤生　宣男
2025-10-04,堀田　益男
2025-10-04,眞嶋　清子
2025-10-04,宮田　初江
2025-10-04,村岡　洋一
2025-10-04,山岡　英夫
2025-10-04,大和　米秋
2025-10-04,六本木　利彦
2025-10-06,新井　孝子
2025-10-06,新井　常子
2025-10-06,井開　重男
2025-10-06,石田　博紀
2025-10-06,大島　良之
2025-10-06,小椋　正美
2025-10-06,加藤　正
2025-10-06,金山　ツイ
2025-10-06,木暮　典子
2025-10-06,小屋　知紀
2025-10-06,齋藤　民江
2025-10-06,齋藤　時子
2025-10-06,坂口　和巳
2025-10-06,鈴木　清江
2025-10-06,等々力　克美
2025-10-06,中島　葉子
2025-10-06,南雲　勝代
2025-10-06,根岸　ヨネ子
2025-10-06,萩原　勝巳
2025-10-06,箱田　惠美子
2025-10-06,八田　里江
2025-10-06,原　久榮
2025-10-06,堀田　益男
2025-10-06,丸橋　美榮子
2025-10-06,森　泰江
2025-10-06,矢内　弘司
2025-10-06,吉田　雅志
2025-10-06,渡邉　孝夫
2025-10-07,阿左美　武子
2025-10-07,新井　幸子
2025-10-07,五十嵐　和郎
2025-10-07,五十嵐　美知子
2025-10-07,今村　春江
2025-10-07,大嶋　好江
2025-10-07,大城　フリオ
2025-10-07,大関　定男
2025-10-07,女屋　昭治
2025-10-07,片山　サヨ子
2025-10-07,金井　英明
2025-10-07,菊川　美枝子
2025-10-07,木村　延明
2025-10-07,ｸﾞｴﾝ･ﾁｰ・　ﾆｭﾝ
2025-10-07,NGUYEN　THI KIM HONG
2025-10-07,近藤　孝江
2025-10-07,齋藤　節子
2025-10-07,清水　覚
2025-10-07,須藤　志成幸
2025-10-07,關川　浩
2025-10-07,髙橋　歳一
2025-10-07,立澤　卓也
2025-10-07,田村　タマ
2025-10-07,藤井　弘三
2025-10-07,古澤　利子
2025-10-07,渡邉　昭
2025-10-07,渡邉　孝夫
2025-10-08,新井　基雄
2025-10-08,井開　重男
2025-10-08,石井　清子
2025-10-08,石田　伸和
2025-10-08,生形　宏
2025-10-08,大沢　正己
2025-10-08,尾内　則夫
2025-10-08,小野　利明
2025-10-08,倉林　晶子
2025-10-08,鯉登　和子
2025-10-08,後藤　俊治
2025-10-08,小林　眞代
2025-10-08,小屋　知紀
2025-10-08,齋藤　アヤ
2025-10-08,齋藤　時子
2025-10-08,髙栁　テル子
2025-10-08,中島　喜作
2025-10-08,箱田　惠美子
2025-10-08,原　貴美子
2025-10-08,原嶋　キン
2025-10-08,藤生　宣男
2025-10-08,松江　光子
2025-10-08,宮田　初江
2025-10-08,村岡　洋一
2025-10-08,森　洋美
2025-10-08,矢内　弘司
2025-10-08,大和　米秋
2025-10-08,横堀　喜一
2025-10-08,吉田　雅志
2025-10-08,六本木　利彦
2025-10-09,新井　常子
2025-10-09,五十嵐　和郎
2025-10-09,井口　喜恵夫
2025-10-09,小椋　正美
2025-10-09,小此木　智浩
2025-10-09,菊川　美枝子
2025-10-09,木村　延明
2025-10-09,ｸﾞｴﾝ･ﾁｰ・　ﾆｭﾝ
2025-10-09,NGUYEN　THI KIM HONG
2025-10-09,鯉登　和子
2025-10-09,齋藤　節子
2025-10-09,櫻井　敬祐
2025-10-09,塩谷　彦衛
2025-10-09,鈴木　清江
2025-10-09,關川　浩
2025-10-09,西久保　紀子
2025-10-09,根岸　光夫
2025-10-09,根岸　ヨネ子
2025-10-09,原嶋　キン
2025-10-09,原　久榮
2025-10-09,堀田　益男
2025-10-09,眞嶋　清子
2025-10-09,松本　俊史
2025-10-09,森　泰江
2025-10-10,阿左美　武子
2025-10-10,新井　幸子
2025-10-10,石田　博紀
2025-10-10,今村　春江
2025-10-10,大澤　博
2025-10-10,大島　良之
2025-10-10,大城　フリオ
2025-10-10,女屋　昭治
2025-10-10,小野　利明
2025-10-10,片山　サヨ子
2025-10-10,加藤　正
2025-10-10,金山　ツイ
2025-10-10,倉林　晶子
2025-10-10,小屋　知紀
2025-10-10,坂口　和巳
2025-10-10,塚本　潔
2025-10-10,中島　葉子
2025-10-10,中野　るみ子
2025-10-10,南雲　勝代
2025-10-10,萩原　勝巳
2025-10-10,箱田　惠美子
2025-10-10,八田　里江
2025-10-10,早川　隆
2025-10-10,藤井　弘三
2025-10-10,古澤　利子
2025-10-10,松江　光子
2025-10-10,横堀　喜一
2025-10-10,渡邉　昭
2025-10-10,渡邉　孝夫
2025-10-11,新井　基雄
2025-10-11,五十嵐　美知子
2025-10-11,池田　美紀
2025-10-11,石井　清子
2025-10-11,井上　光子
2025-10-11,生形　宏
2025-10-11,大沢　正己
2025-10-11,大関　定男
2025-10-11,奥原　孝子
2025-10-11,小此木　智浩
2025-10-11,尾内　則夫
2025-10-11,小保方　三四子
2025-10-11,金井　英明
2025-10-11,後藤　俊治
2025-10-11,小林　眞代
2025-10-11,小和瀨　潤
2025-10-11,齋藤　アヤ
2025-10-11,齋藤　民江
2025-10-11,塩谷　武夫
2025-10-11,髙栁　テル子
2025-10-11,田村　タマ
2025-10-11,中島　昭子
2025-10-11,藤生　宣男
2025-10-11,堀田　益男
2025-10-11,眞嶋　清子
2025-10-11,松村　君江
2025-10-11,宮田　初江
2025-10-11,村岡　洋一
2025-10-11,山岡　英夫
2025-10-11,大和　米秋
2025-10-11,六本木　利彦
2025-10-13,新井　孝子
2025-10-13,新井　常子
2025-10-13,井開　重男
2025-10-13,石田　博紀
2025-10-13,岩沼　百合子
2025-10-13,大澤　博
2025-10-13,大島　良之
2025-10-13,大城　フリオ
2025-10-13,小椋　正美
2025-10-13,加藤　正
2025-10-13,金山　ツイ
2025-10-13,木暮　典子
2025-10-13,小屋　知紀
2025-10-13,齋藤　民江
2025-10-13,齋藤　時子
2025-10-13,鈴木　清江
2025-10-13,髙栁　テル子
2025-10-13,中島　葉子
2025-10-13,中野　るみ子
2025-10-13,南雲　勝代
2025-10-13,根岸　ヨネ子
2025-10-13,萩原　勝巳
2025-10-13,箱田　惠美子
2025-10-13,堀田　益男
2025-10-13,松本　俊史
2025-10-13,丸橋　美榮子
2025-10-13,森　泰江
2025-10-13,吉田　雅志
2025-10-14,五十嵐　和郎
2025-10-14,五十嵐　美知子
2025-10-14,井口　喜恵夫
2025-10-14,今村　春江
2025-10-14,大嶋　好江
2025-10-14,大城　フリオ
2025-10-14,大関　定男
2025-10-14,女屋　昭治
2025-10-14,小保方　三四子
2025-10-14,片山　サヨ子
2025-10-14,金井　英明
2025-10-14,菊川　美枝子
2025-10-14,木村　延明
2025-10-14,ｸﾞｴﾝ･ﾁｰ・　ﾆｭﾝ
2025-10-14,NGUYEN　THI KIM HONG
2025-10-14,近藤　孝江
2025-10-14,齊藤　敦
2025-10-14,齋藤　節子
2025-10-14,須藤　志成幸
2025-10-14,髙橋　歳一
2025-10-14,立澤　卓也
2025-10-14,田村　タマ
2025-10-14,藤井　弘三
2025-10-14,古澤　利子
2025-10-14,渡邉　昭
2025-10-14,渡邉　孝夫
2025-10-15,新井　基雄
2025-10-15,井開　重男
2025-10-15,石井　清子
2025-10-15,石田　伸和
2025-10-15,生形　宏
2025-10-15,大沢　正己
2025-10-15,尾内　則夫
2025-10-15,倉林　晶子
2025-10-15,鯉登　和子
2025-10-15,後藤　俊治
2025-10-15,小林　眞代
2025-10-15,小屋　知紀
2025-10-15,齋藤　アヤ
2025-10-15,齋藤　時子
2025-10-15,髙栁　テル子
2025-10-15,中島　喜作
2025-10-15,中野　るみ子
2025-10-15,箱田　惠美子
2025-10-15,原　貴美子
2025-10-15,原嶋　キン
2025-10-15,藤生　宣男
2025-10-15,松村　君江
2025-10-15,宮田　初江
2025-10-15,村岡　洋一
2025-10-15,森　洋美
2025-10-15,矢内　弘司
2025-10-15,大和　米秋
2025-10-15,横堀　喜一
2025-10-15,吉田　雅志
2025-10-16,新井　常子
2025-10-16,池田　美紀
2025-10-16,伊藤　恒夫
2025-10-16,岩沼　百合子
2025-10-16,小椋　正美
2025-10-16,小此木　智浩
2025-10-16,菊川　美枝子
2025-10-16,木暮　博行
2025-10-16,木村　延明
2025-10-16,ｸﾞｴﾝ･ﾁｰ・　ﾆｭﾝ
2025-10-16,NGUYEN　THI KIM HONG
2025-10-16,鯉登　和子
2025-10-16,齋藤　節子
2025-10-16,櫻井　敬祐
2025-10-16,塩谷　彦衛
2025-10-16,鈴木　清江
2025-10-16,西久保　紀子
2025-10-16,根岸　光夫
2025-10-16,根岸　ヨネ子
2025-10-16,原嶋　キン
2025-10-16,原　久榮
2025-10-16,星野　卓也
2025-10-16,眞嶋　清子
2025-10-16,松本　俊史
2025-10-16,森　泰江
2025-10-17,阿左美　武子
2025-10-17,新井　幸子
2025-10-17,今村　春江
2025-10-17,岩沼　百合子
2025-10-17,大澤　博
2025-10-17,大島　良之
2025-10-17,大城　フリオ
2025-10-17,女屋　昭治
2025-10-17,小野　利明
2025-10-17,片山　サヨ子
2025-10-17,加藤　正
2025-10-17,金山　ツイ
2025-10-17,木暮　博行
2025-10-17,倉林　晶子
2025-10-17,小屋　知紀
2025-10-17,小和瀨　潤
2025-10-17,坂口　和巳
2025-10-17,塚本　潔
2025-10-17,中島　葉子
2025-10-17,中野　るみ子
2025-10-17,南雲　勝代
2025-10-17,萩原　勝巳
2025-10-17,箱田　惠美子
2025-10-17,八田　里江
2025-10-17,早川　隆
2025-10-17,藤井　弘三
2025-10-17,藤田　祐公
2025-10-17,古澤　利子
2025-10-17,松江　光子
2025-10-17,横堀　喜一
2025-10-17,渡邉　昭
2025-10-17,渡邉　孝夫
2025-10-18,新井　基雄
2025-10-18,五十嵐　美知子
2025-10-18,池田　美紀
2025-10-18,石井　清子
2025-10-18,井上　光子
2025-10-18,大沢　正己
2025-10-18,大関　定男
2025-10-18,小此木　智浩
2025-10-18,尾内　則夫
2025-10-18,小保方　三四子
2025-10-18,後藤　俊治
2025-10-18,小和瀨　潤
2025-10-18,齋藤　アヤ
2025-10-18,齋藤　民江
2025-10-18,塩谷　武夫
2025-10-18,髙栁　テル子
2025-10-18,田村　タマ
2025-10-18,福田　由紀子
2025-10-18,藤生　宣男
2025-10-18,堀田　益男
2025-10-18,眞嶋　清子
2025-10-18,松村　君江
2025-10-18,宮田　初江
2025-10-18,村岡　洋一
2025-10-18,本木　初江
2025-10-18,山岡　英夫
2025-10-18,六本木　利彦
2025-10-20,新井　孝子
2025-10-20,新井　常子
2025-10-20,岩沼　百合子
2025-10-20,大澤　博
2025-10-20,大島　良之
2025-10-20,大城　フリオ
2025-10-20,小椋　正美
2025-10-20,加藤　正
2025-10-20,金山　ツイ
2025-10-20,木暮　典子
2025-10-20,小屋　知紀
2025-10-20,齋藤　民江
2025-10-20,齋藤　時子
2025-10-20,坂口　和巳
2025-10-20,鈴木　清江
2025-10-20,中島　葉子
2025-10-20,中野　るみ子
2025-10-20,南雲　勝代
2025-10-20,萩原　勝巳
2025-10-20,箱田　惠美子
2025-10-20,八田　里江
2025-10-20,藤田　祐公
2025-10-20,堀田　益男
2025-10-20,松本　俊史
2025-10-20,丸橋　美榮子
2025-10-20,森　泰江
2025-10-20,矢内　弘司
2025-10-20,吉田　雅志
2025-10-21,阿左美　武子
2025-10-21,新井　幸子
2025-10-21,五十嵐　和郎
2025-10-21,井口　喜恵夫
2025-10-21,今村　春江
2025-10-21,大嶋　好江
2025-10-21,大城　フリオ
2025-10-21,女屋　昭治
2025-10-21,小保方　三四子
2025-10-21,片山　サヨ子
2025-10-21,金井　英明
2025-10-21,菊川　美枝子
2025-10-21,木村　延明
2025-10-21,ｸﾞｴﾝ･ﾁｰ・　ﾆｭﾝ
2025-10-21,NGUYEN　THI KIM HONG
2025-10-21,小山　仁一郎
2025-10-21,近藤　孝江
2025-10-21,齋藤　節子
2025-10-21,清水　覚
2025-10-21,髙橋　歳一
2025-10-21,立澤　卓也
2025-10-21,田村　タマ
2025-10-21,根岸　一郎
2025-10-21,早川　隆
2025-10-21,藤井　弘三
2025-10-21,古澤　利子
2025-10-21,本木　初江
2025-10-21,渡邉　昭
2025-10-21,渡邉　孝夫
2025-10-22,新井　基雄
2025-10-22,井開　重男
2025-10-22,石井　清子
2025-10-22,石田　伸和
2025-10-22,大沢　正己
2025-10-22,尾内　則夫
2025-10-22,倉林　晶子
2025-10-22,後藤　俊治
2025-10-22,小林　眞代
2025-10-22,小屋　知紀
2025-10-22,齋藤　アヤ
2025-10-22,齋藤　時子
2025-10-22,髙栁　テル子
2025-10-22,中島　喜作
2025-10-22,根岸　一郎
2025-10-22,箱田　惠美子
2025-10-22,原嶋　キン
2025-10-22,藤生　宣男
2025-10-22,松村　君江
2025-10-22,宮田　初江
2025-10-22,村岡　洋一
2025-10-22,森　洋美
2025-10-22,矢内　弘司
2025-10-22,大和　米秋
2025-10-22,横堀　喜一
2025-10-22,吉田　雅志
2025-10-22,渡邉　孝夫
2025-10-23,新井　常子
2025-10-23,五十嵐　和郎
2025-10-23,井口　喜恵夫
2025-10-23,池田　美紀
2025-10-23,伊藤　恒夫
2025-10-23,岩沼　百合子
2025-10-23,小椋　正美
2025-10-23,小此木　智浩
2025-10-23,菊川　美枝子
2025-10-23,木暮　博行
2025-10-23,木村　延明
2025-10-23,ｸﾞｴﾝ･ﾁｰ・　ﾆｭﾝ
2025-10-23,NGUYEN　THI KIM HONG
2025-10-23,小林　明子
2025-10-23,小山　仁一郎
2025-10-23,齋藤　節子
2025-10-23,櫻井　敬祐
2025-10-23,塩谷　彦衛
2025-10-23,鈴木　清江
2025-10-23,關川　浩
2025-10-23,髙橋　歳一
2025-10-23,西久保　紀子
2025-10-23,根岸　光夫
2025-10-23,原嶋　キン
2025-10-23,原　久榮
2025-10-23,星野　卓也
2025-10-23,堀田　益男
2025-10-23,眞嶋　清子
2025-10-23,松本　俊史
2025-10-23,森　泰江
2025-10-24,阿左美　武子
2025-10-24,新井　幸子
2025-10-24,石田　博紀
2025-10-24,今村　春江
2025-10-24,大島　良之
2025-10-24,大城　フリオ
2025-10-24,女屋　昭治
2025-10-24,片山　サヨ子
2025-10-24,加藤　正
2025-10-24,金山　ツイ
2025-10-24,木暮　博行
2025-10-24,倉林　晶子
2025-10-24,小和瀨　潤
2025-10-24,齋藤　時子
2025-10-24,坂口　和巳
2025-10-24,關川　浩
2025-10-24,塚本　潔
2025-10-24,中島　葉子
2025-10-24,南雲　勝代
2025-10-24,萩原　勝巳
2025-10-24,箱田　惠美子
2025-10-24,八田　里江
2025-10-24,早川　隆
2025-10-24,藤井　弘三
2025-10-24,藤田　祐公
2025-10-24,古澤　利子
2025-10-24,松江　光子
2025-10-24,横堀　喜一
2025-10-24,渡邉　昭
2025-10-24,渡邉　孝夫
2025-10-25,新井　基雄
2025-10-25,五十嵐　美知子
2025-10-25,池田　美紀
2025-10-25,石井　清子
2025-10-25,井上　光子
2025-10-25,大澤　博
2025-10-25,大関　定男
2025-10-25,小此木　智浩
2025-10-25,尾内　則夫
2025-10-25,小保方　三四子
2025-10-25,後藤　俊治
2025-10-25,小和瀨　潤
2025-10-25,齋藤　アヤ
2025-10-25,齋藤　民江
2025-10-25,塩谷　武夫
2025-10-25,髙栁　テル子
2025-10-25,田村　タマ
2025-10-25,中島　昭子
2025-10-25,藤生　宣男
2025-10-25,堀田　益男
2025-10-25,眞嶋　清子
2025-10-25,松村　君江
2025-10-25,宮田　初江
2025-10-25,村岡　洋一
2025-10-25,本木　初江
2025-10-25,山岡　英夫
2025-10-25,大和　米秋
2025-10-25,横澤　英子
2025-10-25,六本木　利彦
2025-10-27,新井　孝子
2025-10-27,新井　常子
2025-10-27,井開　重男
2025-10-27,石田　博紀
2025-10-27,大澤　博
2025-10-27,大島　良之
2025-10-27,大城　フリオ
2025-10-27,小椋　正美
2025-10-27,加藤　正
2025-10-27,金山　ツイ
2025-10-27,木暮　典子
2025-10-27,小林　明子
2025-10-27,小屋　知紀
2025-10-27,齋藤　民江
2025-10-27,齋藤　時子
2025-10-27,坂口　和巳
2025-10-27,鈴木　清江
2025-10-27,中島　葉子
2025-10-27,南雲　勝代
2025-10-27,根岸　ヨネ子
2025-10-27,萩原　勝巳
2025-10-27,箱田　惠美子
2025-10-27,八田　里江
2025-10-27,原　久榮
2025-10-27,藤田　祐公
2025-10-27,堀田　益男
2025-10-27,松本　俊史
2025-10-27,丸橋　美榮子
2025-10-27,吉田　雅志
2025-10-28,阿左美　武子
2025-10-28,新井　幸子
2025-10-28,五十嵐　和郎
2025-10-28,五十嵐　美知子
2025-10-28,今村　春江
2025-10-28,大城　フリオ
2025-10-28,大関　定男
2025-10-28,女屋　昭治
2025-10-28,小保方　三四子
2025-10-28,片山　サヨ子
2025-10-28,金井　英明
2025-10-28,菊川　美枝子
2025-10-28,木村　延明
2025-10-28,ｸﾞｴﾝ･ﾁｰ・　ﾆｭﾝ
2025-10-28,NGUYEN　THI KIM HONG
2025-10-28,小山　仁一郎
2025-10-28,近藤　孝江
2025-10-28,齋藤　節子
2025-10-28,清水　覚
2025-10-28,關川　浩
2025-10-28,髙橋　歳一
2025-10-28,立澤　卓也
2025-10-28,田村　タマ
2025-10-28,早川　隆
2025-10-28,藤井　弘三
2025-10-28,古澤　利子
2025-10-28,本木　初江
2025-10-28,渡邉　昭
2025-10-28,渡邉　孝夫
2025-10-29,井開　重男
2025-10-29,石井　清子
2025-10-29,石田　伸和
2025-10-29,尾内　則夫
2025-10-29,小野　利明
2025-10-29,倉林　晶子
2025-10-29,後藤　俊治
2025-10-29,小林　眞代
2025-10-29,小屋　知紀
2025-10-29,齋藤　アヤ
2025-10-29,齋藤　時子
2025-10-29,中島　喜作
2025-10-29,箱田　惠美子
2025-10-29,原　貴美子
2025-10-29,原嶋　キン
2025-10-29,藤生　宣男
2025-10-29,村岡　洋一
2025-10-29,森　洋美
2025-10-29,矢内　弘司
2025-10-29,大和　米秋
2025-10-29,横堀　喜一
2025-10-29,吉田　雅志
2025-10-29,六本木　利彦
2025-10-29,渡邉　孝夫
2025-10-30,新井　常子
2025-10-30,五十嵐　和郎
2025-10-30,池田　美紀
2025-10-30,伊藤　恒夫
2025-10-30,小椋　正美
2025-10-30,小此木　智浩
2025-10-30,菊川　美枝子
2025-10-30,木暮　博行
2025-10-30,木村　延明
2025-10-30,ｸﾞｴﾝ･ﾁｰ・　ﾆｭﾝ
2025-10-30,NGUYEN　THI KIM HONG
2025-10-30,小林　明子
2025-10-30,小山　仁一郎
2025-10-30,齋藤　節子
2025-10-30,櫻井　敬祐
2025-10-30,塩谷　彦衛
2025-10-30,關川　浩
2025-10-30,等々力　克美
2025-10-30,西久保　紀子
2025-10-30,根岸　光夫
2025-10-30,根岸　ヨネ子
2025-10-30,原嶋　キン
2025-10-30,原　久榮
2025-10-30,星野　卓也
2025-10-30,堀田　益男
2025-10-30,眞嶋　清子
2025-10-30,松本　俊史
2025-10-30,森　泰江
2025-10-30,横澤　英子
2025-10-31,阿左美　武子
2025-10-31,新井　幸子
2025-10-31,今村　春江
2025-10-31,大澤　博
2025-10-31,大島　良之
2025-10-31,大城　フリオ
2025-10-31,女屋　昭治
2025-10-31,小野　利明
2025-10-31,片山　サヨ子
2025-10-31,加藤　正
2025-10-31,金山　ツイ
2025-10-31,木暮　博行
2025-10-31,倉林　晶子
2025-10-31,小屋　知紀
2025-10-31,齋藤　時子
2025-10-31,坂口　和巳
2025-10-31,中島　葉子
2025-10-31,中野　るみ子
2025-10-31,南雲　勝代
2025-10-31,萩原　勝巳
2025-10-31,箱田　惠美子
2025-10-31,八田　里江
2025-10-31,藤井　弘三
2025-10-31,藤田　祐公
2025-10-31,古澤　利子
2025-10-31,横堀　喜一
2025-10-31,渡邉　昭
2025-11-01,新井　基雄
2025-11-01,五十嵐　美知子
2025-11-01,石井　清子
2025-11-01,大沢　正己
2025-11-01,大関　定男
2025-11-01,奥原　孝子
2025-11-01,小此木　智浩
2025-11-01,尾内　則夫
2025-11-01,小保方　三四子
2025-11-01,金井　英明
2025-11-01,後藤　俊治
2025-11-01,小林　眞代
2025-11-01,小和瀨　潤
2025-11-01,齋藤　アヤ
2025-11-01,齋藤　民江
2025-11-01,塩谷　武夫
2025-11-01,中島　昭子
2025-11-01,原　貴美子
2025-11-01,眞嶋　清子
2025-11-01,村岡　洋一
2025-11-01,本木　初江
2025-11-01,山岡　英夫
2025-11-01,大和　米秋
2025-11-01,六本木　利彦
2025-11-03,新井　孝子
2025-11-03,新井　常子
2025-11-03,井開　重男
2025-11-03,大澤　博
2025-11-03,大島　良之
2025-11-03,大城　フリオ
2025-11-03,小椋　正美
2025-11-03,小野　利明
2025-11-03,加藤　正
2025-11-03,金山　ツイ
2025-11-03,木暮　典子
2025-11-03,小林　明子
2025-11-03,小屋　知紀
2025-11-03,齋藤　民江
2025-11-03,齋藤　時子
2025-11-03,鈴木　清江
2025-11-03,等々力　克美
2025-11-03,中島　葉子
2025-11-03,中野　るみ子
2025-11-03,南雲　勝代
2025-11-03,根岸　ヨネ子
2025-11-03,萩原　勝巳
2025-11-03,箱田　惠美子
2025-11-03,藤田　祐公
2025-11-03,松本　俊史
2025-11-03,丸橋　美榮子
2025-11-03,森　泰江
2025-11-03,吉田　雅志
2025-11-04,阿左美　武子
2025-11-04,新井　幸子
2025-11-04,五十嵐　和郎
2025-11-04,五十嵐　美知子
2025-11-04,今村　春江
2025-11-04,大嶋　好江
2025-11-04,大城　フリオ
2025-11-04,大関　定男
2025-11-04,女屋　昭治
2025-11-04,小保方　三四子
2025-11-04,片山　サヨ子
2025-11-04,金井　英明
2025-11-04,菊川　美枝子
2025-11-04,木村　延明
2025-11-04,ｸﾞｴﾝ･ﾁｰ・　ﾆｭﾝ
2025-11-04,NGUYEN　THI KIM HONG
2025-11-04,小山　仁一郎
2025-11-04,近藤　孝江
2025-11-04,齊藤　敦
2025-11-04,齋藤　節子
2025-11-04,清水　覚
2025-11-04,關川　浩
2025-11-04,髙橋　歳一
2025-11-04,立澤　卓也
2025-11-04,早川　隆
2025-11-04,藤井　弘三
2025-11-04,古澤　利子
2025-11-04,本木　初江
2025-11-04,山岡　英夫
2025-11-05,新井　基雄
2025-11-05,井開　重男
2025-11-05,石井　清子
2025-11-05,大沢　正己
2025-11-05,尾内　則夫
2025-11-05,倉林　晶子
2025-11-05,後藤　俊治
2025-11-05,小屋　知紀
2025-11-05,齋藤　アヤ
2025-11-05,齋藤　時子
2025-11-05,髙栁　テル子
2025-11-05,中島　喜作
2025-11-05,中野　るみ子
2025-11-05,箱田　惠美子
2025-11-05,原嶋　キン
2025-11-05,藤生　宣男
2025-11-05,松江　光子
2025-11-05,松村　君江
2025-11-05,村岡　洋一
2025-11-05,森　洋美
2025-11-05,矢内　弘司
2025-11-05,大和　米秋
2025-11-05,横堀　喜一
2025-11-05,吉田　雅志
2025-11-06,新井　常子
2025-11-06,五十嵐　和郎
2025-11-06,井口　喜恵夫
2025-11-06,池田　美紀
2025-11-06,伊藤　恒夫
2025-11-06,小椋　正美
2025-11-06,小此木　智浩
2025-11-06,菊川　美枝子
2025-11-06,木暮　博行
2025-11-06,木村　延明
2025-11-06,ｸﾞｴﾝ･ﾁｰ・　ﾆｭﾝ
2025-11-06,小林　明子
2025-11-06,小山　仁一郎
2025-11-06,齋藤　節子
2025-11-06,櫻井　敬祐
2025-11-06,塩谷　彦衛
2025-11-06,鈴木　清江
2025-11-06,關川　浩
2025-11-06,等々力　克美
2025-11-06,西久保　紀子
2025-11-06,根岸　光夫
2025-11-06,原嶋　キン
2025-11-06,原　久榮
2025-11-06,堀田　益男
2025-11-06,眞嶋　清子
2025-11-06,松本　俊史
2025-11-06,森　泰江
2025-11-07,阿左美　武子
2025-11-07,新井　幸子
2025-11-07,石田　博紀
2025-11-07,今村　春江
2025-11-07,大島　良之
2025-11-07,大城　フリオ
2025-11-07,女屋　昭治
2025-11-07,小野　利明
2025-11-07,片山　サヨ子
2025-11-07,加藤　正
2025-11-07,金山　ツイ
2025-11-07,木暮　博行
2025-11-07,倉林　晶子
2025-11-07,小屋　知紀
2025-11-07,坂口　和巳
2025-11-07,關川　浩
2025-11-07,塚本　潔
2025-11-07,鶴田　聡
2025-11-07,南雲　勝代
2025-11-07,萩原　勝巳
2025-11-07,早川　隆
2025-11-07,藤井　弘三
2025-11-07,藤田　祐公
2025-11-07,古澤　利子
2025-11-07,松江　光子
2025-11-07,横堀　喜一
2025-11-07,渡邉　昭
2025-11-08,新井　基雄
2025-11-08,五十嵐　美知子
2025-11-08,池田　美紀
2025-11-08,石井　清子
2025-11-08,大沢　正己
2025-11-08,大関　定男
2025-11-08,奥原　孝子
2025-11-08,小此木　智浩
2025-11-08,尾内　則夫
2025-11-08,小保方　三四子
2025-11-08,金井　英明
2025-11-08,後藤　俊治
2025-11-08,小林　眞代
2025-11-08,小和瀨　潤
2025-11-08,齋藤　アヤ
2025-11-08,齋藤　民江
2025-11-08,齋藤　時子
2025-11-08,塩谷　武夫
2025-11-08,髙栁　テル子
2025-11-08,中島　昭子
2025-11-08,藤生　宣男
2025-11-08,堀田　益男
2025-11-08,眞嶋　清子
2025-11-08,松村　君江
2025-11-08,村岡　洋一
2025-11-08,本木　初江
2025-11-08,山岡　英夫
2025-11-08,大和　米秋
2025-11-08,六本木　利彦
2025-11-10,新井　孝子
2025-11-10,新井　常子
2025-11-10,井開　重男
2025-11-10,岩沼　百合子
2025-11-10,大島　良之
2025-11-10,大城　フリオ
2025-11-10,小椋　正美
2025-11-10,加藤　正
2025-11-10,金山　ツイ
2025-11-10,木暮　典子
2025-11-10,小林　明子
2025-11-10,小屋　知紀
2025-11-10,齋藤　民江
2025-11-10,齋藤　時子
2025-11-10,坂口　和巳
2025-11-10,鈴木　清江
2025-11-10,鶴田　聡
2025-11-10,等々力　克美
2025-11-10,中島　葉子
2025-11-10,南雲　勝代
2025-11-10,根岸　ヨネ子
2025-11-10,萩原　勝巳
2025-11-10,箱田　惠美子
2025-11-10,原　久榮
2025-11-10,藤田　祐公
2025-11-10,堀田　益男
2025-11-10,松本　俊史
2025-11-10,丸橋　美榮子
2025-11-10,矢内　弘司
2025-11-10,吉田　雅志
2025-11-11,阿左美　武子
2025-11-11,五十嵐　和郎
2025-11-11,五十嵐　美知子
2025-11-11,井口　喜恵夫
2025-11-11,今村　春江
2025-11-11,大澤　博
2025-11-11,大嶋　好江
2025-11-11,大関　定男
2025-11-11,女屋　昭治
2025-11-11,小保方　三四子
2025-11-11,片山　サヨ子
2025-11-11,木村　延明
2025-11-11,ｸﾞｴﾝ･ﾁｰ・　ﾆｭﾝ
2025-11-11,小山　仁一郎
2025-11-11,近藤　孝江
2025-11-11,齋藤　節子
2025-11-11,髙橋　歳一
2025-11-11,早川　隆
2025-11-11,藤井　弘三
2025-11-11,古澤　利子
2025-11-11,森　泰江
2025-11-11,山岡　英夫
2025-11-11,渡邉　昭
2025-11-12,新井　基雄
2025-11-12,井開　重男
2025-11-12,石井　清子
2025-11-12,石田　伸和
2025-11-12,石原　昌枝
2025-11-12,大沢　正己
2025-11-12,尾内　則夫
2025-11-12,小野　利明
2025-11-12,倉林　晶子
2025-11-12,後藤　俊治
2025-11-12,小林　眞代
2025-11-12,小屋　知紀
2025-11-12,齋藤　アヤ
2025-11-12,齋藤　時子
2025-11-12,髙栁　テル子
2025-11-12,中島　喜作
2025-11-12,箱田　惠美子
2025-11-12,原嶋　キン
2025-11-12,藤生　宣男
2025-11-12,松村　君江
2025-11-12,村岡　洋一
2025-11-12,森　洋美
2025-11-12,矢内　弘司
2025-11-12,大和　米秋
2025-11-12,横堀　喜一
2025-11-12,吉田　雅志
2025-11-12,六本木　利彦
2025-11-13,新井　常子
2025-11-13,五十嵐　和郎
2025-11-13,井口　喜恵夫
2025-11-13,池田　美紀
2025-11-13,伊藤　恒夫
2025-11-13,小椋　正美
2025-11-13,小此木　智浩
2025-11-13,菊川　美枝子
2025-11-13,木暮　博行
2025-11-13,木村　延明
2025-11-13,ｸﾞｴﾝ･ﾁｰ・　ﾆｭﾝ
2025-11-13,NGUYEN　THI KIM HONG
2025-11-13,小林　明子
2025-11-13,小山　仁一郎
2025-11-13,齋藤　節子
2025-11-13,櫻井　敬祐
2025-11-13,塩谷　彦衛
2025-11-13,鈴木　清江
2025-11-13,髙橋　歳一
2025-11-13,根岸　光夫
2025-11-13,根岸　ヨネ子
2025-11-13,原　久榮
2025-11-13,星野　卓也
2025-11-13,堀田　益男
2025-11-13,眞嶋　清子
2025-11-13,松本　俊史
2025-11-13,森　泰江
2025-11-13,横澤　英子
2025-11-14,阿左美　武子
2025-11-14,石原　昌枝
2025-11-14,今村　春江
2025-11-14,岩沼　百合子
2025-11-14,大澤　博
2025-11-14,大島　良之
2025-11-14,大城　フリオ
2025-11-14,女屋　昭治
2025-11-14,小野　利明
2025-11-14,片山　サヨ子
2025-11-14,加藤　正
2025-11-14,倉林　晶子
2025-11-14,小屋　知紀
2025-11-14,坂口　和巳
2025-11-14,塚本　潔
2025-11-14,鶴田　聡
2025-11-14,中島　葉子
2025-11-14,中野　るみ子
2025-11-14,南雲　勝代
2025-11-14,萩原　勝巳
2025-11-14,箱田　惠美子
2025-11-14,早川　隆
2025-11-14,藤井　弘三
2025-11-14,藤田　祐公
2025-11-14,古澤　利子
2025-11-14,松江　光子
2025-11-14,横堀　喜一
2025-11-14,渡邉　昭
2025-11-15,五十嵐　美知子
2025-11-15,池田　美紀
2025-11-15,石井　清子
2025-11-15,井上　光子
2025-11-15,大沢　正己
2025-11-15,大関　定男
2025-11-15,奥原　孝子
2025-11-15,小此木　智浩
2025-11-15,尾内　則夫
2025-11-15,小保方　三四子
2025-11-15,金井　英明
2025-11-15,後藤　俊治
2025-11-15,小林　眞代
2025-11-15,齋藤　アヤ
2025-11-15,齋藤　民江
2025-11-15,塩谷　武夫
2025-11-15,髙栁　テル子
2025-11-15,中島　昭子
2025-11-15,箱田　惠美子
2025-11-15,原　貴美子
2025-11-15,藤生　宣男
2025-11-15,堀田　益男
2025-11-15,眞嶋　清子
2025-11-15,松村　君江
2025-11-15,村岡　洋一
2025-11-15,山岡　英夫
2025-11-15,大和　米秋
2025-11-15,六本木　利彦
2025-11-17,新井　常子
2025-11-17,井開　重男
2025-11-17,岩沼　百合子
2025-11-17,大澤　博
2025-11-17,大島　良之
2025-11-17,大城　フリオ
2025-11-17,小椋　正美
2025-11-17,加藤　正
2025-11-17,金山　ツイ
2025-11-17,木暮　典子
2025-11-17,小林　明子
2025-11-17,小屋　知紀
2025-11-17,齋藤　民江
2025-11-17,齋藤　時子
2025-11-17,鈴木　清江
2025-11-17,鶴田　聡
2025-11-17,中島　葉子
2025-11-17,中野　るみ子
2025-11-17,南雲　勝代
2025-11-17,根岸　ヨネ子
2025-11-17,萩原　勝巳
2025-11-17,箱田　惠美子
2025-11-17,八田　里江
2025-11-17,原　久榮
2025-11-17,藤田　祐公
2025-11-17,堀田　益男
2025-11-17,松本　俊史
2025-11-17,森　泰江
2025-11-17,矢内　弘司
2025-11-17,吉田　雅志
2025-11-18,阿左美　武子
2025-11-18,新井　幸子
2025-11-18,五十嵐　和郎
2025-11-18,五十嵐　美知子
2025-11-18,井口　喜恵夫
2025-11-18,今村　春江
2025-11-18,大嶋　好江
2025-11-18,大関　定男
2025-11-18,女屋　昭治
2025-11-18,小保方　三四子
2025-11-18,片山　サヨ子
2025-11-18,菊川　美枝子
2025-11-18,木村　延明
2025-11-18,NGUYEN　THI KIM HONG
2025-11-18,小山　仁一郎
2025-11-18,近藤　孝江
2025-11-18,齋藤　節子
2025-11-18,清水　覚
2025-11-18,須藤　志成幸
2025-11-18,關川　浩
2025-11-18,髙橋　歳一
2025-11-18,立澤　卓也
2025-11-18,田村　タマ
2025-11-18,藤井　弘三
2025-11-18,古澤　利子
2025-11-18,本木　初江
2025-11-18,山岡　英夫
2025-11-18,渡邉　昭
2025-11-18,渡邉　孝夫
2025-11-19,井開　重男
2025-11-19,石井　清子
2025-11-19,石田　伸和
2025-11-19,石原　昌枝
2025-11-19,大沢　正己
2025-11-19,尾内　則夫
2025-11-19,小野　利明
2025-11-19,後藤　俊治
2025-11-19,小屋　知紀
2025-11-19,齋藤　アヤ
2025-11-19,齋藤　時子
2025-11-19,髙栁　テル子
2025-11-19,中島　喜作
2025-11-19,中野　るみ子
2025-11-19,箱田　惠美子
2025-11-19,原嶋　キン
2025-11-19,藤生　宣男
2025-11-19,松村　君江
2025-11-19,宮田　初江
2025-11-19,村岡　洋一
2025-11-19,森　洋美
2025-11-19,矢内　弘司
2025-11-19,大和　米秋
2025-11-19,横堀　喜一
2025-11-19,吉田　雅志
2025-11-20,新井　常子
2025-11-20,五十嵐　和郎
2025-11-20,井口　喜恵夫
2025-11-20,伊藤　恒夫
2025-11-20,岩沼　百合子
2025-11-20,小椋　正美
2025-11-20,小此木　智浩
2025-11-20,菊川　美枝子
2025-11-20,木暮　博行
2025-11-20,木村　延明
2025-11-20,NGUYEN　THI KIM HONG
2025-11-20,小林　明子
2025-11-20,小山　仁一郎
2025-11-20,齋藤　節子
2025-11-20,櫻井　敬祐
2025-11-20,塩谷　彦衛
2025-11-20,鈴木　清江
2025-11-20,關川　浩
2025-11-20,等々力　克美
2025-11-20,根岸　光夫
2025-11-20,根岸　ヨネ子
2025-11-20,原嶋　キン
2025-11-20,星野　卓也
2025-11-20,堀田　益男
2025-11-20,眞嶋　清子
2025-11-20,松本　俊史
2025-11-20,森　泰江
2025-11-20,矢内　弘司
2025-11-20,横澤　英子
2025-11-21,阿左美　武子
2025-11-21,新井　幸子
2025-11-21,石原　昌枝
2025-11-21,今村　春江
2025-11-21,岩沼　百合子
2025-11-21,大澤　博
2025-11-21,大島　良之
2025-11-21,大城　フリオ
2025-11-21,女屋　昭治
2025-11-21,小野　利明
2025-11-21,片山　サヨ子
2025-11-21,加藤　正
2025-11-21,金山　ツイ
2025-11-21,木暮　博行
2025-11-21,倉林　晶子
2025-11-21,坂口　和巳
2025-11-21,關川　浩
2025-11-21,塚本　潔
2025-11-21,鶴田　聡
2025-11-21,中島　葉子
2025-11-21,南雲　勝代
2025-11-21,萩原　勝巳
2025-11-21,八田　里江
2025-11-21,早川　隆
2025-11-21,藤井　弘三
2025-11-21,藤田　祐公
2025-11-21,古澤　利子
2025-11-21,横堀　喜一
2025-11-21,渡邉　昭
2025-11-21,渡邉　孝夫
2025-11-22,池田　美紀
2025-11-22,石井　清子
2025-11-22,井上　光子
2025-11-22,大沢　正己
2025-11-22,大関　定男
2025-11-22,奥原　孝子
2025-11-22,小此木　智浩
2025-11-22,尾内　則夫
2025-11-22,小保方　三四子
2025-11-22,後藤　俊治
2025-11-22,小林　眞代
2025-11-22,齋藤　アヤ
2025-11-22,塩谷　武夫
2025-11-22,髙栁　テル子
2025-11-22,田村　タマ
2025-11-22,中島　昭子
2025-11-22,藤生　宣男
2025-11-22,堀田　益男
2025-11-22,眞嶋　清子
2025-11-22,松村　君江
2025-11-22,宮田　初江
2025-11-22,村岡　洋一
2025-11-22,本木　初江
2025-11-22,山岡　英夫
2025-11-22,六本木　利彦
2025-11-24,新井　孝子
2025-11-24,新井　常子
2025-11-24,井開　重男
2025-11-24,岩沼　百合子
2025-11-24,大澤　博
2025-11-24,大島　良之
2025-11-24,大城　フリオ
2025-11-24,小椋　正美
2025-11-24,小野　利明
2025-11-24,加藤　正
2025-11-24,金山　ツイ
2025-11-24,木暮　典子
2025-11-24,小林　明子
2025-11-24,小屋　知紀
2025-11-24,齋藤　民江
2025-11-24,齋藤　時子
2025-11-24,鈴木　清江
2025-11-24,鶴田　聡
2025-11-24,等々力　克美
2025-11-24,中島　葉子
2025-11-24,南雲　勝代
2025-11-24,根岸　ヨネ子
2025-11-24,萩原　勝巳
2025-11-24,箱田　惠美子
2025-11-24,藤田　祐公
2025-11-24,堀田　益男
2025-11-24,松本　俊史
2025-11-24,丸橋　美榮子
2025-11-24,森　泰江
2025-11-24,渡邉　孝夫
2025-11-25,新井　幸子
2025-11-25,五十嵐　和郎
2025-11-25,五十嵐　美知子
2025-11-25,今村　春江
2025-11-25,大嶋　好江
2025-11-25,大関　定男
2025-11-25,女屋　昭治
2025-11-25,小保方　三四子
2025-11-25,片山　サヨ子
2025-11-25,金井　英明
2025-11-25,菊川　美枝子
2025-11-25,木村　延明
2025-11-25,NGUYEN　THI KIM HONG
2025-11-25,小山　仁一郎
2025-11-25,近藤　孝江
2025-11-25,齊藤　敦
2025-11-25,齋藤　節子
2025-11-25,清水　覚
2025-11-25,關川　浩
2025-11-25,髙橋　歳一
2025-11-25,立澤　卓也
2025-11-25,田村　タマ
2025-11-25,藤井　弘三
2025-11-25,古澤　利子
2025-11-25,本木　初江
2025-11-25,山岡　英夫
2025-11-25,渡邉　昭
2025-11-25,渡邉　孝夫
2025-11-26,井開　重男
2025-11-26,石井　清子
2025-11-26,石原　昌枝
2025-11-26,大沢　正己
2025-11-26,尾内　則夫
2025-11-26,小野　利明
2025-11-26,倉林　晶子
2025-11-26,後藤　俊治
2025-11-26,小林　眞代
2025-11-26,齋藤　アヤ
2025-11-26,齋藤　時子
2025-11-26,髙栁　テル子
2025-11-26,中澤　正雄
2025-11-26,中島　喜作
2025-11-26,箱田　惠美子
2025-11-26,原嶋　キン
2025-11-26,藤生　宣男
2025-11-26,松江　光子
2025-11-26,松村　君江
2025-11-26,宮田　初江
2025-11-26,村岡　洋一
2025-11-26,森　洋美
2025-11-26,矢内　弘司
2025-11-26,大和　米秋
2025-11-26,横堀　喜一
2025-11-26,渡邉　孝夫
2025-11-27,新井　常子
2025-11-27,五十嵐　和郎
2025-11-27,岩沼　百合子
2025-11-27,小椋　正美
2025-11-27,小此木　智浩
2025-11-27,菊川　美枝子
2025-11-27,木暮　博行
2025-11-27,木村　延明
2025-11-27,NGUYEN　THI KIM HONG
2025-11-27,小林　明子
2025-11-27,小山　仁一郎
2025-11-27,齋藤　節子
2025-11-27,櫻井　敬祐
2025-11-27,塩谷　彦衛
2025-11-27,鈴木　清江
2025-11-27,關川　浩
2025-11-27,等々力　克美
2025-11-27,根岸　光夫
2025-11-27,根岸　ヨネ子
2025-11-27,原嶋　キン
2025-11-27,原　久榮
2025-11-27,星野　卓也
2025-11-27,堀田　益男
2025-11-27,眞嶋　清子
2025-11-27,森　泰江
2025-11-27,横澤　英子
2025-11-28,新井　幸子
2025-11-28,石原　昌枝
2025-11-28,今村　春江
2025-11-28,岩沼　百合子
2025-11-28,大澤　博
2025-11-28,大島　良之
2025-11-28,大城　フリオ
2025-11-28,女屋　昭治
2025-11-28,小野　利明
2025-11-28,片山　サヨ子
2025-11-28,加藤　正
2025-11-28,金山　ツイ
2025-11-28,倉林　晶子
2025-11-28,坂口　和巳
2025-11-28,塚本　潔
2025-11-28,鶴田　聡
2025-11-28,中島　葉子
2025-11-28,南雲　勝代
2025-11-28,萩原　勝巳
2025-11-28,箱田　惠美子
2025-11-28,八田　里江
2025-11-28,早川　隆
2025-11-28,藤井　弘三
2025-11-28,藤田　祐公
2025-11-28,古澤　利子
2025-11-28,松江　光子
2025-11-28,横堀　喜一
2025-11-28,渡邉　昭
2025-11-28,渡邉　孝夫
2025-11-29,五十嵐　美知子
2025-11-29,池田　美紀
2025-11-29,石井　清子
2025-11-29,井上　光子
2025-11-29,大沢　正己
2025-11-29,大関　定男
2025-11-29,奥原　孝子
2025-11-29,小此木　智浩
2025-11-29,尾内　則夫
2025-11-29,小保方　三四子
2025-11-29,金井　英明
2025-11-29,後藤　俊治
2025-11-29,小林　眞代
2025-11-29,齋藤　アヤ
2025-11-29,齋藤　民江
2025-11-29,塩谷　武夫
2025-11-29,髙栁　テル子
2025-11-29,田村　タマ
2025-11-29,中島　昭子
2025-11-29,藤生　宣男
2025-11-29,眞嶋　清子
2025-11-29,松村　君江
2025-11-29,宮田　初江
2025-11-29,村岡　洋一
2025-11-29,本木　初江
2025-11-29,山岡　英夫
2025-11-29,大和　米秋
2025-11-29,横澤　英子
2025-11-29,六本木　利彦
2025-12-01,新井　孝子
2025-12-01,新井　常子
2025-12-01,井開　重男
2025-12-01,岩沼　百合子
2025-12-01,大島　良之
2025-12-01,大城　フリオ
2025-12-01,小椋　正美
2025-12-01,加藤　正
2025-12-01,金山　ツイ
2025-12-01,木暮　典子
2025-12-01,小林　明子
2025-12-01,齋藤　民江
2025-12-01,齋藤　時子
2025-12-01,坂口　和巳
2025-12-01,鈴木　清江
2025-12-01,中島　葉子
2025-12-01,南雲　勝代
2025-12-01,根岸　ヨネ子
2025-12-01,萩原　勝巳
2025-12-01,箱田　惠美子
2025-12-01,八田　里江
2025-12-01,藤田　祐公
2025-12-01,松本　俊史
2025-12-01,丸橋　美榮子
2025-12-01,矢内　弘司
2025-12-01,吉田　雅志
2025-12-02,新井　幸子
2025-12-02,五十嵐　和郎
2025-12-02,五十嵐　美知子
2025-12-02,今村　春江
2025-12-02,大澤　博
2025-12-02,大嶋　好江
2025-12-02,大関　定男
2025-12-02,女屋　昭治
2025-12-02,小保方　三四子
2025-12-02,片山　サヨ子
2025-12-02,金井　英明
2025-12-02,菊川　美枝子
2025-12-02,木村　延明
2025-12-02,NGUYEN　THI KIM HONG
2025-12-02,小山　仁一郎
2025-12-02,近藤　孝江
2025-12-02,齋藤　節子
2025-12-02,清水　覚
2025-12-02,關川　浩
2025-12-02,髙橋　歳一
2025-12-02,立澤　卓也
2025-12-02,田村　タマ
2025-12-02,早川　隆
2025-12-02,藤井　弘三
2025-12-02,古澤　利子
2025-12-02,本木　初江
2025-12-02,森　泰江
2025-12-02,山岡　英夫
2025-12-02,渡邉　昭
2025-12-03,井開　重男
2025-12-03,石井　清子
2025-12-03,石原　昌枝
2025-12-03,大沢　正己
2025-12-03,尾内　則夫
2025-12-03,小野　利明
2025-12-03,倉林　晶子
2025-12-03,後藤　俊治
2025-12-03,小屋　知紀
2025-12-03,齋藤　アヤ
2025-12-03,齋藤　時子
2025-12-03,髙栁　テル子
2025-12-03,中島　喜作
2025-12-03,箱田　惠美子
2025-12-03,原　貴美子
2025-12-03,原嶋　キン
2025-12-03,藤生　宣男
2025-12-03,松村　君江
2025-12-03,宮田　初江
2025-12-03,村岡　洋一
2025-12-03,森　洋美
2025-12-03,矢内　弘司
2025-12-03,大和　米秋
2025-12-03,横堀　喜一
2025-12-03,吉田　雅志
2025-12-03,六本木　利彦
2025-12-04,新井　常子
2025-12-04,五十嵐　和郎
2025-12-04,小椋　正美
2025-12-04,小此木　智浩
2025-12-04,菊川　美枝子
2025-12-04,木村　延明
2025-12-04,NGUYEN　THI KIM HONG
2025-12-04,小林　明子
2025-12-04,小山　仁一郎
2025-12-04,齋藤　節子
2025-12-04,櫻井　敬祐
2025-12-04,塩谷　彦衛
2025-12-04,鈴木　清江
2025-12-04,關川　浩
2025-12-04,根岸　光夫
2025-12-04,根岸　ヨネ子
2025-12-04,原嶋　キン
2025-12-04,原　久榮
2025-12-04,星野　卓也
2025-12-04,堀田　益男
2025-12-04,眞嶋　清子
2025-12-04,増田　佳代子
2025-12-04,森　泰江
2025-12-05,新井　幸子
2025-12-05,石原　昌枝
2025-12-05,今村　春江
2025-12-05,大島　良之
2025-12-05,大城　フリオ
2025-12-05,女屋　昭治
2025-12-05,小野　利明
2025-12-05,片山　サヨ子
2025-12-05,加藤　正
2025-12-05,金山　ツイ
2025-12-05,木暮　博行
2025-12-05,倉林　晶子
2025-12-05,小屋　知紀
2025-12-05,坂口　和巳
2025-12-05,塚本　潔
2025-12-05,鶴田　聡
2025-12-05,南雲　勝代
2025-12-05,萩原　勝巳
2025-12-05,箱田　惠美子
2025-12-05,八田　里江
2025-12-05,早川　隆
2025-12-05,藤井　弘三
2025-12-05,藤田　祐公
2025-12-05,古澤　利子
2025-12-05,松本　俊史
2025-12-05,横堀　喜一
2025-12-05,渡邉　昭
2025-12-06,池田　美紀
2025-12-06,石井　清子
2025-12-06,井上　光子
2025-12-06,大澤　博
2025-12-06,大関　定男
2025-12-06,奥原　孝子
2025-12-06,小此木　智浩
2025-12-06,尾内　則夫
2025-12-06,小保方　三四子
2025-12-06,金井　英明
2025-12-06,後藤　俊治
2025-12-06,小林　眞代
2025-12-06,齋藤　アヤ
2025-12-06,齋藤　民江
2025-12-06,塩谷　武夫
2025-12-06,髙栁　テル子
2025-12-06,中島　昭子
2025-12-06,藤生　宣男
2025-12-06,堀田　益男
2025-12-06,眞嶋　清子
2025-12-06,松村　君江
2025-12-06,宮田　初江
2025-12-06,村岡　洋一
2025-12-06,山岡　英夫
2025-12-06,大和　米秋
2025-12-06,横澤　英子
2025-12-06,六本木　利彦
2025-12-08,新井　孝子
2025-12-08,新井　常子
2025-12-08,井開　重男
2025-12-08,大澤　博
2025-12-08,大島　良之
2025-12-08,大城　フリオ
2025-12-08,小椋　正美
2025-12-08,加藤　正
2025-12-08,金山　ツイ
2025-12-08,木暮　典子
2025-12-08,小林　明子
2025-12-08,小屋　知紀
2025-12-08,齋藤　民江
2025-12-08,坂口　和巳
2025-12-08,鈴木　清江
2025-12-08,鶴田　聡
2025-12-08,中島　葉子
2025-12-08,南雲　勝代
2025-12-08,根岸　ヨネ子
2025-12-08,萩原　勝巳
2025-12-08,箱田　惠美子
2025-12-08,原　久榮
2025-12-08,藤田　祐公
2025-12-08,堀田　益男
2025-12-08,松本　俊史
2025-12-08,丸橋　美榮子
2025-12-08,森　泰江
2025-12-08,吉田　雅志
2025-12-09,新井　幸子
2025-12-09,五十嵐　和郎
2025-12-09,五十嵐　美知子
2025-12-09,今村　春江
2025-12-09,大嶋　好江
2025-12-09,女屋　昭治
2025-12-09,小保方　三四子
2025-12-09,片山　サヨ子
2025-12-09,金井　英明
2025-12-09,菊川　美枝子
2025-12-09,木村　延明
2025-12-09,ｸﾞｴﾝ･ﾁｰ・　ﾆｭﾝ
2025-12-09,NGUYEN　THI KIM HONG
2025-12-09,小山　仁一郎
2025-12-09,近藤　孝江
2025-12-09,齊藤　敦
2025-12-09,齋藤　節子
2025-12-09,清水　覚
2025-12-09,關川　浩
2025-12-09,髙橋　歳一
2025-12-09,立澤　卓也
2025-12-09,早川　隆
2025-12-09,藤井　弘三
2025-12-09,古澤　利子
2025-12-09,山岡　英夫
2025-12-09,渡邉　昭
2025-12-10,井開　重男
2025-12-10,石井　清子
2025-12-10,石原　昌枝
2025-12-10,大沢　正己
2025-12-10,尾内　則夫
2025-12-10,小野　利明
2025-12-10,倉林　晶子
2025-12-10,後藤　俊治
2025-12-10,小林　眞代
2025-12-10,小屋　知紀
2025-12-10,齋藤　アヤ
2025-12-10,髙栁　テル子
2025-12-10,中島　喜作
2025-12-10,箱田　惠美子
2025-12-10,原嶋　キン
2025-12-10,藤生　宣男
2025-12-10,松村　君江
2025-12-10,宮田　初江
2025-12-10,村岡　洋一
2025-12-10,森　洋美
2025-12-10,矢内　弘司
2025-12-10,吉田　雅志
2025-12-10,六本木　利彦
2025-12-11,新井　常子
2025-12-11,五十嵐　和郎
2025-12-11,池田　美紀
2025-12-11,小椋　正美
2025-12-11,小此木　智浩
2025-12-11,菊川　美枝子
2025-12-11,木村　延明
2025-12-11,ｸﾞｴﾝ･ﾁｰ・　ﾆｭﾝ
2025-12-11,NGUYEN　THI KIM HONG
2025-12-11,小林　明子
2025-12-11,小山　仁一郎
2025-12-11,齋藤　節子
2025-12-11,櫻井　敬祐
2025-12-11,塩谷　彦衛
2025-12-11,鈴木　清江
2025-12-11,關川　浩
2025-12-11,德江　たか子
2025-12-11,等々力　克美
2025-12-11,根岸　光夫
2025-12-11,根岸　ヨネ子
2025-12-11,原嶋　キン
2025-12-11,原　久榮
2025-12-11,堀田　益男
2025-12-11,眞嶋　清子
2025-12-11,増田　佳代子
2025-12-11,森　泰江
2025-12-12,新井　幸子
2025-12-12,今村　春江
2025-12-12,大澤　博
2025-12-12,大島　良之
2025-12-12,大城　フリオ
2025-12-12,女屋　昭治
2025-12-12,小野　利明
2025-12-12,片山　サヨ子
2025-12-12,加藤　正
2025-12-12,金山　ツイ
2025-12-12,木暮　博行
2025-12-12,倉林　晶子
2025-12-12,小屋　知紀
2025-12-12,坂口　和巳
2025-12-12,塚本　潔
2025-12-12,鶴田　聡
2025-12-12,中島　葉子
2025-12-12,中野　るみ子
2025-12-12,南雲　勝代
2025-12-12,萩原　勝巳
2025-12-12,箱田　惠美子
2025-12-12,八田　里江
2025-12-12,藤井　弘三
2025-12-12,古澤　利子
2025-12-12,古澤　裕子
2025-12-12,松本　俊史
2025-12-12,渡邉　昭
2025-12-13,池田　美紀
2025-12-13,石井　清子
2025-12-13,井上　光子
2025-12-13,大沢　正己
2025-12-13,大関　定男
2025-12-13,奥原　孝子
2025-12-13,小此木　智浩
2025-12-13,尾内　則夫
2025-12-13,小保方　三四子
2025-12-13,金井　英明
2025-12-13,後藤　俊治
2025-12-13,齋藤　アヤ
2025-12-13,齋藤　民江
2025-12-13,塩谷　武夫
2025-12-13,髙栁　テル子
2025-12-13,藤生　宣男
2025-12-13,堀田　益男
2025-12-13,眞嶋　清子
2025-12-13,松村　君江
2025-12-13,宮田　初江
2025-12-13,村岡　洋一
2025-12-13,本木　初江
2025-12-13,山岡　英夫
2025-12-13,六本木　利彦
2025-12-15,新井　孝子
2025-12-15,新井　常子
2025-12-15,井開　重男
2025-12-15,大澤　博
2025-12-15,大島　良之
2025-12-15,大城　フリオ
2025-12-15,小椋　正美
2025-12-15,加藤　正
2025-12-15,金山　ツイ
2025-12-15,木暮　典子
2025-12-15,小林　明子
2025-12-15,小屋　知紀
2025-12-15,齋藤　民江
2025-12-15,坂口　和巳
2025-12-15,鈴木　清江
2025-12-15,鶴田　聡
2025-12-15,中島　葉子
2025-12-15,中野　るみ子
2025-12-15,南雲　勝代
2025-12-15,根岸　ヨネ子
2025-12-15,萩原　勝巳
2025-12-15,箱田　惠美子
2025-12-15,八田　里江
2025-12-15,原　久榮
2025-12-15,堀田　益男
2025-12-15,松本　俊史
2025-12-15,丸橋　美榮子
2025-12-15,森　泰江
2025-12-15,矢内　弘司
2025-12-15,吉田　雅志
2025-12-16,五十嵐　和郎
2025-12-16,五十嵐　美知子
2025-12-16,今村　春江
2025-12-16,大嶋　好江
2025-12-16,大関　定男
2025-12-16,女屋　昭治
2025-12-16,小保方　三四子
2025-12-16,片山　サヨ子
2025-12-16,菊川　美枝子
2025-12-16,木村　延明
2025-12-16,ｸﾞｴﾝ･ﾁｰ・　ﾆｭﾝ
2025-12-16,NGUYEN　THI KIM HONG
2025-12-16,小林　節子
2025-12-16,小山　仁一郎
2025-12-16,近藤　孝江
2025-12-16,齋藤　節子
2025-12-16,清水　覚
2025-12-16,髙橋　歳一
2025-12-16,立澤　卓也
2025-12-16,早川　隆
2025-12-16,藤井　弘三
2025-12-16,古澤　利子
2025-12-16,本木　初江
2025-12-16,山岡　英夫
2025-12-16,渡邉　昭
2025-12-16,渡邉　孝夫
2025-12-17,井開　重男
2025-12-17,石井　清子
2025-12-17,石原　昌枝
2025-12-17,大沢　正己
2025-12-17,尾内　則夫
2025-12-17,小野　利明
2025-12-17,倉林　晶子
2025-12-17,後藤　俊治
2025-12-17,小林　眞代
2025-12-17,小屋　知紀
2025-12-17,齋藤　アヤ
2025-12-17,髙栁　テル子
2025-12-17,中島　喜作
2025-12-17,中野　るみ子
2025-12-17,箱田　惠美子
2025-12-17,原　貴美子
2025-12-17,原嶋　キン
2025-12-17,藤生　宣男
2025-12-17,古澤　裕子
2025-12-17,松江　光子
2025-12-17,松村　君江
2025-12-17,宮田　初江
2025-12-17,村岡　洋一
2025-12-17,森　洋美
2025-12-17,矢内　弘司
2025-12-17,大和　米秋
2025-12-17,横堀　喜一
2025-12-17,吉田　雅志
2025-12-17,六本木　利彦
2025-12-18,新井　常子
2025-12-18,五十嵐　和郎
2025-12-18,池田　美紀
2025-12-18,伊藤　恒夫
2025-12-18,小椋　正美
2025-12-18,小此木　智浩
2025-12-18,菊川　美枝子
2025-12-18,木村　延明
2025-12-18,ｸﾞｴﾝ･ﾁｰ・　ﾆｭﾝ
2025-12-18,NGUYEN　THI KIM HONG
2025-12-18,小林　明子
2025-12-18,小山　仁一郎
2025-12-18,齋藤　節子
2025-12-18,櫻井　敬祐
2025-12-18,塩谷　彦衛
2025-12-18,鈴木　清江
2025-12-18,關川　浩
2025-12-18,德江　たか子
2025-12-18,根岸　光夫
2025-12-18,根岸　ヨネ子
2025-12-18,原嶋　キン
2025-12-18,原　久榮
2025-12-18,星野　卓也
2025-12-18,堀田　益男
2025-12-18,眞嶋　清子
2025-12-18,増田　佳代子
2025-12-18,森　泰江
2025-12-19,石原　昌枝
2025-12-19,今村　春江
2025-12-19,大澤　博
2025-12-19,大島　良之
2025-12-19,大城　フリオ
2025-12-19,女屋　昭治
2025-12-19,小野　利明
2025-12-19,片山　サヨ子
2025-12-19,加藤　正
2025-12-19,金山　ツイ
2025-12-19,木暮　博行
2025-12-19,倉林　晶子
2025-12-19,關川　浩
2025-12-19,塚本　潔
2025-12-19,中島　葉子
2025-12-19,南雲　勝代
2025-12-19,萩原　勝巳
2025-12-19,箱田　惠美子
2025-12-19,八田　里江
2025-12-19,早川　隆
2025-12-19,藤井　弘三
2025-12-19,古澤　利子
2025-12-19,古澤　裕子
2025-12-19,横堀　喜一
2025-12-19,渡邉　昭
2025-12-19,渡邉　孝夫
2025-12-20,五十嵐　美知子
2025-12-20,池田　美紀
2025-12-20,石井　清子
2025-12-20,井上　光子
2025-12-20,大沢　正己
2025-12-20,大関　定男
2025-12-20,奥原　孝子
2025-12-20,小此木　智浩
2025-12-20,尾内　則夫
2025-12-20,小保方　三四子
2025-12-20,川端　道子
2025-12-20,後藤　俊治
2025-12-20,小林　眞代
2025-12-20,齋藤　アヤ
2025-12-20,齋藤　民江
2025-12-20,塩谷　武夫
2025-12-20,髙橋　歳一
2025-12-20,髙栁　テル子
2025-12-20,中島　昭子
2025-12-20,福田　由紀子
2025-12-20,藤生　宣男
2025-12-20,堀田　益男
2025-12-20,眞嶋　清子
2025-12-20,松村　君江
2025-12-20,宮田　初江
2025-12-20,村岡　洋一
2025-12-20,本木　初江
2025-12-20,山岡　英夫
2025-12-20,大和　米秋
2025-12-20,横澤　英子
2025-12-20,六本木　利彦
2025-12-22,新井　孝子
2025-12-22,新井　常子
2025-12-22,井開　重男
2025-12-22,岩沼　百合子
2025-12-22,大澤　博
2025-12-22,大島　良之
2025-12-22,大城　フリオ
2025-12-22,小椋　正美
2025-12-22,加藤　正
2025-12-22,金山　ツイ
2025-12-22,小林　明子
2025-12-22,小屋　知紀
2025-12-22,齋藤　民江
2025-12-22,坂口　和巳
2025-12-22,鈴木　清江
2025-12-22,鶴田　聡
2025-12-22,等々力　克美
2025-12-22,中島　葉子
2025-12-22,南雲　勝代
2025-12-22,萩原　勝巳
2025-12-22,箱田　惠美子
2025-12-22,八田　里江
2025-12-22,原　久榮
2025-12-22,松本　俊史
2025-12-22,森　泰江
2025-12-22,矢内　弘司
2025-12-22,吉田　雅志
2025-12-23,新井　幸子
2025-12-23,五十嵐　和郎
2025-12-23,五十嵐　美知子
2025-12-23,今村　春江
2025-12-23,大嶋　好江
2025-12-23,大関　定男
2025-12-23,女屋　昭治
2025-12-23,小保方　三四子
2025-12-23,片山　サヨ子
2025-12-23,金井　英明
2025-12-23,川端　道子
2025-12-23,菊川　美枝子
2025-12-23,ｸﾞｴﾝ･ﾁｰ・　ﾆｭﾝ
2025-12-23,NGUYEN　THI KIM HONG
2025-12-23,小山　仁一郎
2025-12-23,近藤　孝江
2025-12-23,齋藤　節子
2025-12-23,清水　覚
2025-12-23,須藤　志成幸
2025-12-23,關川　浩
2025-12-23,髙橋　歳一
2025-12-23,立澤　卓也
2025-12-23,早川　隆
2025-12-23,藤井　弘三
2025-12-23,古澤　利子
2025-12-23,本木　初江
2025-12-23,山岡　英夫
2025-12-23,渡邉　昭
2025-12-23,渡邉　孝夫
2025-12-24,井開　重男
2025-12-24,石井　清子
2025-12-24,石原　昌枝
2025-12-24,大沢　正己
2025-12-24,尾内　則夫
2025-12-24,倉林　晶子
2025-12-24,後藤　俊治
2025-12-24,小林　眞代
2025-12-24,小屋　知紀
2025-12-24,齋藤　アヤ
2025-12-24,髙栁　テル子
2025-12-24,中島　喜作
2025-12-24,箱田　惠美子
2025-12-24,原　貴美子
2025-12-24,原嶋　キン
2025-12-24,藤生　宣男
2025-12-24,古澤　裕子
2025-12-24,松村　君江
2025-12-24,宮田　初江
2025-12-24,村岡　洋一
2025-12-24,森　洋美
2025-12-24,矢内　弘司
2025-12-24,大和　米秋
2025-12-24,横堀　喜一
2025-12-24,吉田　雅志
2025-12-24,六本木　利彦
2025-12-25,新井　常子
2025-12-25,五十嵐　和郎
2025-12-25,池田　美紀
2025-12-25,伊藤　恒夫
2025-12-25,岩沼　百合子
2025-12-25,小椋　正美
2025-12-25,小此木　智浩
2025-12-25,菊川　美枝子
2025-12-25,ｸﾞｴﾝ･ﾁｰ・　ﾆｭﾝ
2025-12-25,NGUYEN　THI KIM HONG
2025-12-25,小林　明子
2025-12-25,小山　仁一郎
2025-12-25,齋藤　節子
2025-12-25,櫻井　敬祐
2025-12-25,塩谷　彦衛
2025-12-25,鈴木　清江
2025-12-25,關川　浩
2025-12-25,德江　たか子
2025-12-25,等々力　克美
2025-12-25,根岸　光夫
2025-12-25,根岸　ヨネ子
2025-12-25,原嶋　キン
2025-12-25,原　久榮
2025-12-25,星野　卓也
2025-12-25,眞嶋　清子
2025-12-25,増田　佳代子
2025-12-25,森　泰江
2025-12-26,新井　幸子
2025-12-26,石原　昌枝
2025-12-26,今村　春江
2025-12-26,岩沼　百合子
2025-12-26,大澤　博
2025-12-26,大島　良之
2025-12-26,大城　フリオ
2025-12-26,女屋　昭治
2025-12-26,小野　利明
2025-12-26,片山　サヨ子
2025-12-26,加藤　正
2025-12-26,金山　ツイ
2025-12-26,木暮　典子
2025-12-26,木暮　博行
2025-12-26,倉林　晶子
2025-12-26,小屋　知紀
2025-12-26,坂口　和巳
2025-12-26,鶴田　聡
2025-12-26,中島　葉子
2025-12-26,中野　るみ子
2025-12-26,南雲　勝代
2025-12-26,萩原　勝巳
2025-12-26,箱田　惠美子
2025-12-26,八田　里江
2025-12-26,早川　隆
2025-12-26,藤井　弘三
2025-12-26,古澤　利子
2025-12-26,古澤　裕子
2025-12-26,松本　俊史
2025-12-26,横堀　喜一
2025-12-26,渡邉　昭
2025-12-26,渡邉　孝夫
2025-12-27,五十嵐　美知子
2025-12-27,石井　清子
2025-12-27,井上　光子
2025-12-27,大沢　正己
2025-12-27,大関　定男
2025-12-27,奥原　孝子
2025-12-27,小此木　智浩
2025-12-27,尾内　則夫
2025-12-27,小保方　三四子
2025-12-27,川端　道子
2025-12-27,後藤　俊治
2025-12-27,小林　眞代
2025-12-27,齋藤　アヤ
2025-12-27,齋藤　民江
2025-12-27,塩谷　武夫
2025-12-27,髙橋　歳一
2025-12-27,髙栁　テル子
2025-12-27,田村　タマ
2025-12-27,中島　昭子
2025-12-27,原　貴美子
2025-12-27,藤生　宣男
2025-12-27,眞嶋　清子
2025-12-27,松村　君江
2025-12-27,宮田　初江
2025-12-27,村岡　洋一
2025-12-27,本木　初江
2025-12-27,山岡　英夫
2025-12-27,大和　米秋
2025-12-29,新井　孝子
2025-12-29,新井　常子
2025-12-29,井開　重男
2025-12-29,岩沼　百合子
2025-12-29,大澤　博
2025-12-29,大島　良之
2025-12-29,大城　フリオ
2025-12-29,小椋　正美
2025-12-29,加藤　正
2025-12-29,金山　ツイ
2025-12-29,小林　明子
2025-12-29,小屋　知紀
2025-12-29,齋藤　民江
2025-12-29,鈴木　清江
2025-12-29,鶴田　聡
2025-12-29,等々力　克美
2025-12-29,中島　葉子
2025-12-29,中野　るみ子
2025-12-29,南雲　勝代
2025-12-29,根岸　ヨネ子
2025-12-29,萩原　勝巳
2025-12-29,箱田　惠美子
2025-12-29,原　久榮
2025-12-29,堀田　益男
2025-12-29,松本　俊史
2025-12-29,丸橋　美榮子
2025-12-29,森　泰江
2025-12-29,矢内　弘司
2025-12-29,吉田　雅志
2025-12-30,新井　幸子
2025-12-30,五十嵐　美知子
2025-12-30,今村　春江
2025-12-30,大嶋　好江
2025-12-30,大関　定男
2025-12-30,女屋　昭治
2025-12-30,小保方　三四子
2025-12-30,片山　サヨ子
2025-12-30,川端　道子
2025-12-30,菊川　美枝子
2025-12-30,ｸﾞｴﾝ･ﾁｰ・　ﾆｭﾝ
2025-12-30,NGUYEN　THI KIM HONG
2025-12-30,小山　仁一郎
2025-12-30,齋藤　節子
2025-12-30,須藤　志成幸
2025-12-30,關川　浩
2025-12-30,髙橋　歳一
2025-12-30,立澤　卓也
2025-12-30,田村　タマ
2025-12-30,藤井　弘三
2025-12-30,古澤　利子
2025-12-30,本木　初江
2025-12-30,山岡　英夫
2025-12-30,渡邉　昭
2025-12-31,新井　常子
2025-12-31,井開　重男
2025-12-31,石井　清子
2025-12-31,大沢　正己
2025-12-31,小野　利明
2025-12-31,倉林　晶子
2025-12-31,後藤　俊治
2025-12-31,小林　眞代
2025-12-31,小屋　知紀
2025-12-31,齋藤　アヤ
2025-12-31,塩谷　武夫
2025-12-31,中島　喜作
2025-12-31,中野　るみ子
2025-12-31,箱田　惠美子
2025-12-31,原　貴美子
2025-12-31,原嶋　キン
2025-12-31,藤生　宣男
2025-12-31,古澤　裕子
2025-12-31,堀田　益男
2025-12-31,松村　君江
2025-12-31,宮田　初江
2025-12-31,村岡　洋一
2025-12-31,森　洋美
2025-12-31,大和　米秋
2025-12-31,横澤　英子
2025-12-31,吉田　雅志
2026-01-05,新井　常子
2026-01-05,井開　重男
2026-01-05,岩沼　百合子
2026-01-05,大島　良之
2026-01-05,大城　フリオ
2026-01-05,小椋　正美
2026-01-05,加藤　正
2026-01-05,金山　ツイ
2026-01-05,小林　明子
2026-01-05,小屋　知紀
2026-01-05,齋藤　民江
2026-01-05,鶴田　聡
2026-01-05,中島　葉子
2026-01-05,南雲　勝代
2026-01-05,根岸　ヨネ子
2026-01-05,萩原　勝巳
2026-01-05,箱田　惠美子
2026-01-05,八田　里江
2026-01-05,原　久榮
2026-01-05,堀田　益男
2026-01-05,丸橋　美榮子
2026-01-05,森　泰江
2026-01-05,吉田　雅志
2026-01-06,新井　幸子
2026-01-06,五十嵐　和郎
2026-01-06,五十嵐　美知子
2026-01-06,今村　春江
2026-01-06,大澤　博
2026-01-06,大嶋　好江
2026-01-06,大関　定男
2026-01-06,女屋　昭治
2026-01-06,小保方　三四子
2026-01-06,片山　サヨ子
2026-01-06,川端　道子
2026-01-06,菊川　美枝子
2026-01-06,木村　延明
2026-01-06,ｸﾞｴﾝ･ﾁｰ・　ﾆｭﾝ
2026-01-06,NGUYEN　THI KIM HONG
2026-01-06,小山　仁一郎
2026-01-06,近藤　孝江
2026-01-06,齊藤　敦
2026-01-06,齋藤　節子
2026-01-06,清水　覚
2026-01-06,須藤　志成幸
2026-01-06,關川　浩
2026-01-06,髙橋　歳一
2026-01-06,田村　タマ
2026-01-06,藤井　弘三
2026-01-06,古澤　利子
2026-01-06,本木　初江
2026-01-06,山岡　英夫
2026-01-06,渡邉　昭
2026-01-07,井開　重男
2026-01-07,石井　清子
2026-01-07,石田　伸和
2026-01-07,石原　昌枝
2026-01-07,大沢　正己
2026-01-07,尾内　則夫
2026-01-07,倉林　晶子
2026-01-07,後藤　俊治
2026-01-07,小屋　知紀
2026-01-07,齋藤　アヤ
2026-01-07,中島　喜作
2026-01-07,箱田　惠美子
2026-01-07,原　貴美子
2026-01-07,原嶋　キン
2026-01-07,藤生　宣男
2026-01-07,古澤　裕子
2026-01-07,松江　光子
2026-01-07,松村　君江
2026-01-07,宮田　初江
2026-01-07,村岡　洋一
2026-01-07,森　洋美
2026-01-07,矢内　弘司
2026-01-07,大和　米秋
2026-01-07,横堀　喜一
2026-01-07,吉田　雅志
2026-01-08,新井　常子
2026-01-08,五十嵐　和郎
2026-01-08,池田　美紀
2026-01-08,伊藤　恒夫
2026-01-08,岩沼　百合子
2026-01-08,小椋　正美
2026-01-08,小此木　智浩
2026-01-08,菊川　美枝子
2026-01-08,木村　延明
2026-01-08,ｸﾞｴﾝ･ﾁｰ・　ﾆｭﾝ
2026-01-08,NGUYEN　THI KIM HONG
2026-01-08,小林　明子
2026-01-08,小山　仁一郎
2026-01-08,齋藤　節子
2026-01-08,櫻井　敬祐
2026-01-08,塩谷　彦衛
2026-01-08,關川　浩
2026-01-08,德江　たか子
2026-01-08,根岸　光夫
2026-01-08,根岸　ヨネ子
2026-01-08,原嶋　キン
2026-01-08,堀田　益男
2026-01-08,眞嶋　清子
2026-01-08,増田　佳代子
2026-01-08,森　泰江
2026-01-09,新井　幸子
2026-01-09,石原　昌枝
2026-01-09,今村　春江
2026-01-09,岩沼　百合子
2026-01-09,大澤　博
2026-01-09,大島　良之
2026-01-09,大城　フリオ
2026-01-09,女屋　昭治
2026-01-09,小野　利明
2026-01-09,片山　サヨ子
2026-01-09,加藤　正
2026-01-09,金山　ツイ
2026-01-09,木暮　典子
2026-01-09,木暮　博行
2026-01-09,倉林　晶子
2026-01-09,小林　節子
2026-01-09,小屋　知紀
2026-01-09,坂口　和巳
2026-01-09,塚本　潔
2026-01-09,鶴田　聡
2026-01-09,南雲　勝代
2026-01-09,萩原　勝巳
2026-01-09,箱田　惠美子
2026-01-09,八田　里江
2026-01-09,藤井　弘三
2026-01-09,古澤　利子
2026-01-09,古澤　裕子
2026-01-09,松本　俊史
2026-01-09,横堀　喜一
2026-01-09,渡邉　昭
2026-01-10,五十嵐　美知子
2026-01-10,池田　美紀
2026-01-10,石井　清子
2026-01-10,井上　光子
2026-01-10,大沢　正己
2026-01-10,大関　定男
2026-01-10,奥原　孝子
2026-01-10,小此木　智浩
2026-01-10,尾内　則夫
2026-01-10,小保方　三四子
2026-01-10,金井　英明
2026-01-10,川端　道子
2026-01-10,後藤　俊治
2026-01-10,小林　眞代
2026-01-10,齋藤　アヤ
2026-01-10,塩谷　武夫
2026-01-10,髙橋　歳一
2026-01-10,田村　タマ
2026-01-10,中島　昭子
2026-01-10,藤生　宣男
2026-01-10,堀田　益男
2026-01-10,眞嶋　清子
2026-01-10,松村　君江
2026-01-10,宮田　初江
2026-01-10,村岡　洋一
2026-01-10,本木　初江
2026-01-10,山岡　英夫
2026-01-10,大和　米秋
2026-01-10,六本木　利彦
2026-01-12,新井　孝子
2026-01-12,新井　常子
2026-01-12,井開　重男
2026-01-12,岩沼　百合子
2026-01-12,大澤　博
2026-01-12,大島　良之
2026-01-12,大城　フリオ
2026-01-12,小椋　正美
2026-01-12,加藤　正
2026-01-12,金山　ツイ
2026-01-12,木暮　典子
2026-01-12,小林　明子
2026-01-12,小屋　知紀
2026-01-12,齋藤　民江
2026-01-12,鶴田　聡
2026-01-12,等々力　克美
2026-01-12,中島　葉子
2026-01-12,南雲　勝代
2026-01-12,根岸　ヨネ子
2026-01-12,萩原　勝巳
2026-01-12,箱田　惠美子
2026-01-12,堀田　益男
2026-01-12,松本　俊史
2026-01-12,森　泰江
2026-01-12,矢内　弘司
2026-01-12,吉田　雅志
2026-01-13,新井　幸子
2026-01-13,五十嵐　和郎
2026-01-13,五十嵐　美知子
2026-01-13,今村　春江
2026-01-13,大嶋　好江
2026-01-13,大関　定男
2026-01-13,女屋　昭治
2026-01-13,小保方　三四子
2026-01-13,片山　サヨ子
2026-01-13,川端　道子
2026-01-13,菊川　美枝子
2026-01-13,木村　延明
2026-01-13,ｸﾞｴﾝ･ﾁｰ・　ﾆｭﾝ
2026-01-13,NGUYEN　THI KIM HONG
2026-01-13,小林　眞代
2026-01-13,小山　仁一郎
2026-01-13,近藤　孝江
2026-01-13,齋藤　節子
2026-01-13,清水　覚
2026-01-13,須藤　志成幸
2026-01-13,田村　タマ
2026-01-13,早川　隆
2026-01-13,藤井　弘三
2026-01-13,古澤　利子
2026-01-13,山岡　英夫
2026-01-13,渡邉　昭
2026-01-14,井開　重男
2026-01-14,石井　清子
2026-01-14,石田　伸和
2026-01-14,石原　昌枝
2026-01-14,生形　宏
2026-01-14,大沢　正己
2026-01-14,尾内　則夫
2026-01-14,小野　利明
2026-01-14,倉林　晶子
2026-01-14,後藤　俊治
2026-01-14,小屋　知紀
2026-01-14,齋藤　アヤ
2026-01-14,中島　喜作
2026-01-14,中野　るみ子
2026-01-14,箱田　惠美子
2026-01-14,原　貴美子
2026-01-14,原嶋　キン
2026-01-14,藤生　宣男
2026-01-14,古澤　裕子
2026-01-14,松村　君江
2026-01-14,宮田　初江
2026-01-14,村岡　洋一
2026-01-14,森　洋美
2026-01-14,矢内　弘司
2026-01-14,横堀　喜一
2026-01-14,吉田　雅志
2026-01-15,新井　常子
2026-01-15,池田　美紀
2026-01-15,伊藤　恒夫
2026-01-15,小椋　正美
2026-01-15,小此木　智浩
2026-01-15,菊川　美枝子
2026-01-15,木村　延明
2026-01-15,ｸﾞｴﾝ･ﾁｰ・　ﾆｭﾝ
2026-01-15,NGUYEN　THI KIM HONG
2026-01-15,小林　明子
2026-01-15,小山　仁一郎
2026-01-15,齋藤　節子
2026-01-15,櫻井　敬祐
2026-01-15,塩谷　彦衛
2026-01-15,鈴木　清江
2026-01-15,德江　たか子
2026-01-15,等々力　克美
2026-01-15,根岸　光夫
2026-01-15,根岸　ヨネ子
2026-01-15,原嶋　キン
2026-01-15,星野　卓也
2026-01-15,堀田　益男
2026-01-15,眞嶋　清子
2026-01-15,増田　佳代子
2026-01-15,森　泰江
2026-01-15,横澤　英子
2026-01-16,新井　幸子
2026-01-16,石原　昌枝
2026-01-16,今村　春江
2026-01-16,大島　良之
2026-01-16,大城　フリオ
2026-01-16,女屋　昭治
2026-01-16,小野　利明
2026-01-16,片山　サヨ子
2026-01-16,加藤　正
2026-01-16,金山　ツイ
2026-01-16,木暮　博行
2026-01-16,倉林　晶子
2026-01-16,小林　光雄
2026-01-16,小屋　知紀
2026-01-16,坂口　和巳
2026-01-16,立澤　卓也
2026-01-16,塚本　潔
2026-01-16,鶴田　聡
2026-01-16,中島　葉子
2026-01-16,中野　るみ子
2026-01-16,南雲　勝代
2026-01-16,萩原　勝巳
2026-01-16,箱田　惠美子
2026-01-16,早川　隆
2026-01-16,藤井　弘三
2026-01-16,古澤　利子
2026-01-16,古澤　裕子
2026-01-16,松本　俊史
2026-01-16,横堀　喜一
2026-01-16,渡邉　昭
2026-01-16,渡邉　孝夫
2026-01-17,五十嵐　美知子
2026-01-17,池田　美紀
2026-01-17,石井　清子
2026-01-17,井上　光子
2026-01-17,生形　宏
2026-01-17,大沢　正己
2026-01-17,大関　定男
2026-01-17,奥原　孝子
2026-01-17,小此木　智浩
2026-01-17,尾内　則夫
2026-01-17,小保方　三四子
2026-01-17,川端　道子
2026-01-17,後藤　俊治
2026-01-17,小林　眞代
2026-01-17,齋藤　アヤ
2026-01-17,齋藤　民江
2026-01-17,塩谷　武夫
2026-01-17,髙橋　歳一
2026-01-17,中島　昭子
2026-01-17,原　貴美子
2026-01-17,藤生　宣男
2026-01-17,眞嶋　清子
2026-01-17,松村　君江
2026-01-17,宮田　初江
2026-01-17,村岡　洋一
2026-01-17,山岡　英夫
2026-01-17,横澤　英子
2026-01-17,六本木　利彦
2026-01-17,渡邉　孝夫
2026-01-19,新井　孝子
2026-01-19,井開　重男
2026-01-19,大島　良之
2026-01-19,大城　フリオ
2026-01-19,小椋　正美
2026-01-19,加藤　正
2026-01-19,金山　ツイ
2026-01-19,木暮　典子
2026-01-19,小林　明子
2026-01-19,小屋　知紀
2026-01-19,齋藤　民江
2026-01-19,坂口　和巳
2026-01-19,鈴木　清江
2026-01-19,鶴田　聡
2026-01-19,等々力　克美
2026-01-19,中島　葉子
2026-01-19,中野　るみ子
2026-01-19,南雲　勝代
2026-01-19,根岸　ヨネ子
2026-01-19,萩原　勝巳
2026-01-19,箱田　惠美子
2026-01-19,八田　里江
2026-01-19,松本　俊史
2026-01-19,丸橋　美榮子
2026-01-19,森　泰江
2026-01-19,矢内　弘司
2026-01-19,吉田　雅志
2026-01-20,五十嵐　和郎
2026-01-20,五十嵐　美知子
2026-01-20,今村　春江
2026-01-20,大嶋　好江
2026-01-20,大関　定男
2026-01-20,女屋　昭治
2026-01-20,片山　サヨ子
2026-01-20,金井　英明
2026-01-20,川端　道子
2026-01-20,菊川　美枝子
2026-01-20,木村　延明
2026-01-20,ｸﾞｴﾝ･ﾁｰ・　ﾆｭﾝ
2026-01-20,NGUYEN　THI KIM HONG
2026-01-20,小林　光雄
2026-01-20,小山　仁一郎
2026-01-20,近藤　孝江
2026-01-20,齊藤　敦
2026-01-20,齋藤　節子
2026-01-20,清水　覚
2026-01-20,關川　浩
2026-01-20,髙橋　歳一
2026-01-20,立澤　卓也
2026-01-20,早川　隆
2026-01-20,藤井　弘三
2026-01-20,古澤　利子
2026-01-20,本木　初江
2026-01-20,山岡　英夫
2026-01-20,渡邉　昭
2026-01-20,渡邉　孝夫
2026-01-21,井開　重男
2026-01-21,石井　清子
2026-01-21,石田　伸和
2026-01-21,石原　昌枝
2026-01-21,生形　宏
2026-01-21,大沢　正己
2026-01-21,尾内　則夫
2026-01-21,小野　利明
2026-01-21,後藤　俊治
2026-01-21,小屋　知紀
2026-01-21,齋藤　アヤ
2026-01-21,髙栁　テル子
2026-01-21,中島　喜作
2026-01-21,中野　るみ子
2026-01-21,箱田　惠美子
2026-01-21,原　貴美子
2026-01-21,原嶋　キン
2026-01-21,藤生　宣男
2026-01-21,古澤　裕子
2026-01-21,松江　光子
2026-01-21,松村　君江
2026-01-21,宮田　初江
2026-01-21,村岡　洋一
2026-01-21,森　洋美
2026-01-21,矢内　弘司
2026-01-21,横堀　喜一
2026-01-21,吉田　雅志
2026-01-21,六本木　利彦
2026-01-21,渡邉　孝夫
2026-01-22,新井　常子
2026-01-22,五十嵐　和郎
2026-01-22,池田　美紀
2026-01-22,伊藤　恒夫
2026-01-22,小椋　正美
2026-01-22,小此木　智浩
2026-01-22,菊川　美枝子
2026-01-22,木村　延明
2026-01-22,ｸﾞｴﾝ･ﾁｰ・　ﾆｭﾝ
2026-01-22,NGUYEN　THI KIM HONG
2026-01-22,久保田　秀夫
2026-01-22,小林　明子
2026-01-22,小山　仁一郎
2026-01-22,齋藤　節子
2026-01-22,櫻井　敬祐
2026-01-22,塩谷　彦衛
2026-01-22,關川　浩
2026-01-22,德江　たか子
2026-01-22,等々力　克美
2026-01-22,根岸　光夫
2026-01-22,根岸　ヨネ子
2026-01-22,原嶋　キン
2026-01-22,堀田　益男
2026-01-22,眞嶋　清子
2026-01-22,増田　佳代子
2026-01-22,森　泰江
2026-01-23,石原　昌枝
2026-01-23,今村　春江
2026-01-23,大島　良之
2026-01-23,大城　フリオ
2026-01-23,女屋　昭治
2026-01-23,小野　利明
2026-01-23,片山　サヨ子
2026-01-23,加藤　正
2026-01-23,金山　ツイ
2026-01-23,木暮　典子
2026-01-23,木暮　博行
2026-01-23,倉林　晶子
2026-01-23,小林　節子
2026-01-23,小林　光雄
2026-01-23,坂口　和巳
2026-01-23,塚本　潔
2026-01-23,鶴田　聡
2026-01-23,中島　葉子
2026-01-23,南雲　勝代
2026-01-23,萩原　勝巳
2026-01-23,箱田　惠美子
2026-01-23,八田　里江
2026-01-23,藤井　弘三
2026-01-23,古澤　利子
2026-01-23,古澤　裕子
2026-01-23,松江　光子
2026-01-23,松本　俊史
2026-01-23,横堀　喜一
2026-01-23,渡邉　昭
2026-01-24,五十嵐　美知子
2026-01-24,池田　美紀
2026-01-24,井上　光子
2026-01-24,生形　宏
2026-01-24,大沢　正己
2026-01-24,大関　定男
2026-01-24,奥原　孝子
2026-01-24,小此木　智浩
2026-01-24,尾内　則夫
2026-01-24,金井　英明
2026-01-24,後藤　俊治
2026-01-24,齋藤　アヤ
2026-01-24,齋藤　民江
2026-01-24,塩谷　武夫
2026-01-24,髙橋　歳一
2026-01-24,髙栁　テル子
2026-01-24,中島　昭子
2026-01-24,藤生　宣男
2026-01-24,堀田　益男
2026-01-24,眞嶋　清子
2026-01-24,松村　君江
2026-01-24,宮田　初江
2026-01-24,村岡　洋一
2026-01-24,本木　初江
2026-01-24,山岡　英夫
2026-01-24,大和　米秋
2026-01-24,六本木　利彦
2026-01-24,渡邉　孝夫
2026-01-26,新井　孝子
2026-01-26,新井　常子
2026-01-26,大澤　博
2026-01-26,大島　良之
2026-01-26,大城　フリオ
2026-01-26,小椋　正美
2026-01-26,加藤　正
2026-01-26,金山　ツイ
2026-01-26,木暮　典子
2026-01-26,久保田　秀夫
2026-01-26,小林　明子
2026-01-26,小屋　知紀
2026-01-26,齋藤　民江
2026-01-26,齋藤　時子
2026-01-26,坂口　和巳
2026-01-26,髙栁　テル子
2026-01-26,鶴田　聡
2026-01-26,中島　葉子
2026-01-26,根岸　ヨネ子
2026-01-26,萩原　勝巳
2026-01-26,箱田　惠美子
2026-01-26,八田　里江
2026-01-26,堀田　益男
2026-01-26,松本　俊史
2026-01-26,丸橋　美榮子
2026-01-26,矢内　弘司
2026-01-26,吉田　雅志
2026-01-26,渡邉　孝夫
2026-01-27,新井　幸子
2026-01-27,五十嵐　和郎
2026-01-27,五十嵐　美知子
2026-01-27,今村　春江
2026-01-27,大嶋　好江
2026-01-27,大関　定男
2026-01-27,女屋　昭治
2026-01-27,小保方　三四子
2026-01-27,片山　サヨ子
2026-01-27,菊川　美枝子
2026-01-27,木村　延明
2026-01-27,ｸﾞｴﾝ･ﾁｰ・　ﾆｭﾝ
2026-01-27,NGUYEN　THI KIM HONG
2026-01-27,小林　眞代
2026-01-27,小林　光雄
2026-01-27,小山　仁一郎
2026-01-27,近藤　孝江
2026-01-27,齋藤　節子
2026-01-27,清水　覚
2026-01-27,關川　浩
2026-01-27,髙橋　歳一
2026-01-27,立澤　卓也
2026-01-27,藤井　弘三
2026-01-27,古澤　利子
2026-01-27,本木　初江
2026-01-27,森　泰江
2026-01-27,渡邉　昭
2026-01-27,渡邉　孝夫
2026-01-27,川端　道子
2026-01-28,井開　重男
2026-01-28,石井　清子
2026-01-28,石田　伸和
2026-01-28,石原　昌枝
2026-01-28,生形　宏
2026-01-28,大沢　正己
2026-01-28,尾内　則夫
2026-01-28,小野　利明
2026-01-28,倉林　晶子
2026-01-28,後藤　俊治
2026-01-28,小屋　知紀
2026-01-28,齋藤　アヤ
2026-01-28,髙栁　テル子
2026-01-28,中島　喜作
2026-01-28,箱田　惠美子
2026-01-28,原嶋　キン
2026-01-28,藤生　宣男
2026-01-28,古澤　裕子
2026-01-28,松村　君江
2026-01-28,宮田　初江
2026-01-28,村岡　洋一
2026-01-28,森　洋美
2026-01-28,矢内　弘司
2026-01-28,大和　米秋
2026-01-28,吉田　雅志
2026-01-28,六本木　利彦
2026-01-29,新井　常子
2026-01-29,五十嵐　和郎
2026-01-29,池田　美紀
2026-01-29,伊藤　恒夫
2026-01-29,岩沼　百合子
2026-01-29,小椋　正美
2026-01-29,小此木　智浩
2026-01-29,菊川　美枝子
2026-01-29,木村　延明
2026-01-29,ｸﾞｴﾝ･ﾁｰ・　ﾆｭﾝ
2026-01-29,NGUYEN　THI KIM HONG
2026-01-29,久保田　秀夫
2026-01-29,小林　明子
2026-01-29,小山　仁一郎
2026-01-29,齋藤　節子
2026-01-29,櫻井　敬祐
2026-01-29,塩谷　彦衛
2026-01-29,關川　浩
2026-01-29,德江　たか子
2026-01-29,根岸　光夫
2026-01-29,根岸　ヨネ子
2026-01-29,原嶋　キン
2026-01-29,星野　卓也
2026-01-29,堀田　益男
2026-01-29,眞嶋　清子
2026-01-29,増田　佳代子
2026-01-29,森　泰江
2026-01-29,横澤　英子
2026-01-30,新井　幸子
2026-01-30,今村　春江
2026-01-30,岩沼　百合子
2026-01-30,大島　良之
2026-01-30,大城　フリオ
2026-01-30,女屋　昭治
2026-01-30,小野　利明
2026-01-30,片山　サヨ子
2026-01-30,加藤　正
2026-01-30,金山　ツイ
2026-01-30,木暮　博行
2026-01-30,倉林　晶子
2026-01-30,小林　光雄
2026-01-30,小屋　知紀
2026-01-30,坂口　和巳
2026-01-30,立澤　卓也
2026-01-30,塚本　潔
2026-01-30,鶴田　聡
2026-01-30,中島　葉子
2026-01-30,中野　るみ子
2026-01-30,萩原　勝巳
2026-01-30,箱田　惠美子
2026-01-30,八田　里江
2026-01-30,早川　隆
2026-01-30,藤井　弘三
2026-01-30,古澤　利子
2026-01-30,古澤　裕子
2026-01-30,松本　俊史
2026-01-30,横堀　喜一
2026-01-30,渡邉　昭
2026-01-30,渡邉　孝夫
2026-01-31,五十嵐　美知子
2026-01-31,池田　美紀
2026-01-31,石井　清子
2026-01-31,井上　光子
2026-01-31,生形　宏
2026-01-31,大澤　博
2026-01-31,大沢　正己
2026-01-31,大関　定男
2026-01-31,奥原　孝子
2026-01-31,小此木　智浩
2026-01-31,尾内　則夫
2026-01-31,金井　英明
2026-01-31,川端　道子
2026-01-31,後藤　俊治
2026-01-31,小林　眞代
2026-01-31,齋藤　アヤ
2026-01-31,齋藤　民江
2026-01-31,塩谷　武夫
2026-01-31,髙橋　歳一
2026-01-31,髙栁　テル子
2026-01-31,中島　昭子
2026-01-31,原　貴美子
2026-01-31,藤生　宣男
2026-01-31,堀田　益男
2026-01-31,眞嶋　清子
2026-01-31,松村　君江
2026-01-31,宮田　初江
2026-01-31,村岡　洋一
2026-01-31,本木　初江
2026-01-31,大和　米秋
2026-01-31,横澤　英子
2026-02-02,新井　常子
2026-02-02,井開　重男
2026-02-02,岩沼　百合子
2026-02-02,大澤　博
2026-02-02,大島　良之
2026-02-02,大城　フリオ
2026-02-02,小椋　正美
2026-02-02,加藤　正
2026-02-02,金山　ツイ
2026-02-02,久保田　秀夫
2026-02-02,小林　明子
2026-02-02,小屋　知紀
2026-02-02,齋藤　民江
2026-02-02,坂口　和巳
2026-02-02,髙栁　テル子
2026-02-02,鶴田　聡
2026-02-02,等々力　克美
2026-02-02,中島　葉子
2026-02-02,中野　るみ子
2026-02-02,南雲　勝代
2026-02-02,根岸　ヨネ子
2026-02-02,萩原　勝巳
2026-02-02,箱田　惠美子
2026-02-02,八田　里江
2026-02-02,堀田　益男
2026-02-02,松本　俊史
2026-02-02,丸橋　美榮子
2026-02-02,森　泰江
2026-02-02,矢内　弘司
2026-02-03,新井　幸子
2026-02-03,五十嵐　和郎
2026-02-03,五十嵐　美知子
2026-02-03,今村　春江
2026-02-03,大嶋　好江
2026-02-03,大関　定男
2026-02-03,女屋　昭治
2026-02-03,片山　サヨ子
2026-02-03,金井　英明
2026-02-03,川端　道子
2026-02-03,菊川　美枝子
2026-02-03,木村　延明
2026-02-03,ｸﾞｴﾝ･ﾁｰ・　ﾆｭﾝ
2026-02-03,NGUYEN　THI KIM HONG
2026-02-03,小林　光雄
2026-02-03,小山　仁一郎
2026-02-03,近藤　孝江
2026-02-03,齊藤　敦
2026-02-03,齋藤　節子
2026-02-03,清水　覚
2026-02-03,關川　浩
2026-02-03,立澤　卓也
2026-02-03,田村　タマ
2026-02-03,藤井　弘三
2026-02-03,古澤　利子
2026-02-03,古澤　裕子
2026-02-03,本木　初江
2026-02-03,渡邉　昭
2026-02-03,渡邉　孝夫
2026-02-04,井開　重男
2026-02-04,石井　清子
2026-02-04,石田　伸和
2026-02-04,石原　昌枝
2026-02-04,生形　宏
2026-02-04,大沢　正己
2026-02-04,尾内　則夫
2026-02-04,倉林　晶子
2026-02-04,後藤　俊治
2026-02-04,小林　眞代
2026-02-04,小屋　知紀
2026-02-04,齋藤　アヤ
2026-02-04,髙栁　テル子
2026-02-04,中島　喜作
2026-02-04,中野　るみ子
2026-02-04,箱田　惠美子
2026-02-04,原　貴美子
2026-02-04,原嶋　キン
2026-02-04,藤生　宣男
2026-02-04,松江　光子
2026-02-04,松村　君江
2026-02-04,宮田　初江
2026-02-04,村岡　洋一
2026-02-04,森　洋美
2026-02-04,矢内　弘司
2026-02-04,大和　米秋
2026-02-04,横堀　喜一
2026-02-05,新井　常子
2026-02-05,五十嵐　和郎
2026-02-05,池田　美紀
2026-02-05,伊藤　恒夫
2026-02-05,岩沼　百合子
2026-02-05,小椋　正美
2026-02-05,小此木　智浩
2026-02-05,菊川　美枝子
2026-02-05,ｸﾞｴﾝ･ﾁｰ・　ﾆｭﾝ
2026-02-05,NGUYEN　THI KIM HONG
2026-02-05,久保田　秀夫
2026-02-05,小林　明子
2026-02-05,小山　仁一郎
2026-02-05,齋藤　節子
2026-02-05,櫻井　敬祐
2026-02-05,塩谷　彦衛
2026-02-05,關川　浩
2026-02-05,德江　たか子
2026-02-05,等々力　克美
2026-02-05,根岸　光夫
2026-02-05,根岸　ヨネ子
2026-02-05,原嶋　キン
2026-02-05,堀田　益男
2026-02-05,眞嶋　清子
2026-02-05,増田　佳代子
2026-02-05,森　泰江
2026-02-06,新井　幸子
2026-02-06,石原　昌枝
2026-02-06,今村　春江
2026-02-06,岩沼　百合子
2026-02-06,大島　良之
2026-02-06,大城　フリオ
2026-02-06,女屋　昭治
2026-02-06,片山　サヨ子
2026-02-06,加藤　正
2026-02-06,金山　ツイ
2026-02-06,木暮　博行
2026-02-06,倉林　晶子
2026-02-06,小林　光雄
2026-02-06,坂口　和巳
2026-02-06,清水　覚
2026-02-06,塚本　潔
2026-02-06,鶴田　聡
2026-02-06,南雲　勝代
2026-02-06,萩原　勝巳
2026-02-06,箱田　惠美子
2026-02-06,八田　里江
2026-02-06,早川　隆
2026-02-06,藤井　弘三
2026-02-06,古澤　利子
2026-02-06,古澤　裕子
2026-02-06,松江　光子
2026-02-06,松本　俊史
2026-02-06,横堀　喜一
2026-02-06,渡邉　昭
2026-02-06,渡邉　孝夫
2026-02-07,池田　美紀
2026-02-07,石井　清子
2026-02-07,井上　光子
2026-02-07,生形　宏
2026-02-07,大沢　正己
2026-02-07,大関　定男
2026-02-07,奥原　孝子
2026-02-07,小此木　智浩
2026-02-07,尾内　則夫
2026-02-07,金井　英明
2026-02-07,川端　道子
2026-02-07,後藤　俊治
2026-02-07,小林　眞代
2026-02-07,齋藤　アヤ
2026-02-07,齋藤　民江
2026-02-07,塩谷　武夫
2026-02-07,髙橋　歳一
2026-02-07,髙栁　テル子
2026-02-07,田村　タマ
2026-02-07,中島　昭子
2026-02-07,原　貴美子
2026-02-07,藤生　宣男
2026-02-07,堀田　益男
2026-02-07,眞嶋　清子
2026-02-07,松村　君江
2026-02-07,宮田　初江
2026-02-07,村岡　洋一
2026-02-07,本木　初江
2026-02-07,大和　米秋
2026-02-07,横澤　英子
2026-02-09,井開　重男
2026-02-09,石井　清子
2026-02-09,岩沼　百合子
2026-02-09,大島　良之
2026-02-09,大城　フリオ
2026-02-09,小椋　正美
2026-02-09,加藤　正
2026-02-09,金山　ツイ
2026-02-09,木暮　典子
2026-02-09,久保田　秀夫
2026-02-09,小林　明子
2026-02-09,小屋　知紀
2026-02-09,齋藤　民江
2026-02-09,坂口　和巳
2026-02-09,髙栁　テル子
2026-02-09,鶴田　聡
2026-02-09,等々力　克美
2026-02-09,中島　葉子
2026-02-09,南雲　勝代
2026-02-09,萩原　勝巳
2026-02-09,箱田　惠美子
2026-02-09,八田　里江
2026-02-09,堀田　益男
2026-02-09,松本　俊史
2026-02-09,丸橋　美榮子
2026-02-09,森　泰江
2026-02-10,新井　幸子
2026-02-10,五十嵐　和郎
2026-02-10,今村　春江
2026-02-10,大嶋　好江
2026-02-10,大関　定男
2026-02-10,女屋　昭治
2026-02-10,小保方　三四子
2026-02-10,片山　サヨ子
2026-02-10,金井　英明
2026-02-10,川端　道子
2026-02-10,菊川　美枝子
2026-02-10,木村　延明
2026-02-10,ｸﾞｴﾝ･ﾁｰ・　ﾆｭﾝ
2026-02-10,NGUYEN　THI KIM HONG
2026-02-10,小林　光雄
2026-02-10,小山　仁一郎
2026-02-10,近藤　孝江
2026-02-10,齋藤　節子
2026-02-10,清水　覚
2026-02-10,關川　浩
2026-02-10,立澤　卓也
2026-02-10,田村　タマ
2026-02-10,早川　隆
2026-02-10,藤井　弘三
2026-02-10,古澤　利子
2026-02-10,古澤　裕子
2026-02-10,本木　初江
2026-02-10,渡邉　昭
2026-02-11,井開　重男
2026-02-11,石井　清子
2026-02-11,石田　伸和
2026-02-11,石原　昌枝
2026-02-11,生形　宏
2026-02-11,大沢　正己
2026-02-11,尾内　則夫
2026-02-11,小野　利明
2026-02-11,倉林　晶子
2026-02-11,後藤　俊治
2026-02-11,小屋　知紀
2026-02-11,齋藤　アヤ
2026-02-11,髙栁　テル子
2026-02-11,中島　喜作
2026-02-11,箱田　惠美子
2026-02-11,原嶋　キン
2026-02-11,藤生　宣男
2026-02-11,松村　君江
2026-02-11,宮田　初江
2026-02-11,村岡　洋一
2026-02-11,森　洋美
2026-02-11,矢内　弘司
2026-02-11,大和　米秋
2026-02-11,横堀　喜一
2026-02-11,吉田　雅志
2026-02-11,六本木　利彦
2026-02-12,新井　常子
2026-02-12,五十嵐　和郎
2026-02-12,伊藤　恒夫
2026-02-12,岩沼　百合子
2026-02-12,小此木　智浩
2026-02-12,菊川　美枝子
2026-02-12,木村　延明
2026-02-12,ｸﾞｴﾝ･ﾁｰ・　ﾆｭﾝ
2026-02-12,NGUYEN　THI KIM HONG
2026-02-12,久保田　秀夫
2026-02-12,小林　明子
2026-02-12,小山　仁一郎
2026-02-12,齋藤　節子
2026-02-12,櫻井　敬祐
2026-02-12,塩谷　彦衛
2026-02-12,鈴木　清江
2026-02-12,關川　浩
2026-02-12,德江　たか子
2026-02-12,等々力　克美
2026-02-12,根岸　光夫
2026-02-12,根岸　ヨネ子
2026-02-12,原嶋　キン
2026-02-12,星野　卓也
2026-02-12,堀田　益男
2026-02-12,眞嶋　清子
2026-02-12,増田　佳代子
2026-02-12,森　泰江
2026-02-12,横澤　英子
2026-02-13,新井　幸子
2026-02-13,石原　昌枝
2026-02-13,今村　春江
2026-02-13,岩沼　百合子
2026-02-13,大島　良之
2026-02-13,大城　フリオ
2026-02-13,女屋　昭治
2026-02-13,小野　利明
2026-02-13,片山　サヨ子
2026-02-13,加藤　正
2026-02-13,金山　ツイ
2026-02-13,木暮　博行
2026-02-13,倉林　晶子
2026-02-13,小林　光雄
2026-02-13,小屋　知紀
2026-02-13,坂口　和巳
2026-02-13,清水　覚
2026-02-13,塚本　潔
2026-02-13,鶴田　聡
2026-02-13,中島　葉子
2026-02-13,萩原　勝巳
2026-02-13,箱田　惠美子
2026-02-13,八田　里江
2026-02-13,早川　隆
2026-02-13,藤井　弘三
2026-02-13,古澤　利子
2026-02-13,松本　俊史
2026-02-13,横堀　喜一
2026-02-13,渡邉　昭
2026-02-14,池田　美紀
2026-02-14,石井　清子
2026-02-14,井上　光子
2026-02-14,生形　宏
2026-02-14,奥原　孝子
2026-02-14,尾内　則夫
2026-02-14,小保方　三四子
2026-02-14,金井　英明
2026-02-14,川端　道子
2026-02-14,後藤　俊治
2026-02-14,小林　眞代
2026-02-14,小林　光雄
2026-02-14,齋藤　アヤ
2026-02-14,齋藤　民江
2026-02-14,髙橋　歳一
2026-02-14,髙栁　テル子
2026-02-14,田村　タマ
2026-02-14,中島　昭子
2026-02-14,藤生　宣男
2026-02-14,堀田　益男
2026-02-14,眞嶋　清子
2026-02-14,松村　君江
2026-02-14,宮田　初江
2026-02-14,村岡　洋一
2026-02-14,大和　米秋
2026-02-14,横澤　英子
2026-02-14,六本木　利彦
2026-02-16,新井　常子
2026-02-16,井開　重男
2026-02-16,石井　清子
2026-02-16,岩沼　百合子
2026-02-16,大島　良之
2026-02-16,大城　フリオ
2026-02-16,小椋　正美
2026-02-16,加藤　正
2026-02-16,金山　ツイ
2026-02-16,木暮　典子
2026-02-16,久保田　秀夫
2026-02-16,小林　明子
2026-02-16,小屋　知紀
2026-02-16,齋藤　民江
2026-02-16,齋藤　時子
2026-02-16,坂口　和巳
2026-02-16,髙栁　テル子
2026-02-16,鶴田　聡
2026-02-16,中島　葉子
2026-02-16,南雲　勝代
2026-02-16,根岸　ヨネ子
2026-02-16,萩原　勝巳
2026-02-16,箱田　惠美子
2026-02-16,八田　里江
2026-02-16,松本　俊史
2026-02-16,丸橋　美榮子
2026-02-16,森　泰江
2026-02-16,矢内　弘司
2026-02-16,吉田　雅志
2026-02-17,五十嵐　和郎
2026-02-17,今村　春江
2026-02-17,大嶋　好江
2026-02-17,女屋　昭治
2026-02-17,小保方　三四子
2026-02-17,片山　サヨ子
2026-02-17,川端　道子
2026-02-17,菊川　美枝子
2026-02-17,木村　延明
2026-02-17,ｸﾞｴﾝ･ﾁｰ・　ﾆｭﾝ
2026-02-17,NGUYEN　THI KIM HONG
2026-02-17,小林　光雄
2026-02-17,小山　仁一郎
2026-02-17,近藤　孝江
2026-02-17,齊藤　敦
2026-02-17,齋藤　節子
2026-02-17,清水　覚
2026-02-17,須藤　志成幸
2026-02-17,關川　浩
2026-02-17,髙橋　歳一
2026-02-17,田村　タマ
2026-02-17,藤井　弘三
2026-02-17,古澤　裕子
2026-02-17,渡邉　昭
2026-02-18,井開　重男
2026-02-18,石井　清子
2026-02-18,石田　伸和
2026-02-18,石原　昌枝
2026-02-18,生形　宏
2026-02-18,大沢　正己
2026-02-18,尾内　則夫
2026-02-18,小野　利明
2026-02-18,倉林　晶子
2026-02-18,後藤　俊治
2026-02-18,小林　眞代
2026-02-18,小屋　知紀
2026-02-18,齋藤　アヤ
2026-02-18,齋藤　時子
2026-02-18,髙栁　テル子
2026-02-18,中島　喜作
2026-02-18,箱田　惠美子
2026-02-18,原　貴美子
2026-02-18,原嶋　キン
2026-02-18,藤生　宣男
2026-02-18,松江　光子
2026-02-18,松村　君江
2026-02-18,宮田　初江
2026-02-18,村岡　洋一
2026-02-18,森　洋美
2026-02-18,矢内　弘司
2026-02-18,大和　米秋
2026-02-18,横堀　喜一
2026-02-18,吉田　雅志
2026-02-19,新井　常子
2026-02-19,五十嵐　和郎
2026-02-19,池田　美紀
2026-02-19,伊藤　恒夫
2026-02-19,小椋　正美
2026-02-19,小此木　智浩
2026-02-19,菊川　美枝子
2026-02-19,木村　延明
2026-02-19,ｸﾞｴﾝ･ﾁｰ・　ﾆｭﾝ
2026-02-19,NGUYEN　THI KIM HONG
2026-02-19,久保田　秀夫
2026-02-19,小林　明子
2026-02-19,小山　仁一郎
2026-02-19,齋藤　節子
2026-02-19,櫻井　敬祐
2026-02-19,塩谷　彦衛
2026-02-19,關川　浩
2026-02-19,関口　守平
2026-02-19,德江　たか子
2026-02-19,等々力　克美
2026-02-19,原嶋　キン
2026-02-19,星野　卓也
2026-02-19,眞嶋　清子
2026-02-19,増田　佳代子
2026-02-19,森　泰江
2026-02-19,横澤　英子
2026-02-20,石原　昌枝
2026-02-20,今村　春江
2026-02-20,大島　良之
2026-02-20,大城　フリオ
2026-02-20,女屋　昭治
2026-02-20,小野　利明
2026-02-20,片山　サヨ子
2026-02-20,加藤　正
2026-02-20,金山　ツイ
2026-02-20,木暮　博行
2026-02-20,倉林　晶子
2026-02-20,小林　光雄
2026-02-20,坂口　和巳
2026-02-20,清水　覚
2026-02-20,鶴田　聡
2026-02-20,中島　葉子
2026-02-20,萩原　勝巳
2026-02-20,箱田　惠美子
2026-02-20,八田　里江
2026-02-20,早川　隆
2026-02-20,藤井　弘三
2026-02-20,古澤　利子
2026-02-20,古澤　裕子
2026-02-20,松本　俊史
2026-02-20,横堀　喜一
2026-02-20,渡邉　昭
2026-02-21,五十嵐　美知子
2026-02-21,石井　清子
2026-02-21,井上　光子
2026-02-21,生形　宏
2026-02-21,大沢　正己
2026-02-21,大関　定男
2026-02-21,奥原　孝子
2026-02-21,尾内　則夫
2026-02-21,小保方　三四子
2026-02-21,川端　道子
2026-02-21,木暮　博行
2026-02-21,後藤　俊治
2026-02-21,小林　光雄
2026-02-21,齋藤　アヤ
2026-02-21,齋藤　民江
2026-02-21,塩谷　武夫
2026-02-21,髙橋　歳一
2026-02-21,髙栁　テル子
2026-02-21,中島　昭子
2026-02-21,藤生　宣男
2026-02-21,眞嶋　清子
2026-02-21,松村　君江
2026-02-21,宮田　初江
2026-02-21,村岡　洋一
2026-02-21,本木　初江
2026-02-21,大和　米秋
2026-02-21,横澤　英子
2026-02-21,六本木　利彦
2026-02-23,新井　常子
2026-02-23,井開　重男
2026-02-23,石井　清子
2026-02-23,大島　良之
2026-02-23,大城　フリオ
2026-02-23,小椋　正美
2026-02-23,加藤　正
2026-02-23,木暮　典子
2026-02-23,久保田　秀夫
2026-02-23,小林　明子
2026-02-23,小屋　知紀
2026-02-23,齋藤　民江
2026-02-23,髙栁　テル子
2026-02-23,鶴田　聡
2026-02-23,中島　葉子
2026-02-23,南雲　勝代
2026-02-23,根岸　ヨネ子
2026-02-23,萩原　勝巳
2026-02-23,箱田　惠美子
2026-02-23,堀田　益男
2026-02-23,松本　俊史
2026-02-23,丸橋　美榮子
2026-02-23,森　泰江
2026-02-23,矢内　弘司
2026-02-23,吉田　雅志
2026-02-24,新井　幸子
2026-02-24,五十嵐　和郎
2026-02-24,五十嵐　美知子
2026-02-24,今村　春江
2026-02-24,大嶋　好江
2026-02-24,大関　定男
2026-02-24,女屋　昭治
2026-02-24,小保方　三四子
2026-02-24,片山　サヨ子
2026-02-24,金井　英明
2026-02-24,川端　道子
2026-02-24,菊川　美枝子
2026-02-24,木村　延明
2026-02-24,ｸﾞｴﾝ･ﾁｰ・　ﾆｭﾝ
2026-02-24,NGUYEN　THI KIM HONG
2026-02-24,小林　光雄
2026-02-24,小山　仁一郎
2026-02-24,齋藤　節子
2026-02-24,清水　覚
2026-02-24,關川　浩
2026-02-24,髙橋　歳一
2026-02-24,早川　隆
2026-02-24,藤井　弘三
2026-02-24,古澤　利子
2026-02-24,古澤　裕子
2026-02-24,本木　初江
2026-02-24,渡邉　昭
2026-02-25,井開　重男
2026-02-25,石井　清子
2026-02-25,石田　伸和
2026-02-25,石原　昌枝
2026-02-25,生形　宏
2026-02-25,大沢　正己
2026-02-25,小野　利明
2026-02-25,倉林　晶子
2026-02-25,後藤　俊治
2026-02-25,小林　眞代
2026-02-25,小屋　知紀
2026-02-25,齋藤　アヤ
2026-02-25,髙栁　テル子
2026-02-25,中島　喜作
2026-02-25,箱田　惠美子
2026-02-25,原嶋　キン
2026-02-25,藤生　宣男
2026-02-25,松村　君江
2026-02-25,宮田　初江
2026-02-25,村岡　洋一
2026-02-25,森　洋美
2026-02-25,矢内　弘司
2026-02-25,横堀　喜一
2026-02-25,吉田　雅志
2026-02-25,六本木　利彦
2026-02-26,新井　常子
2026-02-26,五十嵐　和郎
2026-02-26,池田　美紀
2026-02-26,伊藤　恒夫
2026-02-26,小椋　正美
2026-02-26,小此木　智浩
2026-02-26,菊川　美枝子
2026-02-26,木村　延明
2026-02-26,ｸﾞｴﾝ･ﾁｰ・　ﾆｭﾝ
2026-02-26,NGUYEN　THI KIM HONG
2026-02-26,久保田　秀夫
2026-02-26,小林　明子
2026-02-26,小山　仁一郎
2026-02-26,齋藤　節子
2026-02-26,櫻井　敬祐
2026-02-26,塩谷　彦衛
2026-02-26,関口　守平
2026-02-26,德江　たか子
2026-02-26,等々力　克美
2026-02-26,根岸　ヨネ子
2026-02-26,堀田　益男
2026-02-26,眞嶋　清子
2026-02-26,増田　佳代子
2026-02-26,森　泰江
2026-02-27,新井　幸子
2026-02-27,石原　昌枝
2026-02-27,今村　春江
2026-02-27,大島　良之
2026-02-27,大城　フリオ
2026-02-27,女屋　昭治
2026-02-27,小野　利明
2026-02-27,片山　サヨ子
2026-02-27,加藤　正
2026-02-27,金山　ツイ
2026-02-27,木暮　博行
2026-02-27,倉林　晶子
2026-02-27,小屋　知紀
2026-02-27,坂口　和巳
2026-02-27,清水　覚
2026-02-27,塚本　潔
2026-02-27,鶴田　聡
2026-02-27,中島　葉子
2026-02-27,中野　るみ子
2026-02-27,南雲　勝代
2026-02-27,萩原　勝巳
2026-02-27,箱田　惠美子
2026-02-27,八田　里江
2026-02-27,早川　隆
2026-02-27,原嶋　キン
2026-02-27,藤井　弘三
2026-02-27,古澤　利子
2026-02-27,古澤　裕子
2026-02-27,松本　俊史
2026-02-27,横堀　喜一
2026-02-27,渡邉　昭
2026-02-28,五十嵐　美知子
2026-02-28,池田　美紀
2026-02-28,石井　清子
2026-02-28,井上　光子
2026-02-28,生形　宏
2026-02-28,大沢　正己
2026-02-28,大関　定男
2026-02-28,奥原　孝子
2026-02-28,小此木　智浩
2026-02-28,尾内　則夫
2026-02-28,小保方　三四子
2026-02-28,金井　英明
2026-02-28,川端　道子
2026-02-28,木暮　博行
2026-02-28,後藤　俊治
2026-02-28,小林　眞代
2026-02-28,小林　光雄
2026-02-28,齋藤　アヤ
2026-02-28,塩谷　武夫
2026-02-28,關川　浩
2026-02-28,髙橋　歳一
2026-02-28,髙栁　テル子
2026-02-28,中島　昭子
2026-02-28,藤生　宣男
2026-02-28,堀田　益男
2026-02-28,眞嶋　清子
2026-02-28,宮田　初江
2026-02-28,村岡　洋一
2026-02-28,本木　初江
2026-02-28,横澤　英子
2026-02-28,六本木　利彦
2026-03-02,新井　常子
2026-03-02,井開　重男
2026-03-02,石井　清子
2026-03-02,大島　良之
2026-03-02,大城　フリオ
2026-03-02,小椋　正美
2026-03-02,加藤　正
2026-03-02,金山　ツイ
2026-03-02,木暮　典子
2026-03-02,久保田　秀夫
2026-03-02,小林　明子
2026-03-02,小屋　知紀
2026-03-02,齋藤　民江
2026-03-02,坂口　和巳
2026-03-02,鶴田　聡
2026-03-02,等々力　克美
2026-03-02,中島　葉子
2026-03-02,中野　るみ子
2026-03-02,南雲　勝代
2026-03-02,根岸　ヨネ子
2026-03-02,萩原　勝巳
2026-03-02,箱田　惠美子
2026-03-02,堀田　益男
2026-03-02,松本　俊史
2026-03-02,丸橋　美榮子
2026-03-02,森　泰江
2026-03-02,矢内　弘司
2026-03-02,吉田　雅志
2026-03-02,渡邉　孝夫
2026-03-03,五十嵐　和郎
2026-03-03,今村　春江
2026-03-03,大嶋　好江
2026-03-03,女屋　昭治
2026-03-03,小保方　三四子
2026-03-03,片山　サヨ子
2026-03-03,川端　道子
2026-03-03,菊川　美枝子
2026-03-03,木村　延明
2026-03-03,ｸﾞｴﾝ･ﾁｰ・　ﾆｭﾝ
2026-03-03,NGUYEN　THI KIM HONG
2026-03-03,小林　光雄
2026-03-03,小山　仁一郎
2026-03-03,齋藤　節子
2026-03-03,清水　覚
2026-03-03,須藤　志成幸
2026-03-03,關川　浩
2026-03-03,早川　隆
2026-03-03,藤井　弘三
2026-03-03,古澤　利子
2026-03-03,古澤　裕子
2026-03-03,本木　初江
2026-03-03,渡邉　昭
2026-03-03,渡邉　孝夫
2026-03-04,井開　重男
2026-03-04,石井　清子
2026-03-04,石原　昌枝
2026-03-04,生形　宏
2026-03-04,大沢　正己
2026-03-04,尾内　則夫
2026-03-04,倉林　晶子
2026-03-04,後藤　俊治
2026-03-04,小林　眞代
2026-03-04,小屋　知紀
2026-03-04,齋藤　アヤ
2026-03-04,中島　喜作
2026-03-04,中野　るみ子
2026-03-04,箱田　惠美子
2026-03-04,原　貴美子
2026-03-04,原嶋　キン
2026-03-04,藤生　宣男
2026-03-04,松江　光子
2026-03-04,宮田　初江
2026-03-04,村岡　洋一
2026-03-04,森　洋美
2026-03-04,矢内　弘司
2026-03-04,大和　米秋
2026-03-04,横堀　喜一
2026-03-04,吉田　雅志
2026-03-04,六本木　利彦
2026-03-05,五十嵐　和郎
2026-03-05,池田　美紀
2026-03-05,伊藤　恒夫
2026-03-05,岩沼　百合子
2026-03-05,小椋　正美
2026-03-05,小此木　智浩
2026-03-05,菊川　美枝子
2026-03-05,木村　延明
2026-03-05,ｸﾞｴﾝ･ﾁｰ・　ﾆｭﾝ
2026-03-05,NGUYEN　THI KIM HONG
2026-03-05,久保田　秀夫
2026-03-05,小林　明子
2026-03-05,小山　仁一郎
2026-03-05,齋藤　節子
2026-03-05,櫻井　敬祐
2026-03-05,塩谷　彦衛
2026-03-05,關川　浩
2026-03-05,関口　守平
2026-03-05,德江　たか子
2026-03-05,等々力　克美
2026-03-05,根岸　ヨネ子
2026-03-05,原嶋　キン
2026-03-05,堀田　益男
2026-03-05,眞嶋　清子
2026-03-05,増田　佳代子
2026-03-05,森　泰江
2026-03-06,今村　春江
2026-03-06,岩沼　百合子
2026-03-06,大澤　博
2026-03-06,大島　良之
2026-03-06,大城　フリオ
2026-03-06,女屋　昭治
2026-03-06,小野　利明
2026-03-06,片山　サヨ子
2026-03-06,加藤　正
2026-03-06,金山　ツイ
2026-03-06,木暮　博行
2026-03-06,倉林　晶子
2026-03-06,小林　光雄
2026-03-06,小屋　知紀
2026-03-06,坂口　和巳
2026-03-06,清水　覚
2026-03-06,塚本　潔
2026-03-06,鶴田　聡
2026-03-06,根岸　文作
2026-03-06,萩原　勝巳
2026-03-06,箱田　惠美子
2026-03-06,藤井　弘三
2026-03-06,古澤　利子
2026-03-06,古澤　裕子
2026-03-06,松江　光子
2026-03-06,松本　俊史
2026-03-06,横堀　喜一
2026-03-06,渡邉　昭
2026-03-06,渡邉　孝夫
2026-03-07,五十嵐　美知子
2026-03-07,池田　美紀
2026-03-07,石井　清子
2026-03-07,井上　光子
2026-03-07,生形　宏
2026-03-07,大沢　正己
2026-03-07,奥原　孝子
2026-03-07,小此木　智浩
2026-03-07,尾内　則夫
2026-03-07,小保方　三四子
2026-03-07,金井　英明
2026-03-07,川端　道子
2026-03-07,後藤　俊治
2026-03-07,齋藤　アヤ
2026-03-07,齋藤　民江
2026-03-07,塩谷　武夫
2026-03-07,髙橋　歳一
2026-03-07,髙栁　テル子
2026-03-07,中島　昭子
2026-03-07,原　貴美子
2026-03-07,藤生　宣男
2026-03-07,堀田　益男
2026-03-07,眞嶋　清子
2026-03-07,宮田　初江
2026-03-07,村岡　洋一
2026-03-07,本木　初江
2026-03-07,六本木　利彦
2026-03-09,新井　常子
2026-03-09,井開　重男
2026-03-09,石井　清子
2026-03-09,岩沼　百合子
2026-03-09,大澤　博
2026-03-09,大島　良之
2026-03-09,大城　フリオ
2026-03-09,小椋　正美
2026-03-09,加藤　正
2026-03-09,金山　ツイ
2026-03-09,木暮　典子
2026-03-09,久保田　秀夫
2026-03-09,小林　明子
2026-03-09,小屋　知紀
2026-03-09,齋藤　民江
2026-03-09,坂口　和巳
2026-03-09,髙栁　テル子
2026-03-09,鶴田　聡
2026-03-09,中島　葉子
2026-03-09,南雲　勝代
2026-03-09,根岸　ヨネ子
2026-03-09,萩原　勝巳
2026-03-09,箱田　惠美子
2026-03-09,八田　里江
2026-03-09,堀田　益男
2026-03-09,松本　俊史
2026-03-09,丸橋　美榮子
2026-03-09,森　泰江
2026-03-09,矢内　弘司
2026-03-09,吉田　雅志
2026-03-10,新井　幸子
2026-03-10,五十嵐　和郎
2026-03-10,五十嵐　美知子
2026-03-10,今村　春江
2026-03-10,女屋　昭治
2026-03-10,小保方　三四子
2026-03-10,片山　サヨ子
2026-03-10,金井　英明
2026-03-10,川端　道子
2026-03-10,菊川　美枝子
2026-03-10,木村　延明
2026-03-10,ｸﾞｴﾝ･ﾁｰ・　ﾆｭﾝ
2026-03-10,NGUYEN　THI KIM HONG
2026-03-10,小林　光雄
2026-03-10,小山　仁一郎
2026-03-10,近藤　孝江
2026-03-10,齋藤　節子
2026-03-10,清水　覚
2026-03-10,下田　良子
2026-03-10,須藤　志成幸
2026-03-10,關川　浩
2026-03-10,髙橋　歳一
2026-03-10,田村　タマ
2026-03-10,藤井　弘三
2026-03-10,古澤　利子
2026-03-10,古澤　裕子
2026-03-10,本木　初江
2026-03-10,渡邉　昭
2026-03-10,渡邉　孝夫
2026-03-11,井開　重男
2026-03-11,石井　清子
2026-03-11,石原　昌枝
2026-03-11,生形　宏
2026-03-11,大沢　正己
2026-03-11,尾内　則夫
2026-03-11,倉林　晶子
2026-03-11,後藤　俊治
2026-03-11,小屋　知紀
2026-03-11,齋藤　アヤ
2026-03-11,髙栁　テル子
2026-03-11,中島　喜作
2026-03-11,箱田　惠美子
2026-03-11,原嶋　キン
2026-03-11,宮田　初江
2026-03-11,村岡　洋一
2026-03-11,森　洋美
2026-03-11,矢内　弘司
2026-03-11,大和　米秋
2026-03-11,横堀　喜一
2026-03-11,吉田　雅志
2026-03-11,六本木　利彦
2026-03-11,渡邉　孝夫
2026-03-12,新井　常子
2026-03-12,五十嵐　和郎
2026-03-12,伊藤　恒夫
2026-03-12,岩沼　百合子
2026-03-12,小椋　正美
2026-03-12,小此木　智浩
2026-03-12,菊川　美枝子
2026-03-12,木村　延明
2026-03-12,ｸﾞｴﾝ･ﾁｰ・　ﾆｭﾝ
2026-03-12,NGUYEN　THI KIM HONG
2026-03-12,久保田　秀夫
2026-03-12,小林　明子
2026-03-12,小林　眞代
2026-03-12,小山　仁一郎
2026-03-12,齋藤　節子
2026-03-12,櫻井　敬祐
2026-03-12,塩谷　彦衛
2026-03-12,下田　良子
2026-03-12,關川　浩
2026-03-12,関口　守平
2026-03-12,德江　たか子
2026-03-12,根岸　ヨネ子
2026-03-12,箱田　惠美子
2026-03-12,原嶋　キン
2026-03-12,堀田　益男
2026-03-12,眞嶋　清子
2026-03-12,増田　佳代子
2026-03-12,森　泰江
2026-03-12,横澤　英子
2026-03-13,新井　幸子
2026-03-13,石原　昌枝
2026-03-13,今村　春江
2026-03-13,岩沼　百合子
2026-03-13,大澤　博
2026-03-13,大島　良之
2026-03-13,大城　フリオ
2026-03-13,女屋　昭治
2026-03-13,小野　利明
2026-03-13,片山　サヨ子
2026-03-13,加藤　正
2026-03-13,金山　ツイ
2026-03-13,木暮　博行
2026-03-13,倉林　晶子
2026-03-13,小林　光雄
2026-03-13,小屋　知紀
2026-03-13,坂口　和巳
2026-03-13,清水　覚
2026-03-13,塚本　潔
2026-03-13,鶴田　聡
2026-03-13,中島　葉子
2026-03-13,中野　るみ子
2026-03-13,八田　里江
2026-03-13,早川　隆
2026-03-13,藤井　弘三
2026-03-13,古澤　利子
2026-03-13,古澤　裕子
2026-03-13,松本　俊史
2026-03-13,横堀　喜一
2026-03-13,渡邉　昭
2026-03-13,渡邉　孝夫
2026-03-14,五十嵐　美知子
2026-03-14,池田　美紀
2026-03-14,石井　清子
2026-03-14,井上　光子
2026-03-14,生形　宏
2026-03-14,大沢　正己
2026-03-14,奥原　孝子
2026-03-14,小此木　智浩
2026-03-14,尾内　則夫
2026-03-14,小保方　三四子
2026-03-14,金井　英明
2026-03-14,川端　道子
2026-03-14,木暮　博行
2026-03-14,後藤　俊治
2026-03-14,小林　眞代
2026-03-14,齋藤　アヤ
2026-03-14,齋藤　民江
2026-03-14,塩谷　武夫
2026-03-14,下田　良子
2026-03-14,髙栁　テル子
2026-03-14,田村　タマ
2026-03-14,中島　昭子
2026-03-14,眞嶋　清子
2026-03-14,宮田　初江
2026-03-14,村岡　洋一
2026-03-14,本木　初江
2026-03-14,大和　米秋
2026-03-14,六本木　利彦
2026-03-16,新井　常子
2026-03-16,井開　重男
2026-03-16,石井　清子
2026-03-16,岩沼　百合子
2026-03-16,大澤　博
2026-03-16,大島　良之
2026-03-16,大城　フリオ
2026-03-16,小椋　正美
2026-03-16,加藤　正
2026-03-16,金山　ツイ
2026-03-16,木暮　典子
2026-03-16,久保田　秀夫
2026-03-16,小林　明子
2026-03-16,小屋　知紀
2026-03-16,齋藤　民江
2026-03-16,坂口　和巳
2026-03-16,髙栁　テル子
2026-03-16,鶴田　聡
2026-03-16,等々力　克美
2026-03-16,中島　葉子
2026-03-16,中野　るみ子
2026-03-16,南雲　勝代
2026-03-16,萩原　勝巳
2026-03-16,箱田　惠美子
2026-03-16,八田　里江
2026-03-16,松本　俊史
2026-03-16,丸橋　美榮子
2026-03-16,森　泰江
2026-03-16,矢内　弘司
2026-03-16,吉田　雅志
2026-03-17,新井　幸子
2026-03-17,五十嵐　和郎
2026-03-17,五十嵐　美知子
2026-03-17,今村　春江
2026-03-17,大嶋　好江
2026-03-17,女屋　昭治
2026-03-17,小保方　三四子
2026-03-17,片山　サヨ子
2026-03-17,川端　道子
2026-03-17,菊川　美枝子
2026-03-17,木村　延明
2026-03-17,ｸﾞｴﾝ･ﾁｰ・　ﾆｭﾝ
2026-03-17,NGUYEN　THI KIM HONG
2026-03-17,小林　光雄
2026-03-17,小山　仁一郎
2026-03-17,近藤　孝江
2026-03-17,齋藤　節子
2026-03-17,清水　覚
2026-03-17,須藤　志成幸
2026-03-17,關川　浩
2026-03-17,髙橋　歳一
2026-03-17,立澤　卓也
2026-03-17,田村　タマ
2026-03-17,早川　隆
2026-03-17,藤井　弘三
2026-03-17,古澤　利子
2026-03-17,古澤　裕子
2026-03-17,本木　初江
2026-03-17,渡邉　昭
2026-03-17,渡邉　孝夫
2026-03-18,井開　重男
2026-03-18,石井　清子
2026-03-18,石原　昌枝
2026-03-18,生形　宏
2026-03-18,大沢　正己
2026-03-18,尾内　則夫
2026-03-18,小野　利明
2026-03-18,倉林　晶子
2026-03-18,後藤　俊治
2026-03-18,小林　眞代
2026-03-18,小屋　知紀
2026-03-18,齋藤　アヤ
2026-03-18,髙栁　テル子
2026-03-18,中島　喜作
2026-03-18,中野　るみ子
2026-03-18,箱田　惠美子
2026-03-18,原　貴美子
2026-03-18,原嶋　キン
2026-03-18,松江　光子
2026-03-18,宮田　初江
2026-03-18,村岡　洋一
2026-03-18,森　洋美
2026-03-18,矢内　弘司
2026-03-18,横堀　喜一
2026-03-18,吉田　雅志
2026-03-18,六本木　利彦
2026-03-19,新井　常子
2026-03-19,五十嵐　和郎
2026-03-19,池田　美紀
2026-03-19,伊藤　恒夫
2026-03-19,岩沼　百合子
2026-03-19,小椋　正美
2026-03-19,小此木　智浩
2026-03-19,菊川　美枝子
2026-03-19,木村　延明
2026-03-19,ｸﾞｴﾝ･ﾁｰ・　ﾆｭﾝ
2026-03-19,NGUYEN　THI KIM HONG
2026-03-19,久保田　秀夫
2026-03-19,小山　仁一郎
2026-03-19,齋藤　節子
2026-03-19,櫻井　敬祐
2026-03-19,塩谷　彦衛
2026-03-19,關川　浩
2026-03-19,德江　たか子
2026-03-19,原嶋　キン
2026-03-19,星野　卓也
2026-03-19,眞嶋　清子
2026-03-19,増田　佳代子
2026-03-19,森　泰江
2026-03-20,新井　幸子
2026-03-20,今村　春江
2026-03-20,岩沼　百合子
2026-03-20,大澤　博
2026-03-20,大島　良之
2026-03-20,大城　フリオ
2026-03-20,女屋　昭治
2026-03-20,片山　サヨ子
2026-03-20,加藤　正
2026-03-20,金山　ツイ
2026-03-20,木暮　博行
2026-03-20,倉林　晶子
2026-03-20,小林　光雄
2026-03-20,小屋　知紀
2026-03-20,清水　覚
2026-03-20,塚本　潔
2026-03-20,鶴田　聡
2026-03-20,中島　葉子
2026-03-20,南雲　勝代
2026-03-20,根岸　文作
2026-03-20,箱田　惠美子
2026-03-20,藤井　弘三
2026-03-20,古澤　利子
2026-03-20,古澤　裕子
2026-03-20,松本　俊史
2026-03-20,横堀　喜一
2026-03-20,渡邉　昭
2026-03-20,渡邉　孝夫
2026-03-21,五十嵐　美知子
2026-03-21,池田　美紀
2026-03-21,石井　清子
2026-03-21,井上　光子
2026-03-21,生形　宏
2026-03-21,大沢　正己
2026-03-21,奥原　孝子
2026-03-21,小此木　智浩
2026-03-21,尾内　則夫
2026-03-21,小保方　三四子
2026-03-21,川端　道子
2026-03-21,木暮　博行
2026-03-21,後藤　俊治
2026-03-21,小林　眞代
2026-03-21,齋藤　アヤ
2026-03-21,齋藤　民江
2026-03-21,塩谷　武夫
2026-03-21,髙橋　歳一
2026-03-21,髙栁　テル子
2026-03-21,田村　タマ
2026-03-21,中島　昭子
2026-03-21,原　貴美子
2026-03-21,眞嶋　清子
2026-03-21,宮田　初江
2026-03-21,村岡　洋一
2026-03-21,大和　米秋
2026-03-21,横澤　英子
2026-03-21,六本木　利彦
2026-03-21,渡邉　孝夫
2026-03-23,新井　常子
2026-03-23,井開　重男
2026-03-23,石井　清子
2026-03-23,大澤　博
2026-03-23,大島　良之
2026-03-23,大城　フリオ
2026-03-23,小椋　正美
2026-03-23,加藤　正
2026-03-23,木暮　典子
2026-03-23,久保田　秀夫
2026-03-23,小林　明子
2026-03-23,小屋　知紀
2026-03-23,齋藤　民江
2026-03-23,髙栁　テル子
2026-03-23,鶴田　聡
2026-03-23,南雲　勝代
2026-03-23,萩原　勝巳
2026-03-23,箱田　惠美子
2026-03-23,八田　里江
2026-03-23,堀田　益男
2026-03-23,松本　俊史
2026-03-23,丸橋　美榮子
2026-03-23,矢内　弘司
2026-03-23,渡邉　孝夫
2026-03-24,新井　幸子
2026-03-24,五十嵐　和郎
2026-03-24,五十嵐　美知子
2026-03-24,今村　春江
2026-03-24,大嶋　好江
2026-03-24,女屋　昭治
2026-03-24,小保方　三四子
2026-03-24,片山　サヨ子
2026-03-24,金井　英明
2026-03-24,川端　道子
2026-03-24,菊川　美枝子
2026-03-24,木村　延明
2026-03-24,ｸﾞｴﾝ･ﾁｰ・　ﾆｭﾝ
2026-03-24,NGUYEN　THI KIM HONG
2026-03-24,小林　光雄
2026-03-24,小山　仁一郎
2026-03-24,齋藤　節子
2026-03-24,清水　覚
2026-03-24,須藤　志成幸
2026-03-24,關川　浩
2026-03-24,髙橋　歳一
2026-03-24,田村　タマ
2026-03-24,早川　隆
2026-03-24,藤井　弘三
2026-03-24,古澤　利子
2026-03-24,古澤　裕子
2026-03-24,森　泰江
2026-03-24,渡邉　昭
2026-03-25,井開　重男
2026-03-25,石井　清子
2026-03-25,石原　昌枝
2026-03-25,生形　宏
2026-03-25,大沢　正己
2026-03-25,尾内　則夫
2026-03-25,小野　利明
2026-03-25,倉林　晶子
2026-03-25,後藤　俊治
2026-03-25,小林　眞代
2026-03-25,小屋　知紀
2026-03-25,齋藤　アヤ
2026-03-25,髙栁　テル子
2026-03-25,中島　喜作
2026-03-25,箱田　惠美子
2026-03-25,原嶋　キン
2026-03-25,宮田　初江
2026-03-25,村岡　洋一
2026-03-25,森　洋美
2026-03-25,矢内　弘司
2026-03-25,大和　米秋
2026-03-25,横堀　喜一
2026-03-25,六本木　利彦
2026-03-26,新井　常子
2026-03-26,五十嵐　和郎
2026-03-26,伊藤　恒夫
2026-03-26,小椋　正美
2026-03-26,小此木　智浩
2026-03-26,菊川　美枝子
2026-03-26,木村　延明
2026-03-26,ｸﾞｴﾝ･ﾁｰ・　ﾆｭﾝ
2026-03-26,NGUYEN　THI KIM HONG
2026-03-26,久保田　秀夫
2026-03-26,小林　明子
2026-03-26,小山　仁一郎
2026-03-26,齋藤　節子
2026-03-26,櫻井　敬祐
2026-03-26,塩谷　彦衛
2026-03-26,關川　浩
2026-03-26,関口　守平
2026-03-26,德江　たか子
2026-03-26,等々力　克美
2026-03-26,原嶋　キン
2026-03-26,原　久榮
2026-03-26,堀田　益男
2026-03-26,眞嶋　清子
2026-03-26,増田　佳代子
2026-03-26,森　泰江
2026-03-26,横澤　英子
2026-03-27,新井　幸子
2026-03-27,石原　昌枝
2026-03-27,今村　春江
2026-03-27,大島　良之
2026-03-27,大城　フリオ
2026-03-27,女屋　昭治
2026-03-27,片山　サヨ子
2026-03-27,加藤　正
2026-03-27,金山　ツイ
2026-03-27,木暮　博行
2026-03-27,倉林　晶子
2026-03-27,小林　光雄
2026-03-27,坂口　和巳
2026-03-27,清水　覚
2026-03-27,塚本　潔
2026-03-27,鶴田　聡
2026-03-27,中島　葉子
2026-03-27,中野　るみ子
2026-03-27,南雲　勝代
2026-03-27,根岸　文作
2026-03-27,箱田　惠美子
2026-03-27,八田　里江
2026-03-27,藤井　弘三
2026-03-27,古澤　利子
2026-03-27,古澤　裕子
2026-03-27,横堀　喜一
2026-03-27,渡邉　昭
2026-03-28,五十嵐　美知子
2026-03-28,池田　美紀
2026-03-28,石井　清子
2026-03-28,井上　光子
2026-03-28,生形　宏
2026-03-28,大澤　博
2026-03-28,大沢　正己
2026-03-28,奥原　孝子
2026-03-28,小此木　智浩
2026-03-28,尾内　則夫
2026-03-28,小保方　三四子
2026-03-28,金井　英明
2026-03-28,川端　道子
2026-03-28,木暮　博行
2026-03-28,後藤　俊治
2026-03-28,小林　眞代
2026-03-28,齋藤　アヤ
2026-03-28,齋藤　民江
2026-03-28,塩谷　武夫
2026-03-28,髙橋　歳一
2026-03-28,髙栁　テル子
2026-03-28,中島　昭子
2026-03-28,堀田　益男
2026-03-28,眞嶋　清子
2026-03-28,宮田　初江
2026-03-28,村岡　洋一
2026-03-28,本木　初江
2026-03-28,大和　米秋
2026-03-28,横澤　英子
2026-03-28,六本木　利彦
2026-03-30,新井　常子
2026-03-30,井開　重男
2026-03-30,石井　清子
2026-03-30,大澤　博
2026-03-30,大島　良之
2026-03-30,大城　フリオ
2026-03-30,小椋　正美
2026-03-30,加藤　正
2026-03-30,金山　ツイ
2026-03-30,木暮　典子
2026-03-30,久保田　秀夫
2026-03-30,小林　明子
2026-03-30,小屋　知紀
2026-03-30,齋藤　民江
2026-03-30,坂口　和巳
2026-03-30,髙栁　テル子
2026-03-30,鶴田　聡
2026-03-30,等々力　克美
2026-03-30,中島　葉子
2026-03-30,中野　るみ子
2026-03-30,根岸　ヨネ子
2026-03-30,箱田　惠美子
2026-03-30,八田　里江
2026-03-30,原　久榮
2026-03-30,兵藤　常男
2026-03-30,堀田　益男
2026-03-30,丸橋　美榮子
2026-03-30,森　泰江
2026-03-30,矢内　弘司
2026-03-30,吉田　雅志
2026-03-31,新井　幸子
2026-03-31,五十嵐　和郎
2026-03-31,五十嵐　美知子
2026-03-31,今村　春江
2026-03-31,大嶋　好江
2026-03-31,女屋　昭治
2026-03-31,小保方　三四子
2026-03-31,片山　サヨ子
2026-03-31,金井　英明
2026-03-31,川端　道子
2026-03-31,木村　延明
2026-03-31,ｸﾞｴﾝ･ﾁｰ・　ﾆｭﾝ
2026-03-31,NGUYEN　THI KIM HONG
2026-03-31,小林　光雄
2026-03-31,小山　仁一郎
2026-03-31,近藤　孝江
2026-03-31,齋藤　節子
2026-03-31,清水　覚
2026-03-31,須藤　志成幸
2026-03-31,關川　浩
2026-03-31,南雲　勝代
2026-03-31,早川　隆
2026-03-31,藤井　弘三
2026-03-31,古澤　利子
2026-03-31,古澤　裕子
2026-03-31,本木　初江
2026-03-31,渡邉　昭
2026-04-01,井開　重男
2026-04-01,石井　清子
2026-04-01,石原　昌枝
2026-04-01,生形　宏
2026-04-01,大沢　正己
2026-04-01,尾内　則夫
2026-04-01,倉林　晶子
2026-04-01,後藤　俊治
2026-04-01,小屋　知紀
2026-04-01,齋藤　アヤ
2026-04-01,髙栁　テル子
2026-04-01,中島　喜作
2026-04-01,中野　るみ子
2026-04-01,箱田　惠美子
2026-04-01,原嶋　キン
2026-04-01,兵藤　常男
2026-04-01,松江　光子
2026-04-01,宮田　初江
2026-04-01,村岡　洋一
2026-04-01,森　洋美
2026-04-01,矢内　弘司
2026-04-01,大和　米秋
2026-04-01,横堀　喜一
2026-04-01,吉田　雅志
2026-04-02,新井　常子
2026-04-02,五十嵐　和郎
2026-04-02,池田　美紀
2026-04-02,伊藤　恒夫
2026-04-02,小椋　正美
2026-04-02,小此木　智浩
2026-04-02,菊川　美枝子
2026-04-02,木村　延明
2026-04-02,NGUYEN　THI KIM HONG
2026-04-02,久保田　秀夫
2026-04-02,小林　明子
2026-04-02,小山　仁一郎
2026-04-02,齋藤　節子
2026-04-02,櫻井　敬祐
2026-04-02,塩谷　彦衛
2026-04-02,關川　浩
2026-04-02,関口　守平
2026-04-02,德江　たか子
2026-04-02,等々力　克美
2026-04-02,根岸　ヨネ子
2026-04-02,原嶋　キン
2026-04-02,原　久榮
2026-04-02,星野　卓也
2026-04-02,堀田　益男
2026-04-02,眞嶋　清子
2026-04-02,増田　佳代子
2026-04-02,森　泰江
2026-04-03,新井　幸子
2026-04-03,石原　昌枝
2026-04-03,今村　春江
2026-04-03,大澤　博
2026-04-03,大城　フリオ
2026-04-03,女屋　昭治
2026-04-03,片山　サヨ子
2026-04-03,加藤　正
2026-04-03,金山　ツイ
2026-04-03,倉林　晶子
2026-04-03,小林　光雄
2026-04-03,小屋　知紀
2026-04-03,坂口　和巳
2026-04-03,塚本　潔
2026-04-03,南雲　勝代
2026-04-03,根岸　文作
2026-04-03,箱田　惠美子
2026-04-03,八田　里江
2026-04-03,藤井　弘三
2026-04-03,古澤　利子
2026-04-03,古澤　裕子
2026-04-03,松江　光子
2026-04-03,松本　俊史
2026-04-03,横堀　喜一
2026-04-03,渡邉　昭
2026-04-04,五十嵐　美知子
2026-04-04,池田　美紀
2026-04-04,石井　清子
2026-04-04,井上　光子
2026-04-04,生形　宏
2026-04-04,奥原　孝子
2026-04-04,小此木　智浩
2026-04-04,尾内　則夫
2026-04-04,小保方　三四子
2026-04-04,金井　英明
2026-04-04,川端　道子
2026-04-04,木暮　博行
2026-04-04,後藤　俊治
2026-04-04,小林　眞代
2026-04-04,齋藤　アヤ
2026-04-04,齋藤　民江
2026-04-04,塩谷　武夫
2026-04-04,下田　良子
2026-04-04,髙栁　テル子
2026-04-04,中島　昭子
2026-04-04,原　貴美子
2026-04-04,眞嶋　清子
2026-04-04,村岡　洋一
2026-04-04,本木　初江
2026-04-04,大和　米秋
2026-04-04,六本木　利彦
2026-04-06,新井　孝子
2026-04-06,新井　常子
2026-04-06,井開　重男
2026-04-06,石井　清子
2026-04-06,大澤　博
2026-04-06,小椋　正美
2026-04-06,加藤　正
2026-04-06,金山　ツイ
2026-04-06,久保田　秀夫
2026-04-06,小林　明子
2026-04-06,小屋　知紀
2026-04-06,齋藤　民江
2026-04-06,髙栁　テル子
2026-04-06,等々力　克美
2026-04-06,中島　葉子
2026-04-06,南雲　勝代
2026-04-06,根岸　ヨネ子
2026-04-06,箱田　惠美子
2026-04-06,八田　里江
2026-04-06,原　久榮
2026-04-06,兵藤　常男
2026-04-06,松本　俊史
2026-04-06,丸橋　美榮子
2026-04-06,森　泰江
2026-04-07,新井　幸子
2026-04-07,五十嵐　和郎
2026-04-07,五十嵐　美知子
2026-04-07,今村　春江
2026-04-07,大嶋　好江
2026-04-07,女屋　昭治
2026-04-07,小保方　三四子
2026-04-07,片山　サヨ子
2026-04-07,金井　英明
2026-04-07,川端　道子
2026-04-07,菊川　美枝子
2026-04-07,木村　延明
2026-04-07,NGUYEN　THI KIM HONG
2026-04-07,小林　光雄
2026-04-07,小山　仁一郎
2026-04-07,近藤　孝江
2026-04-07,清水　覚
2026-04-07,下田　良子
2026-04-07,須藤　志成幸
2026-04-07,關川　浩
2026-04-07,古澤　利子
2026-04-07,古澤　裕子
2026-04-07,本木　初江
2026-04-07,渡邉　昭
2026-04-08,井開　重男
2026-04-08,石井　清子
2026-04-08,石原　昌枝
2026-04-08,生形　宏
2026-04-08,大沢　正己
2026-04-08,小野　利明
2026-04-08,倉林　晶子
2026-04-08,後藤　俊治
2026-04-08,小林　眞代
2026-04-08,小屋　知紀
2026-04-08,齋藤　アヤ
2026-04-08,下田　良子
2026-04-08,髙栁　テル子
2026-04-08,中島　喜作
2026-04-08,箱田　惠美子
2026-04-08,原　貴美子
2026-04-08,原嶋　キン
2026-04-08,兵藤　常男
2026-04-08,松村　君江
2026-04-08,宮田　初江
2026-04-08,村岡　洋一
2026-04-08,森　洋美
2026-04-08,大和　米秋
2026-04-08,横堀　喜一
2026-04-08,吉田　雅志
2026-04-08,六本木　利彦
2026-04-09,新井　常子
2026-04-09,五十嵐　和郎
2026-04-09,伊藤　恒夫
2026-04-09,岩沼　百合子
2026-04-09,小椋　正美
2026-04-09,小此木　智浩
2026-04-09,菊川　美枝子
2026-04-09,木村　延明
2026-04-09,NGUYEN　THI KIM HONG
2026-04-09,久保田　秀夫
2026-04-09,小林　明子
2026-04-09,小山　仁一郎
2026-04-09,齋藤　節子
2026-04-09,櫻井　敬祐
2026-04-09,塩谷　彦衛
2026-04-09,關川　浩
2026-04-09,関口　守平
2026-04-09,德江　たか子
2026-04-09,等々力　克美
2026-04-09,根岸　ヨネ子
2026-04-09,原嶋　キン
2026-04-09,原　久榮
2026-04-09,星野　卓也
2026-04-09,堀田　益男
2026-04-09,眞嶋　清子
2026-04-09,増田　佳代子
2026-04-09,森　泰江
2026-04-09,横澤　英子
2026-04-10,新井　幸子
2026-04-10,石原　昌枝
2026-04-10,今村　春江
2026-04-10,岩沼　百合子
2026-04-10,大澤　博
2026-04-10,大城　フリオ
2026-04-10,女屋　昭治
2026-04-10,小野　利明
2026-04-10,片山　サヨ子
2026-04-10,加藤　正
2026-04-10,金山　ツイ
2026-04-10,木暮　博行
2026-04-10,倉林　晶子
2026-04-10,小林　光雄
2026-04-10,小屋　知紀
2026-04-10,坂口　和巳
2026-04-10,清水　覚
2026-04-10,塚本　潔
2026-04-10,中島　葉子
2026-04-10,根岸　文作
2026-04-10,八田　里江
2026-04-10,藤井　弘三
2026-04-10,古澤　利子
2026-04-10,古澤　裕子
2026-04-10,松本　俊史
2026-04-10,横堀　喜一
2026-04-10,渡邉　昭
2026-04-10,渡邉　孝夫
2026-04-11,五十嵐　美知子
2026-04-11,石井　清子
2026-04-11,井上　光子
2026-04-11,生形　宏
2026-04-11,大沢　正己
2026-04-11,奥原　孝子
2026-04-11,小此木　智浩
2026-04-11,小保方　三四子
2026-04-11,金井　英明
2026-04-11,川端　道子
2026-04-11,後藤　俊治
2026-04-11,小林　眞代
2026-04-11,齋藤　アヤ
2026-04-11,塩谷　武夫
2026-04-11,髙栁　テル子
2026-04-11,中島　昭子
2026-04-11,原　貴美子
2026-04-11,堀田　益男
2026-04-11,眞嶋　清子
2026-04-11,松村　君江
2026-04-11,宮田　初江
2026-04-11,村岡　洋一
2026-04-11,横澤　英子
2026-04-11,六本木　利彦
2026-04-11,渡邉　孝夫
2026-04-13,新井　常子
2026-04-13,井開　重男
2026-04-13,石井　清子
2026-04-13,板垣　時代
2026-04-13,岩沼　百合子
2026-04-13,大澤　博
2026-04-13,大城　フリオ
2026-04-13,小椋　正美
2026-04-13,加藤　正
2026-04-13,金山　ツイ
2026-04-13,久保田　秀夫
2026-04-13,小林　明子
2026-04-13,小屋　知紀
2026-04-13,齋藤　民江
2026-04-13,坂口　和巳
2026-04-13,髙栁　テル子
2026-04-13,等々力　克美
2026-04-13,中島　葉子
2026-04-13,中野　るみ子
2026-04-13,根岸　ヨネ子
2026-04-13,箱田　惠美子
2026-04-13,八田　里江
2026-04-13,原　久榮
2026-04-13,兵藤　常男
2026-04-13,堀田　益男
2026-04-13,松本　俊史
2026-04-13,丸橋　美榮子
2026-04-13,森　泰江
2026-04-13,矢内　弘司
2026-04-13,吉田　雅志
2026-04-14,新井　幸子
2026-04-14,五十嵐　和郎
2026-04-14,五十嵐　美知子
2026-04-14,今村　春江
2026-04-14,大嶋　好江
2026-04-14,女屋　昭治
2026-04-14,小保方　三四子
2026-04-14,片山　サヨ子
2026-04-14,菊川　美枝子
2026-04-14,木村　延明
2026-04-14,小林　光雄
2026-04-14,小山　仁一郎
2026-04-14,齋藤　節子
2026-04-14,清水　覚
2026-04-14,關川　浩
2026-04-14,田村　タマ
2026-04-14,早川　隆
2026-04-14,藤井　弘三
2026-04-14,古澤　利子
2026-04-14,古澤　裕子
2026-04-14,渡邉　昭
2026-04-14,渡邉　孝夫
2026-04-15,井開　重男
2026-04-15,石井　清子
2026-04-15,石原　昌枝
2026-04-15,生形　宏
2026-04-15,大沢　正己
2026-04-15,小野　利明
2026-04-15,倉林　晶子
2026-04-15,後藤　俊治
2026-04-15,小屋　知紀
2026-04-15,齋藤　アヤ
2026-04-15,髙栁　テル子
2026-04-15,中島　喜作
2026-04-15,中野　るみ子
2026-04-15,箱田　惠美子
2026-04-15,原　貴美子
2026-04-15,原嶋　キン
2026-04-15,松江　光子
2026-04-15,松村　君江
2026-04-15,宮田　初江
2026-04-15,村岡　洋一
2026-04-15,森　洋美
2026-04-15,大和　米秋
2026-04-15,吉田　雅志
2026-04-15,六本木　利彦
2026-04-15,渡邉　孝夫
2026-04-16,新井　常子
2026-04-16,池田　美紀
2026-04-16,伊藤　恒夫
2026-04-16,岩沼　百合子
2026-04-16,小椋　正美
2026-04-16,小此木　智浩
2026-04-16,菊川　美枝子
2026-04-16,木村　延明
2026-04-16,NGUYEN　THI KIM HONG
2026-04-16,久保田　秀夫
2026-04-16,小林　明子
2026-04-16,小山　仁一郎
2026-04-16,齋藤　節子
2026-04-16,櫻井　敬祐
2026-04-16,塩谷　彦衛
2026-04-16,關川　浩
2026-04-16,関口　守平
2026-04-16,德江　たか子
2026-04-16,等々力　克美
2026-04-16,根岸　ヨネ子
2026-04-16,原嶋　キン
2026-04-16,原　久榮
2026-04-16,星野　卓也
2026-04-16,堀田　益男
2026-04-16,眞嶋　清子
2026-04-16,増田　佳代子
2026-04-16,森　泰江
2026-04-17,新井　幸子
2026-04-17,石原　昌枝
2026-04-17,今村　春江
2026-04-17,岩沼　百合子
2026-04-17,大澤　博
2026-04-17,大城　フリオ
2026-04-17,女屋　昭治
2026-04-17,小野　利明
2026-04-17,片山　サヨ子
2026-04-17,加藤　正
2026-04-17,金山　ツイ
2026-04-17,木暮　博行
2026-04-17,倉林　晶子
2026-04-17,坂口　和巳
2026-04-17,清水　覚
2026-04-17,塚本　潔
2026-04-17,中島　葉子
2026-04-17,根岸　文作
2026-04-17,箱田　惠美子
2026-04-17,八田　里江
2026-04-17,早川　隆
2026-04-17,藤井　弘三
2026-04-17,藤田　祐公
2026-04-17,古澤　利子
2026-04-17,古澤　裕子
2026-04-17,松江　光子
2026-04-17,松本　俊史
2026-04-17,横堀　喜一
2026-04-17,渡邉　昭
2026-04-17,渡邉　孝夫
2026-04-18,五十嵐　美知子
2026-04-18,石井　清子
2026-04-18,井上　光子
2026-04-18,生形　宏
2026-04-18,大沢　正己
2026-04-18,奥原　孝子
2026-04-18,小此木　智浩
2026-04-18,尾内　則夫
2026-04-18,小保方　三四子
2026-04-18,川端　道子
2026-04-18,木暮　博行
2026-04-18,後藤　俊治
2026-04-18,小林　光雄
2026-04-18,齋藤　アヤ
2026-04-18,齋藤　民江
2026-04-18,塩谷　武夫
2026-04-18,髙栁　テル子
2026-04-18,田村　タマ
2026-04-18,中島　昭子
2026-04-18,堀田　益男
2026-04-18,眞嶋　清子
2026-04-18,松村　君江
2026-04-18,宮田　初江
2026-04-18,村岡　洋一
2026-04-18,本木　初江
2026-04-18,大和　米秋
2026-04-18,六本木　利彦
2026-04-20,新井　孝子
2026-04-20,新井　常子
2026-04-20,井開　重男
2026-04-20,石井　清子
2026-04-20,板垣　時代
2026-04-20,岩沼　百合子
2026-04-20,大澤　博
2026-04-20,大城　フリオ
2026-04-20,小椋　正美
2026-04-20,加藤　正
2026-04-20,久保田　秀夫
2026-04-20,小林　明子
2026-04-20,小屋　知紀
2026-04-20,齋藤　民江
2026-04-20,齋藤　時子
2026-04-20,坂口　和巳
2026-04-20,髙栁　テル子
2026-04-20,中島　葉子
2026-04-20,根岸　ヨネ子
2026-04-20,箱田　惠美子
2026-04-20,八田　里江
2026-04-20,原　久榮
2026-04-20,藤田　祐公
2026-04-20,堀田　益男
2026-04-20,松本　俊史
2026-04-20,丸橋　美榮子
2026-04-20,森　泰江
2026-04-20,矢内　弘司
2026-04-20,吉田　雅志
2026-04-21,五十嵐　和郎
2026-04-21,五十嵐　美知子
2026-04-21,今村　春江
2026-04-21,大嶋　好江
2026-04-21,女屋　昭治
2026-04-21,片山　サヨ子
2026-04-21,川端　道子
2026-04-21,菊川　美枝子
2026-04-21,木村　延明
2026-04-21,NGUYEN　THI KIM HONG
2026-04-21,小林　光雄
2026-04-21,小山　仁一郎
2026-04-21,清水　覚
2026-04-21,關川　浩
2026-04-21,田村　タマ
2026-04-21,藤井　弘三
2026-04-21,古澤　利子
2026-04-21,古澤　裕子
2026-04-21,本木　初江
2026-04-21,渡邉　昭
2026-04-21,渡邉　孝夫
2026-04-22,井開　重男
2026-04-22,石井　清子
2026-04-22,石原　昌枝
2026-04-22,生形　宏
2026-04-22,大沢　正己
2026-04-22,尾内　則夫
2026-04-22,小野　利明
2026-04-22,倉林　晶子
2026-04-22,後藤　俊治
2026-04-22,小屋　知紀
2026-04-22,齋藤　アヤ
2026-04-22,齋藤　時子
2026-04-22,髙栁　テル子
2026-04-22,中島　喜作
2026-04-22,箱田　惠美子
2026-04-22,原　貴美子
2026-04-22,原嶋　キン
2026-04-22,松村　君江
2026-04-22,宮田　初江
2026-04-22,村岡　洋一
2026-04-22,森　洋美
2026-04-22,矢内　弘司
2026-04-22,大和　米秋
2026-04-22,横堀　喜一
2026-04-22,吉田　雅志
2026-04-22,六本木　利彦
2026-04-23,新井　常子
2026-04-23,五十嵐　和郎
2026-04-23,池田　美紀
2026-04-23,伊藤　恒夫
2026-04-23,小椋　正美
2026-04-23,小此木　智浩
2026-04-23,菊川　美枝子
2026-04-23,木村　延明
2026-04-23,NGUYEN　THI KIM HONG
2026-04-23,久保田　秀夫
2026-04-23,小山　仁一郎
2026-04-23,齋藤　節子
2026-04-23,櫻井　敬祐
2026-04-23,關川　浩
2026-04-23,関口　守平
2026-04-23,德江　たか子
2026-04-23,根岸　ヨネ子
2026-04-23,原嶋　キン
2026-04-23,原　久榮
2026-04-23,堀田　益男
2026-04-23,眞嶋　清子
2026-04-23,増田　佳代子
2026-04-23,森　泰江
2026-04-23,横澤　英子
2026-04-24,石原　昌枝
2026-04-24,今村　春江
2026-04-24,大城　フリオ
2026-04-24,女屋　昭治
2026-04-24,小野　利明
2026-04-24,片山　サヨ子
2026-04-24,加藤　正
2026-04-24,金山　ツイ
2026-04-24,木暮　博行
2026-04-24,小林　光雄
2026-04-24,小屋　知紀
2026-04-24,坂口　和巳
2026-04-24,清水　覚
2026-04-24,塚本　潔
2026-04-24,中島　葉子
2026-04-24,中野　るみ子
2026-04-24,根岸　文作
2026-04-24,箱田　惠美子
2026-04-24,八田　里江
2026-04-24,早川　隆
2026-04-24,藤井　弘三
2026-04-24,藤田　祐公
2026-04-24,古澤　裕子
2026-04-24,松本　俊史
2026-04-24,横堀　喜一
2026-04-24,渡邉　昭
2026-04-24,渡邉　孝夫
2026-04-25,五十嵐　美知子
2026-04-25,石井　清子
2026-04-25,井上　光子
2026-04-25,生形　宏
2026-04-25,大澤　博
2026-04-25,大沢　正己
2026-04-25,奥原　孝子
2026-04-25,尾内　則夫
2026-04-25,小保方　三四子
2026-04-25,川端　道子
2026-04-25,木暮　博行
2026-04-25,後藤　俊治
2026-04-25,小林　眞代
2026-04-25,齋藤　アヤ
2026-04-25,齋藤　民江
2026-04-25,塩谷　武夫
2026-04-25,髙栁　テル子
2026-04-25,田村　タマ
2026-04-25,中島　昭子
2026-04-25,原　貴美子
2026-04-25,眞嶋　清子
2026-04-25,松村　君江
2026-04-25,宮田　初江
2026-04-25,村岡　洋一
2026-04-25,本木　初江
2026-04-25,大和　米秋
2026-04-25,横澤　英子
2026-04-25,六本木　利彦
2026-04-27,新井　孝子
2026-04-27,新井　常子
2026-04-27,石井　清子
2026-04-27,大澤　博
2026-04-27,大城　フリオ
2026-04-27,小椋　正美
2026-04-27,加藤　正
2026-04-27,金山　ツイ
2026-04-27,久保田　秀夫
2026-04-27,小林　明子
2026-04-27,小屋　知紀
2026-04-27,齋藤　民江
2026-04-27,坂口　和巳
2026-04-27,髙栁　テル子
2026-04-27,等々力　克美
2026-04-27,中島　葉子
2026-04-27,中野　るみ子
2026-04-27,根岸　ヨネ子
2026-04-27,箱田　惠美子
2026-04-27,八田　里江
2026-04-27,藤田　祐公
2026-04-27,堀田　益男
2026-04-27,松本　俊史
2026-04-27,丸橋　美榮子
2026-04-27,森　泰江
2026-04-27,矢内　弘司
2026-04-28,新井　幸子
2026-04-28,五十嵐　和郎
2026-04-28,五十嵐　美知子
2026-04-28,今村　春江
2026-04-28,大嶋　好江
2026-04-28,女屋　昭治
2026-04-28,小保方　三四子
2026-04-28,片山　サヨ子
2026-04-28,川端　道子
2026-04-28,河村　操
2026-04-28,菊川　美枝子
2026-04-28,木村　延明
2026-04-28,NGUYEN　THI KIM HONG
2026-04-28,小林　光雄
2026-04-28,小山　仁一郎
2026-04-28,近藤　孝江
2026-04-28,齋藤　節子
2026-04-28,清水　覚
2026-04-28,須藤　志成幸
2026-04-28,關川　浩
2026-04-28,藤井　弘三
2026-04-28,古澤　利子
2026-04-28,古澤　裕子
2026-04-28,本木　初江
2026-04-28,渡邉　昭
2026-04-29,井開　重男
2026-04-29,石井　清子
2026-04-29,石原　昌枝
2026-04-29,生形　宏
2026-04-29,大沢　正己
2026-04-29,尾内　則夫
2026-04-29,小野　利明
2026-04-29,川端　道子
2026-04-29,久保田　秀夫
2026-04-29,倉林　晶子
2026-04-29,後藤　俊治
2026-04-29,小林　眞代
2026-04-29,小屋　知紀
2026-04-29,齋藤　アヤ
2026-04-29,齋藤　時子
2026-04-29,髙栁　テル子
2026-04-29,中島　喜作
2026-04-29,中野　るみ子
2026-04-29,箱田　惠美子
2026-04-29,原嶋　キン
2026-04-29,松江　光子
2026-04-29,宮田　初江
2026-04-29,村岡　洋一
2026-04-29,森　洋美
2026-04-29,矢内　弘司
2026-04-29,大和　米秋
2026-04-29,横堀　喜一
2026-04-29,吉田　雅志
2026-04-29,六本木　利彦
2026-04-30,五十嵐　和郎
2026-04-30,池田　美紀
2026-04-30,伊藤　恒夫
2026-04-30,小椋　正美
2026-04-30,小此木　智浩
2026-04-30,河村　操
2026-04-30,菊川　美枝子
2026-04-30,木村　延明
2026-04-30,NGUYEN　THI KIM HONG
2026-04-30,久保田　秀夫
2026-04-30,小林　明子
2026-04-30,小山　仁一郎
2026-04-30,齋藤　節子
2026-04-30,塩谷　彦衛
2026-04-30,關川　浩
2026-04-30,関口　守平
2026-04-30,德江　たか子
2026-04-30,根岸　ヨネ子
2026-04-30,原嶋　キン
2026-04-30,原　久榮
2026-04-30,堀田　益男
2026-04-30,眞嶋　清子
2026-04-30,増田　佳代子
2026-04-30,森　泰江
2026-05-01,新井　幸子
2026-05-01,今村　春江
2026-05-01,大澤　博
2026-05-01,大島　良之
2026-05-01,大城　フリオ
2026-05-01,女屋　昭治
2026-05-01,小野　利明
2026-05-01,片山　サヨ子
2026-05-01,加藤　正
2026-05-01,金山　ツイ
2026-05-01,木暮　博行
2026-05-01,倉林　晶子
2026-05-01,小林　光雄
2026-05-01,小屋　知紀
2026-05-01,坂口　和巳
2026-05-01,清水　覚
2026-05-01,根岸　文作
2026-05-01,箱田　惠美子
2026-05-01,八田　里江
2026-05-01,藤井　弘三
2026-05-01,藤田　祐公
2026-05-01,古澤　利子
2026-05-01,古澤　裕子
2026-05-01,松江　光子
2026-05-01,松本　俊史
2026-05-01,横堀　喜一
2026-05-01,渡邉　昭
2026-05-02,五十嵐　美知子
2026-05-02,池田　美紀
2026-05-02,石井　清子
2026-05-02,井上　光子
2026-05-02,生形　宏
2026-05-02,大沢　正己
2026-05-02,奥原　孝子
2026-05-02,小此木　智浩
2026-05-02,尾内　則夫
2026-05-02,小保方　三四子
2026-05-02,金井　英明
2026-05-02,木暮　博行
2026-05-02,後藤　俊治
2026-05-02,小林　眞代
2026-05-02,小林　光雄
2026-05-02,齋藤　アヤ
2026-05-02,齋藤　民江
2026-05-02,塩谷　武夫
2026-05-02,関口　守平
2026-05-02,髙栁　テル子
2026-05-02,中島　昭子
2026-05-02,原　貴美子
2026-05-02,堀田　益男
2026-05-02,眞嶋　清子
2026-05-02,宮田　初江
2026-05-02,村岡　洋一
2026-05-02,村上　榮
2026-05-02,本木　初江
2026-05-02,大和　米秋
2026-05-02,六本木　利彦
2026-05-04,新井　孝子
2026-05-04,新井　常子
2026-05-04,井開　重男
2026-05-04,石井　清子
2026-05-04,板垣　時代
2026-05-04,大澤　博
2026-05-04,大島　良之
2026-05-04,大城　フリオ
2026-05-04,小椋　正美
2026-05-04,加藤　正
2026-05-04,金山　ツイ
2026-05-04,久保田　秀夫
2026-05-04,小林　明子
2026-05-04,小屋　知紀
2026-05-04,齋藤　民江
2026-05-04,齋藤　時子
2026-05-04,髙栁　テル子
2026-05-04,等々力　克美
2026-05-04,中島　葉子
2026-05-04,根岸　ヨネ子
2026-05-04,箱田　惠美子
2026-05-04,原　久榮
2026-05-04,兵藤　常男
2026-05-04,藤田　祐公
2026-05-04,堀田　益男
2026-05-04,松本　俊史
2026-05-04,森　泰江
2026-05-04,矢内　弘司
2026-05-04,吉田　雅志
2026-05-05,五十嵐　和郎
2026-05-05,今村　春江
2026-05-05,大嶋　好江
2026-05-05,女屋　昭治
2026-05-05,小保方　三四子
2026-05-05,片山　サヨ子
2026-05-05,河村　操
2026-05-05,菊川　美枝子
2026-05-05,木村　延明
2026-05-05,ｸﾞｴﾝ･ﾁｰ・　ﾆｭﾝ
2026-05-05,NGUYEN　THI KIM HONG
2026-05-05,小林　光雄
2026-05-05,小山　仁一郎
2026-05-05,齋藤　節子
2026-05-05,須藤　志成幸
2026-05-05,關川　浩
2026-05-05,藤井　弘三
2026-05-05,古澤　利子
2026-05-05,古澤　裕子
2026-05-05,本木　初江
2026-05-05,渡邉　昭
2026-05-06,井開　重男
2026-05-06,石井　清子
2026-05-06,生形　宏
2026-05-06,大沢　正己
2026-05-06,尾内　則夫
2026-05-06,小野　利明
2026-05-06,倉林　晶子
2026-05-06,後藤　俊治
2026-05-06,小林　眞代
2026-05-06,小屋　知紀
2026-05-06,齋藤　アヤ
2026-05-06,齋藤　時子
2026-05-06,髙栁　テル子
2026-05-06,中島　喜作
2026-05-06,箱田　惠美子
2026-05-06,原　貴美子
2026-05-06,原嶋　キン
2026-05-06,兵藤　常男
2026-05-06,松村　君江
2026-05-06,宮田　初江
2026-05-06,村岡　洋一
2026-05-06,村上　榮
2026-05-06,森　洋美
2026-05-06,大和　米秋
2026-05-06,横堀　喜一
2026-05-06,吉田　雅志
2026-05-07,新井　常子
2026-05-07,五十嵐　和郎
2026-05-07,伊藤　恒夫
2026-05-07,小椋　正美
2026-05-07,小此木　智浩
2026-05-07,菊川　美枝子
2026-05-07,木村　延明
2026-05-07,ｸﾞｴﾝ･ﾁｰ・　ﾆｭﾝ
2026-05-07,NGUYEN　THI KIM HONG
2026-05-07,久保田　秀夫
2026-05-07,小山　仁一郎
2026-05-07,齋藤　節子
2026-05-07,櫻井　敬祐
2026-05-07,塩谷　彦衛
2026-05-07,關川　浩
2026-05-07,関口　守平
2026-05-07,德江　たか子
2026-05-07,等々力　克美
2026-05-07,根岸　ヨネ子
2026-05-07,原嶋　キン
2026-05-07,堀田　益男
2026-05-07,眞嶋　清子
2026-05-07,増田　佳代子
2026-05-07,森　泰江
2026-05-08,新井　幸子
2026-05-08,今村　春江
2026-05-08,大澤　博
2026-05-08,大島　良之
2026-05-08,大城　フリオ
2026-05-08,女屋　昭治
2026-05-08,小野　利明
2026-05-08,片山　サヨ子
2026-05-08,加藤　正
2026-05-08,金山　ツイ
2026-05-08,木暮　博行
2026-05-08,倉林　晶子
2026-05-08,小林　光雄
2026-05-08,小屋　知紀
2026-05-08,坂口　和巳
2026-05-08,清水　覚
2026-05-08,塚本　潔
2026-05-08,中島　葉子
2026-05-08,中野　るみ子
2026-05-08,南雲　勝代
2026-05-08,根岸　文作
2026-05-08,箱田　惠美子
2026-05-08,八田　里江
2026-05-08,藤井　弘三
2026-05-08,古澤　利子
2026-05-08,古澤　裕子
2026-05-08,松本　俊史
2026-05-08,横堀　喜一
2026-05-08,渡邉　昭
2026-05-09,新井　基雄
2026-05-09,石井　清子
2026-05-09,井上　光子
2026-05-09,生形　宏
2026-05-09,大沢　正己
2026-05-09,尾内　則夫
2026-05-09,小保方　三四子
2026-05-09,川端　道子
2026-05-09,木暮　博行
2026-05-09,後藤　俊治
2026-05-09,小林　眞代
2026-05-09,小林　光雄
2026-05-09,齋藤　アヤ
2026-05-09,齋藤　民江
2026-05-09,塩谷　武夫
2026-05-09,関口　守平
2026-05-09,髙栁　テル子
2026-05-09,中島　昭子
2026-05-09,堀田　益男
2026-05-09,眞嶋　清子
2026-05-09,松村　君江
2026-05-09,宮田　初江
2026-05-09,村岡　洋一
2026-05-09,本木　初江
2026-05-09,大和　米秋
2026-05-09,横澤　英子
2026-05-09,六本木　利彦
2026-05-11,新井　孝子
2026-05-11,新井　常子
2026-05-11,新井　基雄
2026-05-11,井開　重男
2026-05-11,石井　清子
2026-05-11,板垣　時代
2026-05-11,岩沼　百合子
2026-05-11,大澤　博
2026-05-11,大島　良之
2026-05-11,大城　フリオ
2026-05-11,小椋　正美
2026-05-11,加藤　正
2026-05-11,金山　ツイ
2026-05-11,久保田　秀夫
2026-05-11,小林　明子
2026-05-11,齋藤　民江
2026-05-11,齋藤　時子
2026-05-11,坂口　和巳
2026-05-11,髙栁　テル子
2026-05-11,中島　葉子
2026-05-11,中野　るみ子
2026-05-11,南雲　勝代
2026-05-11,根岸　ヨネ子
2026-05-11,箱田　惠美子
2026-05-11,八田　里江
2026-05-11,原　久榮
2026-05-11,兵藤　常男
2026-05-11,藤田　祐公
2026-05-11,堀田　益男
2026-05-11,松本　俊史
2026-05-11,森　泰江
2026-05-11,矢内　弘司
2026-05-12,五十嵐　和郎
2026-05-12,五十嵐　美知子
2026-05-12,今村　春江
2026-05-12,大嶋　好江
2026-05-12,女屋　昭治
2026-05-12,小保方　三四子
2026-05-12,片山　サヨ子
2026-05-12,川端　道子
2026-05-12,河村　操
2026-05-12,菊川　美枝子
2026-05-12,木村　延明
2026-05-12,ｸﾞｴﾝ･ﾁｰ・　ﾆｭﾝ
2026-05-12,NGUYEN　THI KIM HONG
2026-05-12,小林　光雄
2026-05-12,小山　仁一郎
2026-05-12,齋藤　節子
2026-05-12,清水　覚
2026-05-12,須藤　志成幸
2026-05-12,關川　浩
2026-05-12,藤井　弘三
2026-05-12,古澤　利子
2026-05-12,古澤　裕子
2026-05-12,本木　初江
2026-05-12,渡邉　昭
2026-05-13,井開　重男
2026-05-13,石井　清子
2026-05-13,石原　昌枝
2026-05-13,生形　宏
2026-05-13,大沢　正己
2026-05-13,尾内　則夫
2026-05-13,小野　利明
2026-05-13,倉林　晶子
2026-05-13,後藤　俊治
2026-05-13,小林　眞代
2026-05-13,齋藤　アヤ
2026-05-13,齋藤　時子
2026-05-13,髙栁　テル子
2026-05-13,中島　喜作
2026-05-13,中野　るみ子
2026-05-13,箱田　惠美子
2026-05-13,原嶋　キン
2026-05-13,松江　光子
2026-05-13,松村　君江
2026-05-13,宮田　初江
2026-05-13,村岡　洋一
2026-05-13,村上　榮
2026-05-13,森　洋美
2026-05-13,矢内　弘司
2026-05-13,大和　米秋
2026-05-13,横堀　喜一
2026-05-13,六本木　利彦
2026-05-14,新井　常子
2026-05-14,新井　基雄
2026-05-14,五十嵐　和郎
2026-05-14,池田　美紀
2026-05-14,伊藤　恒夫
2026-05-14,岩沼　百合子
2026-05-14,小椋　正美
2026-05-14,小此木　智浩
2026-05-14,河村　操
2026-05-14,菊川　美枝子
2026-05-14,木村　延明
2026-05-14,ｸﾞｴﾝ･ﾁｰ・　ﾆｭﾝ
2026-05-14,NGUYEN　THI KIM HONG
2026-05-14,久保田　秀夫
2026-05-14,小林　明子
2026-05-14,小山　仁一郎
2026-05-14,齋藤　節子
2026-05-14,櫻井　敬祐
2026-05-14,塩谷　彦衛
2026-05-14,關川　浩
2026-05-14,関口　守平
2026-05-14,德江　たか子
2026-05-14,根岸　ヨネ子
2026-05-14,原嶋　キン
2026-05-14,原　久榮
2026-05-14,星野　卓也
2026-05-14,堀田　益男
2026-05-14,眞嶋　清子
2026-05-14,増田　佳代子
2026-05-14,森　泰江
2026-05-14,横澤　英子
2026-05-15,石原　昌枝
2026-05-15,今村　春江
2026-05-15,岩沼　百合子
2026-05-15,大澤　博
2026-05-15,大島　良之
2026-05-15,大城　フリオ
2026-05-15,女屋　昭治
2026-05-15,小野　利明
2026-05-15,片山　サヨ子
2026-05-15,加藤　正
2026-05-15,金山　ツイ
2026-05-15,木暮　博行
2026-05-15,倉林　晶子
2026-05-15,小林　光雄
2026-05-15,坂口　和巳
2026-05-15,清水　覚
2026-05-15,塚本　潔
2026-05-15,中島　葉子
2026-05-15,中野　るみ子
2026-05-15,南雲　勝代
2026-05-15,根岸　文作
2026-05-15,箱田　惠美子
2026-05-15,八田　里江
2026-05-15,早川　隆
2026-05-15,藤井　弘三
2026-05-15,藤田　祐公
2026-05-15,古澤　利子
2026-05-15,古澤　裕子
2026-05-15,松江　光子
2026-05-15,松本　俊史
2026-05-15,横堀　喜一
2026-05-15,渡邉　昭
2026-05-16,新井　基雄
2026-05-16,五十嵐　美知子
2026-05-16,石井　清子
2026-05-16,井上　光子
2026-05-16,生形　宏
2026-05-16,大沢　正己
2026-05-16,奥原　孝子
2026-05-16,小此木　智浩
2026-05-16,尾内　則夫
2026-05-16,小保方　三四子
2026-05-16,川端　道子
2026-05-16,木暮　博行
2026-05-16,後藤　俊治
2026-05-16,小林　光雄
2026-05-16,齋藤　アヤ
2026-05-16,齋藤　民江
2026-05-16,塩谷　武夫
2026-05-16,關川　浩
2026-05-16,髙栁　テル子
2026-05-16,田村　タマ
2026-05-16,中島　昭子
2026-05-16,原　貴美子
2026-05-16,眞嶋　清子
2026-05-16,松村　君江
2026-05-16,宮田　初江
2026-05-16,村岡　洋一
2026-05-16,村上　榮
2026-05-16,大和　米秋
2026-05-16,六本木　利彦
2026-05-18,新井　常子
2026-05-18,井開　重男
2026-05-18,石井　清子
2026-05-18,岩沼　百合子
2026-05-18,大澤　博
2026-05-18,大島　良之
2026-05-18,大城　フリオ
2026-05-18,小椋　正美
2026-05-18,金山　ツイ
2026-05-18,久保田　秀夫
2026-05-18,小林　明子
2026-05-18,小屋　知紀
2026-05-18,齋藤　民江
2026-05-18,齋藤　時子
2026-05-18,坂口　和巳
2026-05-18,髙栁　テル子
2026-05-18,等々力　克美
2026-05-18,中島　葉子
2026-05-18,中野　るみ子
2026-05-18,南雲　勝代
2026-05-18,根岸　ヨネ子
2026-05-18,箱田　惠美子
2026-05-18,八田　里江
2026-05-18,原　久榮
2026-05-18,兵藤　常男
2026-05-18,深町　豊子
2026-05-18,藤田　祐公
2026-05-18,松本　俊史
2026-05-18,矢内　弘司
2026-05-19,新井　幸子
2026-05-19,新井　基雄
2026-05-19,五十嵐　和郎
2026-05-19,五十嵐　美知子
2026-05-19,今村　春江
2026-05-19,大嶋　好江
2026-05-19,女屋　昭治
2026-05-19,小保方　三四子
2026-05-19,片山　サヨ子
2026-05-19,金井　英明
2026-05-19,金井　豊
2026-05-19,川端　道子
2026-05-19,河村　操
2026-05-19,菊川　美枝子
2026-05-19,木村　延明
2026-05-19,ｸﾞｴﾝ･ﾁｰ・　ﾆｭﾝ
2026-05-19,NGUYEN　THI KIM HONG
2026-05-19,小山　仁一郎
2026-05-19,近藤　孝江
2026-05-19,齋藤　節子
2026-05-19,清水　覚
2026-05-19,須藤　志成幸
2026-05-19,關川　浩
2026-05-19,田村　タマ
2026-05-19,藤井　弘三
2026-05-19,古澤　利子
2026-05-19,古澤　裕子
2026-05-19,森　泰江
2026-05-19,渡邉　昭
2026-05-19,渡邉　孝夫
2026-05-20,井開　重男
2026-05-20,石井　清子
2026-05-20,石原　昌枝
2026-05-20,生形　宏
2026-05-20,尾内　則夫
2026-05-20,小野　利明
2026-05-20,倉林　晶子
2026-05-20,後藤　俊治
2026-05-20,小林　眞代
2026-05-20,小屋　知紀
2026-05-20,齋藤　アヤ
2026-05-20,齋藤　時子
2026-05-20,髙栁　テル子
2026-05-20,中島　喜作
2026-05-20,箱田　惠美子
2026-05-20,原嶋　キン
2026-05-20,深町　豊子
2026-05-20,松村　君江
2026-05-20,宮田　初江
2026-05-20,村岡　洋一
2026-05-20,村上　榮
2026-05-20,森　洋美
2026-05-20,矢内　弘司
2026-05-20,大和　米秋
2026-05-20,横堀　喜一
2026-05-20,六本木　利彦
2026-05-21,新井　常子
2026-05-21,新井　基雄
2026-05-21,五十嵐　和郎
2026-05-21,池田　美紀
2026-05-21,伊藤　恒夫
2026-05-21,岩沼　百合子
2026-05-21,小椋　正美
2026-05-21,小此木　智浩
2026-05-21,金井　豊
2026-05-21,菊川　美枝子
2026-05-21,木村　延明
2026-05-21,ｸﾞｴﾝ･ﾁｰ・　ﾆｭﾝ
2026-05-21,NGUYEN　THI KIM HONG
2026-05-21,久保田　秀夫
2026-05-21,小林　明子
2026-05-21,小山　仁一郎
2026-05-21,齋藤　節子
2026-05-21,櫻井　敬祐
2026-05-21,塩谷　彦衛
2026-05-21,關川　浩
2026-05-21,関口　守平
2026-05-21,德江　たか子
2026-05-21,等々力　克美
2026-05-21,原嶋　キン
2026-05-21,原　久榮
2026-05-21,深町　豊子
2026-05-21,眞嶋　清子
2026-05-21,森　泰江
2026-05-21,横澤　英子
2026-05-22,新井　幸子
2026-05-22,石原　昌枝
2026-05-22,今村　春江
2026-05-22,岩沼　百合子
2026-05-22,大澤　博
2026-05-22,大城　フリオ
2026-05-22,女屋　昭治
2026-05-22,小野　利明
2026-05-22,片山　サヨ子
2026-05-22,加藤　正
2026-05-22,金山　ツイ
2026-05-22,木暮　博行
2026-05-22,倉林　晶子
2026-05-22,小林　光雄
2026-05-22,小屋　知紀
2026-05-22,坂口　和巳
2026-05-22,清水　覚
2026-05-22,關川　浩
2026-05-22,塚本　潔
2026-05-22,中島　葉子
2026-05-22,箱田　惠美子
2026-05-22,八田　里江
2026-05-22,早川　隆
2026-05-22,藤井　弘三
2026-05-22,藤田　祐公
2026-05-22,古澤　利子
2026-05-22,古澤　裕子
2026-05-22,松本　俊史
2026-05-22,横堀　喜一
2026-05-22,渡邉　昭
2026-05-22,渡邉　孝夫
2026-05-23,新井　基雄
2026-05-23,五十嵐　美知子
2026-05-23,池田　美紀
2026-05-23,石井　清子
2026-05-23,井上　光子
2026-05-23,生形　宏
2026-05-23,大沢　正己
2026-05-23,奥原　孝子
2026-05-23,尾内　則夫
2026-05-23,小保方　三四子
2026-05-23,金井　英明
2026-05-23,川端　道子
2026-05-23,木暮　博行
2026-05-23,後藤　俊治
2026-05-23,小林　眞代
2026-05-23,小林　光雄
2026-05-23,齋藤　アヤ
2026-05-23,髙橋　歳一
2026-05-23,髙栁　テル子
2026-05-23,田村　タマ
2026-05-23,原　貴美子
2026-05-23,堀田　益男
2026-05-23,眞嶋　清子
2026-05-23,松村　君江
2026-05-23,宮田　初江
2026-05-23,村岡　洋一
2026-05-23,村上　榮
2026-05-23,本木　初江
2026-05-23,大和　米秋
2026-05-23,横澤　英子
2026-05-23,六本木　利彦
2026-05-25,新井　孝子
2026-05-25,新井　常子
2026-05-25,井開　重男
2026-05-25,石井　清子
2026-05-25,板垣　時代
2026-05-25,岩沼　百合子
2026-05-25,大澤　博
2026-05-25,大島　良之
2026-05-25,大城　フリオ
2026-05-25,小椋　正美
2026-05-25,加藤　正
2026-05-25,金山　ツイ
2026-05-25,久保田　秀夫
2026-05-25,小林　明子
2026-05-25,小屋　知紀
2026-05-25,齋藤　民江
2026-05-25,齋藤　時子
2026-05-25,坂口　和巳
2026-05-25,髙栁　テル子
2026-05-25,等々力　克美
2026-05-25,中島　葉子
2026-05-25,南雲　勝代
2026-05-25,根岸　ヨネ子
2026-05-25,箱田　惠美子
2026-05-25,八田　里江
2026-05-25,原　久榮
2026-05-25,兵藤　常男
2026-05-25,藤田　祐公
2026-05-25,堀田　益男
2026-05-25,松本　俊史
2026-05-25,森　泰江
2026-05-25,矢内　弘司
2026-05-26,新井　幸子
2026-05-26,新井　基雄
2026-05-26,五十嵐　和郎
2026-05-26,五十嵐　美知子
2026-05-26,今村　春江
2026-05-26,大嶋　好江
2026-05-26,女屋　昭治
2026-05-26,小保方　三四子
2026-05-26,片山　サヨ子
2026-05-26,金井　英明
2026-05-26,金井　豊
2026-05-26,川端　道子
2026-05-26,河村　操
2026-05-26,菊川　美枝子
2026-05-26,木村　延明
2026-05-26,ｸﾞｴﾝ･ﾁｰ・　ﾆｭﾝ
2026-05-26,NGUYEN　THI KIM HONG
2026-05-26,小林　光雄
2026-05-26,小山　仁一郎
2026-05-26,近藤　孝江
2026-05-26,齋藤　節子
2026-05-26,清水　覚
2026-05-26,須藤　志成幸
2026-05-26,關川　浩
2026-05-26,髙橋　歳一
2026-05-26,田村　タマ
2026-05-26,早川　隆
2026-05-26,藤井　弘三
2026-05-26,古澤　利子
2026-05-26,古澤　裕子
2026-05-26,本木　初江
2026-05-26,渡邉　昭
2026-05-27,井開　重男
2026-05-27,石井　清子
2026-05-27,石原　昌枝
2026-05-27,生形　宏
2026-05-27,大沢　正己
2026-05-27,尾内　則夫
2026-05-27,小野　利明
2026-05-27,倉林　晶子
2026-05-27,後藤　俊治
2026-05-27,小林　眞代
2026-05-27,齋藤　アヤ
2026-05-27,齋藤　時子
2026-05-27,髙栁　テル子
2026-05-27,中島　喜作
2026-05-27,箱田　惠美子
2026-05-27,原　貴美子
2026-05-27,原嶋　キン
2026-05-27,兵藤　常男
2026-05-27,松江　光子
2026-05-27,松村　君江
2026-05-27,宮田　初江
2026-05-27,村岡　洋一
2026-05-27,村上　榮
2026-05-27,矢内　弘司
2026-05-27,横堀　喜一
2026-05-28,新井　常子
2026-05-28,新井　基雄
2026-05-28,五十嵐　和郎
2026-05-28,伊藤　恒夫
2026-05-28,小椋　正美
2026-05-28,小此木　智浩
2026-05-28,金井　豊
2026-05-28,河村　操
2026-05-28,菊川　美枝子
2026-05-28,ｸﾞｴﾝ･ﾁｰ・　ﾆｭﾝ
2026-05-28,NGUYEN　THI KIM HONG
2026-05-28,久保田　秀夫
2026-05-28,小林　明子
2026-05-28,小山　仁一郎
2026-05-28,齋藤　節子
2026-05-28,櫻井　敬祐
2026-05-28,塩谷　彦衛
2026-05-28,關川　浩
2026-05-28,関口　守平
2026-05-28,立澤　卓也
2026-05-28,德江　たか子
2026-05-28,等々力　克美
2026-05-28,根岸　ヨネ子
2026-05-28,原嶋　キン
2026-05-28,原　久榮
2026-05-28,星野　卓也
2026-05-28,堀田　益男
2026-05-28,眞嶋　清子
2026-05-28,増田　佳代子
2026-05-28,森　泰江
2026-05-28,横澤　英子
2026-05-29,新井　幸子
2026-05-29,石原　昌枝
2026-05-29,今村　春江
2026-05-29,大島　良之
2026-05-29,大城　フリオ
2026-05-29,女屋　昭治
2026-05-29,小野　利明
2026-05-29,片山　サヨ子
2026-05-29,加藤　正
2026-05-29,金山　ツイ
2026-05-29,木暮　博行
2026-05-29,倉林　晶子
2026-05-29,小林　光雄
2026-05-29,小屋　知紀
2026-05-29,坂口　和巳
2026-05-29,清水　覚
2026-05-29,塚本　潔
2026-05-29,中島　葉子
2026-05-29,南雲　勝代
2026-05-29,根岸　文作
2026-05-29,箱田　惠美子
2026-05-29,八田　里江
2026-05-29,藤井　弘三
2026-05-29,藤田　祐公
2026-05-29,古澤　利子
2026-05-29,古澤　裕子
2026-05-29,松江　光子
2026-05-29,松本　俊史
2026-05-29,横堀　喜一
2026-05-29,渡邉　昭
2026-05-29,渡邉　孝夫
2026-05-30,新井　基雄
2026-05-30,五十嵐　美知子
2026-05-30,池田　美紀
2026-05-30,石井　清子
2026-05-30,井上　光子
2026-05-30,生形　宏
2026-05-30,大澤　博
2026-05-30,大沢　正己
2026-05-30,奥原　孝子
2026-05-30,小此木　智浩
2026-05-30,尾内　則夫
2026-05-30,小保方　三四子
2026-05-30,金井　英明
2026-05-30,川端　道子
2026-05-30,木暮　博行
2026-05-30,後藤　俊治
2026-05-30,小林　眞代
2026-05-30,小林　光雄
2026-05-30,齋藤　アヤ
2026-05-30,齋藤　民江
2026-05-30,塩谷　武夫
2026-05-30,髙橋　歳一
2026-05-30,髙栁　テル子
2026-05-30,堀田　益男
2026-05-30,眞嶋　清子
2026-05-30,松村　君江
2026-05-30,宮田　初江
2026-05-30,村岡　洋一
2026-05-30,村上　榮
2026-05-30,本木　初江
2026-05-30,大和　米秋
2026-05-30,六本木　利彦
2026-06-01,新井　孝子
2026-06-01,新井　常子
2026-06-01,井開　重男
2026-06-01,石井　清子
2026-06-01,板垣　時代
2026-06-01,大澤　博
2026-06-01,大島　良之
2026-06-01,大城　フリオ
2026-06-01,小椋　正美
2026-06-01,加藤　正
2026-06-01,久保田　秀夫
2026-06-01,小林　明子
2026-06-01,小屋　知紀
2026-06-01,齋藤　民江
2026-06-01,齋藤　時子
2026-06-01,髙栁　テル子
2026-06-01,等々力　克美
2026-06-01,中島　葉子
2026-06-01,南雲　勝代
2026-06-01,箱田　惠美子
2026-06-01,八田　里江
2026-06-01,原　久榮
2026-06-01,兵藤　常男
2026-06-01,藤田　祐公
2026-06-01,堀田　益男
2026-06-01,松本　俊史
2026-06-01,森　泰江
2026-06-01,矢内　弘司
2026-06-03,井開　重男
2026-06-03,石井　清子
2026-06-03,石原　昌枝
2026-06-03,生形　宏
2026-06-03,尾内　則夫
2026-06-03,小野　利明
2026-06-03,倉林　晶子
2026-06-03,後藤　俊治
2026-06-03,小屋　知紀
2026-06-03,齋藤　アヤ
2026-06-03,齋藤　時子
2026-06-03,髙栁　テル子
2026-06-03,中島　喜作
2026-06-03,箱田　惠美子
2026-06-03,橋本　正子
2026-06-03,原嶋　キン
2026-06-03,兵藤　常男
2026-06-03,松村　君江
2026-06-03,宮田　初江
2026-06-03,村岡　洋一
2026-06-03,森　洋美
2026-06-03,矢内　弘司
2026-06-03,大和　米秋
2026-06-04,新井　常子
2026-06-04,新井　基雄
2026-06-04,五十嵐　和郎
2026-06-04,池田　美紀
2026-06-04,伊藤　恒夫
2026-06-04,小椋　正美
2026-06-04,小此木　智浩
2026-06-04,金井　豊
2026-06-04,河村　操
2026-06-04,菊川　美枝子
2026-06-04,木村　延明
2026-06-04,ｸﾞｴﾝ･ﾁｰ・　ﾆｭﾝ
2026-06-04,NGUYEN　THI KIM HONG
2026-06-04,久保田　秀夫
2026-06-04,小林　明子
2026-06-04,小林　眞代
2026-06-04,小山　仁一郎
2026-06-04,齋藤　節子
2026-06-04,櫻井　敬祐
2026-06-04,塩谷　彦衛
2026-06-04,關川　浩
2026-06-04,関口　守平
2026-06-04,德江　たか子
2026-06-04,根岸　ヨネ子
2026-06-04,原嶋　キン
2026-06-04,原　久榮
2026-06-04,星野　卓也
2026-06-04,堀田　益男
2026-06-04,眞嶋　清子
2026-06-04,森　泰江
2026-06-04,横澤　英子
2026-06-05,新井　幸子
2026-06-05,石原　昌枝
2026-06-05,今村　春江
2026-06-05,大澤　博
2026-06-05,大島　良之
2026-06-05,女屋　昭治
2026-06-05,小野　利明
2026-06-05,片山　サヨ子
2026-06-05,加藤　正
2026-06-05,金山　ツイ
2026-06-05,木暮　博行
2026-06-05,倉林　晶子
2026-06-05,小林　光雄
2026-06-05,小屋　知紀
2026-06-05,坂口　和巳
2026-06-05,清水　覚
2026-06-05,塚本　潔
2026-06-05,南雲　勝代
2026-06-05,箱田　惠美子
2026-06-05,八田　里江
2026-06-05,早川　隆
2026-06-05,藤井　弘三
2026-06-05,藤田　祐公
2026-06-05,古澤　利子
2026-06-05,古澤　裕子
2026-06-05,横堀　喜一
2026-06-05,渡邉　昭
2026-06-06,新井　基雄
2026-06-06,五十嵐　美知子
2026-06-06,石井　清子
2026-06-06,井上　光子
2026-06-06,生形　宏
2026-06-06,奥原　孝子
2026-06-06,小此木　智浩
2026-06-06,尾内　則夫
2026-06-06,小保方　三四子
2026-06-06,金井　英明
2026-06-06,川端　道子
2026-06-06,木暮　博行
2026-06-06,後藤　俊治
2026-06-06,小林　眞代
2026-06-06,小林　光雄
2026-06-06,齋藤　アヤ
2026-06-06,齋藤　民江
2026-06-06,塩谷　武夫
2026-06-06,髙橋　歳一
2026-06-06,髙栁　テル子
2026-06-06,中島　昭子
2026-06-06,橋本　正子
2026-06-06,堀田　益男
2026-06-06,眞嶋　清子
2026-06-06,宮田　初江
2026-06-06,村岡　洋一
2026-06-06,本木　初江
2026-06-06,大和　米秋
2026-06-06,横澤　英子
2026-06-06,六本木　利彦
2026-06-08,新井　孝子
2026-06-08,井開　重男
2026-06-08,石井　清子
2026-06-08,板垣　時代
2026-06-08,大澤　博
2026-06-08,大島　良之
2026-06-08,大城　フリオ
2026-06-08,小椋　正美
2026-06-08,加藤　正
2026-06-08,金山　ツイ
2026-06-08,久保田　秀夫
2026-06-08,小林　明子
2026-06-08,小屋　知紀
2026-06-08,齋藤　民江
2026-06-08,齋藤　時子
2026-06-08,坂口　和巳
2026-06-08,髙栁　テル子
2026-06-08,等々力　克美
2026-06-08,中島　喜作
2026-06-08,中島　葉子
2026-06-08,南雲　勝代
2026-06-08,根岸　ヨネ子
2026-06-08,箱田　惠美子
2026-06-08,八田　里江
2026-06-08,原　久榮
2026-06-08,藤田　祐公
2026-06-08,堀田　益男
2026-06-08,森　泰江
2026-06-08,大和　米秋
